object_id,ra,dec,flux_detection_total,point_like_prob
-664323152468991053,66.43231524,-46.89910536,4.919032574,0.0002831617021
-664157093469586222,66.41570934,-46.95862229,7.1188941,2.962962355e-07
-664125597468810488,66.41255977,-46.88104890,8.383742332,0.0001107779681
-664112707468867910,66.41127071,-46.88679103,4.002325535,0.002640648978
-664048347468963047,66.40483471,-46.89630472,6.828440189,0.0001013979418
-663919741469213747,66.39197415,-46.92137479,3.819122791,0.000470260944
-663906356469390372,66.39063566,-46.93903720,4.821298122,0.0002575679973
-663857397469227791,66.38573978,-46.92277915,4.35234642,0.0008848314756
-663794480468955753,66.37944801,-46.89557535,11.39549065,0.001639522146
-663677202469483800,66.36772029,-46.94838000,4.68249321,0.005572048016
-663664232469311639,66.36642322,-46.93116393,10.05651093,2.15295513e-05
-663651736469183368,66.36517360,-46.91833687,4.119364738,0.0006204323727
-663539232469156520,66.35392325,-46.91565201,5.259224415,0.001854503644
-663353397468845917,66.33533974,-46.88459175,9.487206459,0.002182388213
-663352016469122648,66.33520167,-46.91226480,6.360555172,0.002839019522
-663269023469461314,66.32690237,-46.94613149,5.137487411,0.0007341703167
-663215416468841558,66.32154163,-46.88415587,5.202509403,0.0002071756608
-663157284469466046,66.31572844,-46.94660465,11.03666019,0.001038285322
-663157113469409952,66.31571137,-46.94099522,9.640616417,0.0008648381918
-663076579469190978,66.30765799,-46.91909786,32.00549698,0
-659268970469907438,65.92689705,-46.99074387,10.56056309,0.001731999917
-659258208469786563,65.92582088,-46.97865633,10.21771431,0.0001887844264
-659230834470571629,65.92308347,-47.05716299,5.795090675,0.001597780967
-659207375470167295,65.92073756,-47.01672950,4.503288269,0.0005668704398
-659126535469745726,65.91265357,-46.97457263,6.625052929,1.080014317e-05
-659098595469662983,65.90985956,-46.96629832,4.264719009,3.398487752e-05
-659026485470269884,65.90264857,-47.02698844,7.942612171,0.003193768673
-659026315470023818,65.90263155,-47.00238186,4.975317478,0.0005941771669
-659014722470467025,65.90147224,-47.04670259,22.75881577,0
-658948514470174849,65.89485144,-47.01748497,39.30090332,0
-658935742470039494,65.89357427,-47.00394941,6.000828743,2.671602124e-05
-658751436470264371,65.87514368,-47.02643713,27.26742363,1.761753243e-10
-658728730470302964,65.87287302,-47.03029648,4.674077988,0.0004216945672
-658666088469819263,65.86660887,-46.98192636,20.74468803,0
-658650071469824830,65.86500720,-46.98248304,5.160822392,0.0006328665186
-658643621469988498,65.86436215,-46.99884981,4.075339317,0.0003020771837
-658508334470112651,65.85083346,-47.01126516,7.628124714,0.0002107203036
-658408758470163038,65.84087586,-47.01630380,5.883752823,2.931471317e-05
-658342519470067953,65.83425191,-47.00679531,4.906727314,0.0004267582262
-658296316469965858,65.82963164,-46.99658589,28.80850029,0
-656364071466568704,65.63640717,-46.65687046,20.18462944,5.379803894e-11
-656338180466559103,65.63381805,-46.65591033,51.75582123,0
-656196768466344982,65.61967685,-46.63449823,3.912974119,0.003074683016
-656095286466608141,65.60952866,-46.66081417,6.724444389,0.009153800085
-656032696466714944,65.60326963,-46.67149448,9.429143906,0.0003346801386
-655944536466387098,65.59445366,-46.63870982,21.23418617,0.008414483629
-655859187466857454,65.58591872,-46.68574546,4.810906887,0.0007244458538
-655787791466939639,65.57877916,-46.69396391,10.50590229,0.0009124549688
-655787027466874419,65.57870279,-46.68744192,24.48062706,2.403157123e-05
-655774619466864658,65.57746195,-46.68646581,4.891038418,0.0003172349825
-655739253466525712,65.57392532,-46.65257130,53.62314224,1.785535275e-08
-655615028466960588,65.56150287,-46.69605886,42.37622452,0
-655585181466284687,65.55851813,-46.62846872,6.206691265,0.0001886528917
-655542850466566063,65.55428500,-46.65660640,14.65156174,4.619946412e-05
-655524116466234800,65.55241162,-46.62348006,7.896708488,5.448031516e-06
-655484181466683687,65.54841816,-46.66836880,8.539171219,0.0002168583887
-655470714466694395,65.54707141,-46.66943957,55.70430756,3.666017889e-08
-655207332466898555,65.52073324,-46.68985556,20.54693031,0
-655143941466942188,65.51439412,-46.69421882,4.729310036,0.002015607664
-654984959466731819,65.49849592,-46.67318191,4.139029026,0.002476992086
-653733551481471517,65.37335520,-48.14715177,4.249866486,0.002014937811
-653715897481987352,65.37158978,-48.19873525,19.55718803,3.795333396e-05
-653704059481851519,65.37040598,-48.18515198,44.53477478,0
-653626199481923017,65.36262000,-48.19230172,3.816632748,0.0002792291052
-653615496481532565,65.36154967,-48.15325659,7.467580795,0.193716839
-653404099481348774,65.34040992,-48.13487747,4.645355701,0.001747617032
-653341606481711774,65.33416062,-48.17117744,13.70216465,1.09017119e-05
-653211398481326323,65.32113987,-48.13263239,9.600445747,0.0008489536121
-653152357482174845,65.31523574,-48.21748451,7.654611588,0.0008225532947
-653120206481355098,65.31202069,-48.13550984,6.598324776,7.332257155e-06
-653100723481434495,65.31007238,-48.14344952,7.287988663,0.0002248679521
-653071882481536622,65.30718827,-48.15366229,7.85085535,0.0001050388892
-653060342482062203,65.30603424,-48.20622039,4.337032795,0.002191392705
-652983128481981360,65.29831284,-48.19813606,15.78828621,2.197380809e-06
-652961509481617551,65.29615100,-48.16175519,3.973955631,0.002274420578
-652940280481439027,65.29402808,-48.14390277,4.637721539,0.001884229365
-652905209481406633,65.29052097,-48.14066337,4.721237659,0.003831828944
-652838584481438449,65.28385848,-48.14384496,13.61885548,8.764895028e-05
-652826577482058309,65.28265776,-48.20583092,3.775149822,0.0006496080314
-652825232481860376,65.28252321,-48.18603761,16.83099556,2.627287898e-08
-650112950471213101,65.01129509,-47.12131012,13.20681953,0.001088908641
-649932960479154098,64.99329601,-47.91540987,4.129096508,0.002694659634
-649908190479375971,64.99081909,-47.93759719,17.49753571,8.32435835e-05
-649893058470973531,64.98930588,-47.09735318,6.502047539,0.000930307142
-649795666471301361,64.97956661,-47.13013612,12.06020832,0.001265368424
-649783278479566458,64.97832783,-47.95664580,12.35503387,0.001659396803
-649766476479006487,64.97664767,-47.90064876,8.348325729,0.0002822634124
-649712721471166380,64.97127214,-47.11663810,20.40507698,0
-649623440471558048,64.96234404,-47.15580482,56.25946426,0
-649607061471631395,64.96070612,-47.16313953,6.814145565,0.001319379895
-649574464478964642,64.95744640,-47.89646426,44.64336777,0
-649565553479121883,64.95655536,-47.91218840,4.081857681,0.002074663062
-649546865479580774,64.95468650,-47.95807746,66.35683441,0
-649530256471026680,64.95302568,-47.10266804,15.30807972,3.86178499e-06
-649519028471539118,64.95190285,-47.15391188,3.996592045,0.001973964274
-649497535471348981,64.94975359,-47.13489819,7.69818449,0.0009115485009
-649484913479057462,64.94849130,-47.90574621,7.149982452,2.467804279e-06
-649483236471383711,64.94832364,-47.13837112,6.977219105,0.00117217761
-649478621471141010,64.94786214,-47.11410101,5.395393372,0.001200764906
-649424712471376619,64.94247124,-47.13766191,5.834518433,0.0004914080491
-649279841470860176,64.92798419,-47.08601764,15.43668556,6.52759536e-06
-649270099471772194,64.92700992,-47.17721946,11.32389832,6.626983691e-07
-649246799471107491,64.92467999,-47.11074916,4.608214855,0.001032771193
-649208435471040775,64.92084351,-47.10407755,5.569017887,1.614049097e-06
-649138808471457739,64.91388087,-47.14577392,6.818473339,0.001239050413
-649095284471076938,64.90952844,-47.10769380,3.721966982,0.002249523764
-649088903479533031,64.90889036,-47.95330312,4.098896027,0.001998267137
-649026886479335106,64.90268865,-47.93351066,6.343197823,0.0001362588373
-648984625479305620,64.89846258,-47.93056200,5.495362282,0.001010794891
-648952061479526063,64.89520611,-47.95260636,3.659266949,0.003919782583
-648949907470981988,64.89499076,-47.09819884,4.084185123,0.003431070829
-648943970479271864,64.89439708,-47.92718649,4.019887924,0.001036741887
-648934731471085247,64.89347316,-47.10852473,12.86822701,0.0002845468116
-648916848479061465,64.89168490,-47.90614658,6.981676579,0.0002037783124
-648915560479292112,64.89155602,-47.92921124,67.43431854,0
-648817555479430370,64.88175560,-47.94303710,8.548773766,0.001136577222
-648803654479036810,64.88036546,-47.90368101,3.980485916,0.0005170304794
-648740314479428564,64.87403147,-47.94285641,6.021698475,0.001991243334
-648695534479309501,64.86955347,-47.93095020,6.413346767,0.0129368268
-648666745479274761,64.86667452,-47.92747611,4.437736034,0.002499448601
-645977550473992357,64.59775501,-47.39923575,9.199689865,0.0004012309655
-645691095474078193,64.56910958,-47.40781931,6.965067387,5.24395773e-06
-645660786474268189,64.56607868,-47.42681893,13.15642071,7.660817937e-05
-645583822474013940,64.55838225,-47.40139404,5.80588007,0.01465148572
-645561313474469873,64.55613140,-47.44698740,8.395967484,0.0004955425975
-645542435473774016,64.55424352,-47.37740169,5.296600342,0.0002358503843
-645532240474282968,64.55322400,-47.42829684,19.23725319,2.594435682e-05
-645466566474388252,64.54665668,-47.43882526,15.17994499,2.756347328e-07
-645407973473661965,64.54079734,-47.36619656,3.836350918,0.002388386754
-645324690473857169,64.53246901,-47.38571694,9.741705894,0.0003605007951
-645222605474278759,64.52226053,-47.42787595,4.793140411,1.730720328e-06
-645037174474058478,64.50371744,-47.40584783,10.66631508,0.001351584098
-644961893473957724,64.49618936,-47.39577245,4.349965572,0.0001648285834
-644955746473869955,64.49557467,-47.38699559,11.58884907,0.001094275154
-644936903473837510,64.49369038,-47.38375100,13.76838207,4.043903755e-05
-644929055473835951,64.49290555,-47.38359512,18.80281639,0
-644918221474356997,64.49182210,-47.43569977,6.491107464,0.001685286756
-644817456474215674,64.48174565,-47.42156742,5.424672604,0.001184252906
-644777914473834761,64.47779146,-47.38347615,7.466945648,0.0002257934393
-644740255474393614,64.47402558,-47.43936142,12.25268459,7.014384755e-05
-642825941472967458,64.28259416,-47.29674588,7.029638767,0.0004667091998
-642814438473207305,64.28144381,-47.32073051,7.958061695,0.001196007011
-642766015473231124,64.27660152,-47.32311244,5.901328087,0.002427796135
-642607939472707556,64.26079393,-47.27075564,65.70159149,0
-642561742473420112,64.25617420,-47.34201128,3.806235552,0.0116543984
-642491814473399974,64.24918143,-47.33999749,3.86099124,0.0006227804115
-642479778473219301,64.24797783,-47.32193016,3.775836945,0.001736798207
-642469001473085469,64.24690015,-47.30854694,9.607447624,0.0008232223336
-642450696472598704,64.24506964,-47.25987042,9.529912949,9.166322707e-05
-642358827473230500,64.23588271,-47.32305010,3.947214603,0.0003407498298
-642337586473258918,64.23375865,-47.32589181,8.763843536,0.0001642722636
-642251042472829620,64.22510428,-47.28296207,10.03353214,0.0005021267571
-642187026473229686,64.21870267,-47.32296866,7.302286148,0.0001137196668
-642175366472650586,64.21753666,-47.26505863,3.724935055,0.001794116921
-642093963472935051,64.20939633,-47.29350512,61.87205124,0
-641973828473293704,64.19738282,-47.32937049,77.46907806,0
-641890343472904196,64.18903440,-47.29041965,7.381941319,0.005498205777
-641854588472655563,64.18545890,-47.26555633,14.65683079,3.166562965e-05
-641819465473336639,64.18194659,-47.33366394,10.9546957,0.000723642821
-641752799472814648,64.17527993,-47.28146489,7.515776157,0.001085751341
-641637481462103482,64.16374811,-46.21034826,136.5451813,0
-641596089462064207,64.15960896,-46.20642079,7.45735836,0.0002547469048
-641511816462184294,64.15118168,-46.21842944,8.239470482,0.0003561494232
-641484689461828598,64.14846900,-46.18285986,8.08466053,0.0003919076698
-641405880461999186,64.14058804,-46.19991870,4.971574306,0.0009437549743
-641405177462180150,64.14051777,-46.21801501,3.673994541,0.00665090885
-641358452462126646,64.13584525,-46.21266467,5.967228413,0.0002098913537
-641249569462238362,64.12495692,-46.22383625,10.23532963,0.0003843533341
-641150576461986132,64.11505763,-46.19861329,4.127708435,0.0004789220693
-641131412461597286,64.11314130,-46.15972865,26.17625809,2.925266696e-09
-641090875462277105,64.10908759,-46.22771057,155.9435577,0
-641049450461997794,64.10494509,-46.19977943,7.174723625,0
-641048047462203384,64.10480479,-46.22033846,11.62258911,0.002399367746
-640815010462148967,64.08150105,-46.21489679,28.37207794,6.727966593e-07
-640723600462503687,64.07236009,-46.25036871,5.094225407,0.0001736022823
-640708200461724506,64.07082008,-46.17245070,26.23565102,7.685839591e-06
-640634981462313837,64.06349819,-46.23138372,4.188860416,0.002493202919
-640567254462084566,64.05672550,-46.20845667,51.8576889,0
-640528979492451153,64.05289792,-49.24511538,3.847449064,0.0003590440319
-640509878492207771,64.05098785,-49.22077710,3.909672499,6.63085666e-05
-640461678492612440,64.04616789,-49.26124408,18.23824883,0
-640433630462410001,64.04336306,-46.24100016,4.692724705,0.0008493316127
-640345627491946881,64.03456277,-49.19468816,4.363966465,0.000139289652
-640303529462109399,64.03035299,-46.21093996,6.809664726,0.0003507288056
-640293496492192465,64.02934969,-49.21924659,6.897405624,3.965785436e-05
-640255364492381491,64.02553649,-49.23814920,3.964465857,0.0006995935109
-640150871492477287,64.01508720,-49.24772879,8.02011013,0.0003043925099
-640113483491896997,64.01134837,-49.18969974,53.41635895,9.211921679e-06
-640109462492239619,64.01094625,-49.22396195,14.68846226,2.123703962e-05
-640087747499097924,64.00877473,-49.90979247,5.476161003,0.0001266542095
-640070932492138991,64.00709322,-49.21389910,15.86785603,3.474563925e-07
-640061420491908072,64.00614210,-49.19080723,3.95409894,0.002855880419
-639957169492245008,63.99571694,-49.22450083,4.045019627,0.001771309529
-639934530491967907,63.99345307,-49.19679076,4.209927559,0.009358515032
-639891886499437480,63.98918866,-49.94374805,23.93613434,0
-639784931499500838,63.97849311,-49.95008384,8.148788452,0.0002763083321
-639766806499166483,63.97668064,-49.91664839,10.14935207,0.0002792731102
-639756425492718176,63.97564257,-49.27181764,4.758841991,9.170189878e-05
-639739617492515154,63.97396176,-49.25151540,3.863954067,1.48368963e-05
-639738442499186560,63.97384429,-49.91865603,4.166836262,0.000640233804
-639719841498736282,63.97198417,-49.87362823,9.323571205,0.0001674676896
-639703074499542432,63.97030749,-49.95424322,11.45540047,0.0003350767365
-639656675499504269,63.96566753,-49.95042697,5.504683495,0.0001579322707
-639620308492801757,63.96203083,-49.28017575,8.959413528,0.0002847704745
-639584666498768083,63.95846662,-49.87680831,18.87485123,0
-639538987492522261,63.95389880,-49.25222612,16.4122963,0.002353762276
-639503330499050219,63.95033303,-49.90502196,4.244720459,0.002384037944
-639472134498719170,63.94721344,-49.87191707,4.316337109,0.0009170037229
-639457998471828875,63.94579984,-47.18288756,5.152601242,0.000411515095
-639439153498927866,63.94391532,-49.89278666,8.927674294,0.0005809947033
-639432719471502155,63.94327195,-47.15021555,4.125035763,0.002086642431
-639423968492175510,63.94239687,-49.21755100,6.024537086,5.228553346e-05
-639386411498738823,63.93864112,-49.87388235,10.1306181,0.000431943743
-639286274499494176,63.92862749,-49.94941767,5.742613792,0.0009988681413
-639274871471656610,63.92748717,-47.16566103,70.26430511,0
-639207188471854603,63.92071880,-47.18546035,18.22373199,0.0006151106791
-639199799492503557,63.91997994,-49.25035573,13.5607748,0.0001567900908
-639186578499129909,63.91865782,-49.91299092,4.89754343,0.000445204234
-639180914499613035,63.91809149,-49.96130358,8.092880249,0
-639171943498733768,63.91719438,-49.87337684,47.17617035,0
-639141076492372513,63.91410769,-49.23725139,5.737977505,0.0005622060271
-639048727498795801,63.90487280,-49.87958016,5.215805054,0.0007382189506
-639030177471517597,63.90301778,-47.15175973,16.84029388,1.245113799e-05
-638966173463947916,63.89661731,-46.39479170,4.860076904,0.001691050245
-638939539463361910,63.89395397,-46.33619104,18.56991768,0
-638901648471366834,63.89016480,-47.13668343,27.63444328,1.023892366e-07
-638887671471966450,63.88876714,-47.19664507,5.096195698,5.162110938e-06
-638870170498837551,63.88701702,-49.88375517,6.526988983,0.0008615798433
-638780506472021769,63.87805065,-47.20217699,11.18510246,0.003206331981
-638740894463848073,63.87408950,-46.38480736,6.029613495,0.0002250058023
-638738771463858563,63.87387716,-46.38585637,10.57811069,0.0001827009983
-638733801471612701,63.87338017,-47.16127018,17.40618515,0.00048470404
-638673269472134281,63.86732692,-47.21342814,8.84256649,0.0005707145319
-638668763463944300,63.86687633,-46.39443005,12.68130207,0.001293729991
-638662865471716331,63.86628660,-47.17163312,3.945569754,0.002909862902
-638660396471882823,63.86603968,-47.18828234,9.963109016,0.001037036884
-638650010464133178,63.86500109,-46.41331781,8.691947937,0.0001053679662
-638643081499213966,63.86430816,-49.92139662,3.954582214,0.001233611838
-638586207471667734,63.85862079,-47.16677346,7.360466003,0.0009134790162
-638558805472023195,63.85588059,-47.20231951,5.769639492,0.0007365842466
-638544154463706271,63.85441545,-46.37062714,5.426189423,0.0001097563145
-638510542463667681,63.85105424,-46.36676812,11.65762711,0.0006997704622
-638507539463820494,63.85075392,-46.38204949,8.390346527,0.0001477560872
-638500707472040922,63.85007074,-47.20409224,4.653012753,0.0008658066508
-638497385471469822,63.84973854,-47.14698226,6.676295757,0.0008091002237
-638493517464140784,63.84935173,-46.41407848,52.97564697,0
-638459051463754775,63.84590519,-46.37547758,5.433971405,0.0008163910243
-638414663463815468,63.84146634,-46.38154683,9.677757263,0.0005190900993
-638410489471590770,63.84104892,-47.15907706,4.634530067,0.000682635291
-638403991463790306,63.84039916,-46.37903062,5.261183739,0.000289199932
-638388638471754394,63.83886383,-47.17543940,48.48579788,0
-638342356471768562,63.83423568,-47.17685626,4.412594795,0.002204413526
-638272225471814786,63.82722259,-47.18147864,4.100011349,4.498425187e-05
-638245275464126717,63.82452754,-46.41267174,4.730615616,0.001828406006
-638073686463578686,63.80736864,-46.35786865,5.476026058,2.465587158e-06
-638031482463513650,63.80314821,-46.35136503,15.73472691,3.572525884e-06
-637977642463419281,63.79776424,-46.34192813,12.97456074,5.052527922e-05
-637822455463469382,63.78224558,-46.34693822,5.928373337,1.753067409e-05
-637720247463843095,63.77202474,-46.38430952,10.7465477,7.423206262e-05
-637677610463627560,63.76776103,-46.36275604,7.784009933,0.0004651548225
-636495202499579604,63.64952023,-49.95796047,15.65647602,6.215763278e-06
-636429851499468293,63.64298515,-49.94682934,4.448318005,0.007472882513
-636315036499845880,63.63150366,-49.98458802,76.8297348,0
-636220352499886111,63.62203526,-49.98861113,6.201700211,0.0005698711611
-636183277499750806,63.61832771,-49.97508067,6.417150974,6.533808119e-06
-636165075499929061,63.61650758,-49.99290615,5.701010704,0.0002995536197
-636107170499868021,63.61071706,-49.98680211,5.715018749,1.322142111e-06
-636016648500148732,63.60166486,-50.01487326,4.065626621,0.0008542073774
-636009640499251250,63.60096408,-49.92512507,18.66818619,1.138208727e-08
-635929974499943448,63.59299746,-49.99434486,18.54975319,1.313902317e-06
-635913442460031393,63.59134427,-46.00313932,11.44897461,0.0009798423853
-635911750499858636,63.59117500,-49.98586366,70.38233185,9.375542565e-10
-635909098499768515,63.59090982,-49.97685150,3.851923943,0.002028826857
-635904739499216437,63.59047396,-49.92164378,4.538498402,0.0005613341345
-635879768460031745,63.58797681,-46.00317453,7.006511688,1.652519313e-05
-635852649459839405,63.58526492,-45.98394054,18.32032013,8.147246717e-07
-635810257459726220,63.58102570,-45.97262209,12.91257954,0.0004035030724
-635674595499452370,63.56745957,-49.94523704,8.157715797,0.0006801505224
-635650679459853426,63.56506796,-45.98534266,4.229035378,2.885179856e-05
-635649954459935030,63.56499545,-45.99350301,9.293128967,0.0003733776975
-635633122499920030,63.56331225,-49.99200300,5.65496254,7.570928346e-07
-635616206460037689,63.56162066,-46.00376898,13.45022106,0.001772747957
-635608489499835424,63.56084898,-49.98354249,4.044099331,0.0008368451381
-635567445459903435,63.55674460,-45.99034351,20.86867332,1.802160767e-07
-635566820459863280,63.55668206,-45.98632801,4.570324898,9.580593905e-05
-635557013499805152,63.55570140,-49.98051525,10.63691807,0.0008572988445
-635528556460358278,63.55285568,-46.03582787,7.07494688,1.049171624e-05
-635469254460086567,63.54692547,-46.00865671,13.58741379,0.0001564201229
-635462568460200435,63.54625683,-46.02004352,7.4437356,0.0002570528304
-635382611460454909,63.53826115,-46.04549100,5.809726715,0.001236274722
-635374262459523599,63.53742629,-45.95235994,61.83817291,0
-635298551499477772,63.52985519,-49.94777727,9.642865181,0.007452701218
-635231043499404084,63.52310438,-49.94040845,7.758216381,2.782676165e-05
-635215649459849451,63.52156496,-45.98494517,5.784258842,0.001754661556
-635186396499671642,63.51863965,-49.96716424,8.744918823,0.0002950489579
-635164686460185682,63.51646868,-46.01856821,5.4742136,6.772509551e-06
-635136302460088683,63.51363022,-46.00886830,43.03201294,2.168672637e-07
-635073173459574558,63.50731732,-45.95745583,6.227966785,0.0005468314048
-634763021460215317,63.47630220,-46.02153178,16.50215912,0.001568440348
-634695277460276049,63.46952776,-46.02760497,5.355311394,0.0001471392752
-634131216458599899,63.41312164,-45.85998998,32.8092804,0
-634105379458306805,63.41053798,-45.83068058,5.570465088,0.00239772792
-634101833458552526,63.41018339,-45.85525270,36.45493698,0
-633866024458383172,63.38660243,-45.83831730,5.516527653,4.073877335e-06
-633794580457996801,63.37945802,-45.79968018,5.0579772,0.002200088464
-633781807458259828,63.37818079,-45.82598289,20.4276619,0
-633771422457752012,63.37714227,-45.77520122,3.979025602,0.002053804463
-633732091458131503,63.37320917,-45.81315032,3.742935896,0.003126689699
-633711409458428639,63.37114098,-45.84286393,3.735834599,6.808483249e-06
-633693866457964003,63.36938663,-45.79640036,15.19037914,0.001932481187
-633652937457844566,63.36529370,-45.78445667,9.364019394,0.001078607049
-633636299458513997,63.36362997,-45.85139980,4.589222431,9.544710338e-05
-633547529458007140,63.35475296,-45.80071405,5.216235638,0.0007931534783
-633471409457969341,63.34714091,-45.79693411,16.33289337,1.61227872e-05
-633426397458456536,63.34263979,-45.84565366,26.73324776,0
-633391777458338860,63.33917772,-45.83388606,3.786292315,0.003230868839
-633332121458506289,63.33321215,-45.85062899,32.98070145,1.321406103e-06
-633281826458143481,63.32818264,-45.81434812,15.72259045,4.262396033e-06
-633269888458233361,63.32698886,-45.82333620,3.66302371,0.0003523660998
-633234089458047733,63.32340895,-45.80477330,4.95847702,0.000557719206
-632827342456085626,63.28273426,-45.60856261,3.693764448,0.002376040677
-632808725455811286,63.28087260,-45.58112865,8.242774963,0.0005108054029
-632793851455940509,63.27938512,-45.59405096,6.902058125,0.000598968938
-632772505456213040,63.27725055,-45.62130410,8.17907238,0.0003263186663
-632691077456312530,63.26910770,-45.63125301,33.74617386,0
-632678466455856154,63.26784665,-45.58561542,8.575407982,0.0006509568775
-632673060455718163,63.26730610,-45.57181639,5.966495037,3.480933083e-05
-632646113456231103,63.26461136,-45.62311037,14.63764763,3.038449358e-05
-632642952456202044,63.26429527,-45.62020449,7.468575001,2.153489186e-05
-632628207456262658,63.26282071,-45.62626583,5.761807442,5.515535122e-06
-632549339455714641,63.25493400,-45.57146418,3.865331411,0.0001543628023
-632487398455783388,63.24873988,-45.57833881,8.584769249,0.0002202242758
-632471349455812793,63.24713493,-45.58127934,57.64138412,0
-632429720455672714,63.24297206,-45.56727141,15.6577673,9.092029245e-07
-632409729456330208,63.24097291,-45.63302084,4.014080524,0.001134373248
-632368289455523312,63.23682894,-45.55233127,6.074905396,3.412531441e-05
-632237862455493887,63.22378623,-45.54938876,4.432920933,0.002436326351
-632225334455655832,63.22253346,-45.56558328,5.661124706,0.005121236201
-631989058458758934,63.19890585,-45.87589347,289.7750244,0
-631940195458757522,63.19401957,-45.87575222,5.755285263,1.681416961e-06
-631909167455906061,63.19091670,-45.59060620,8.456110954,0.002600034
-631725545458795024,63.17255450,-45.87950240,7.535736561,1.176278238e-05
-631686256458981211,63.16862568,-45.89812113,14.80497456,6.575922271e-06
-631673690458707562,63.16736905,-45.87075627,7.539472103,0.001121200738
-631625627458317963,63.16256277,-45.83179639,5.277360439,0.0002468007151
-631623354456014109,63.16233540,-45.60141096,4.237787247,0.001738863764
-631548834458206908,63.15488341,-45.82069086,3.837777376,0.00181388401
-631542244458379811,63.15422446,-45.83798116,197.7503357,0
-631532078458300213,63.15320786,-45.83002132,14.34909344,4.293924576e-05
-631464198458798201,63.14641987,-45.87982013,5.28781271,2.125655101e-06
-631454608458563132,63.14546087,-45.85631321,3.776212454,0.01066669542
-631405929458849180,63.14059292,-45.88491802,14.995121,1.710824472e-05
-631217807458380302,63.12178070,-45.83803027,8.397031784,0.0002525350137
-631188501458522084,63.11885017,-45.85220849,6.511108398,0.000984544633
-631121239458836945,63.11212390,-45.88369456,34.20448685,0
-630917663458693371,63.09176630,-45.86933714,11.0410347,8.742247883e-05
-630917454458265596,63.09174549,-45.82655963,11.74645424,0.00077576685
-630912514458719967,63.09125150,-45.87199677,10.58721542,0.0001084289324
-630895850458458818,63.08958509,-45.84588183,167.497757,0
-630882349458851442,63.08823500,-45.88514426,11.39813709,0.001982089598
-629525273474225607,62.95252735,-47.42256071,6.301033974,0.0009728358127
-629458521474117417,62.94585218,-47.41174178,7.365013599,3.319833695e-06
-629359791474389398,62.93597911,-47.43893989,10.26529598,0.0006752813351
-629181428474038627,62.91814281,-47.40386278,4.843278408,0.001762375119
-629168940474300641,62.91689405,-47.43006415,13.32317638,1.74265806e-05
-629166786474093258,62.91667862,-47.40932586,4.239702225,0.0003559628676
-629161362474485757,62.91613627,-47.44857579,6.421382904,4.978654397e-05
-629144815474022646,62.91448156,-47.40226469,4.362876415,0.002084433334
-629134538474029832,62.91345389,-47.40298327,6.102968216,0.001891113236
-629110633474612225,62.91106338,-47.46122254,4.582829952,1.652350511e-05
-628960796473739017,62.89607967,-47.37390180,8.994217873,0.0006533142878
-628912163473982943,62.89121637,-47.39829438,5.551718712,0.0007810078678
-628862248474277088,62.88622488,-47.42770884,12.61713409,4.574254945e-06
-628581209474381724,62.85812097,-47.43817248,8.08184433,1.573807094e-05
-628523122474156214,62.85231223,-47.41562146,12.87823677,2.713092726e-05
-628517608473833495,62.85176089,-47.38334959,10.36757565,0.0004779238079
-628467958474294311,62.84679584,-47.42943114,16.90246964,5.042341513e-07
-628418983474083939,62.84189835,-47.40839398,6.436372757,0.0003028076899
-628252899474386432,62.82528992,-47.43864323,15.17567444,0.0001991120225
-628225846490349421,62.82258462,-49.03494211,3.662621498,0.000371909613
-628218277490428036,62.82182780,-49.04280370,4.243663311,0.002277929569
-628199382474103060,62.81993824,-47.41030605,4.429752827,0.0008103180444
-627926177490904736,62.79261774,-49.09047366,212.5244598,0
-627901382490715915,62.79013823,-49.07159154,7.835544586,4.376225843e-05
-627889556470877489,62.78895570,-47.08774898,18.44957733,0
-627844001470881402,62.78440020,-47.08814021,7.826661587,0.0001644380973
-627840863490514096,62.78408631,-49.05140965,5.08770752,5.163728929e-06
-627829870490732491,62.78298704,-49.07324917,5.251539707,0.0002935879456
-627756378490935793,62.77563782,-49.09357938,5.802838802,0.002117485041
-627752788490348310,62.77527885,-49.03483105,11.54075623,0.001890419866
-627749198470577900,62.77491984,-47.05779009,15.13245869,1.924081289e-06
-627748613470660853,62.77486138,-47.06608534,4.199462414,0.00250863051
-627746585490031660,62.77465856,-49.00316608,3.850596905,0.002537140856
-627719314490946826,62.77193149,-49.09468261,20.52238655,0
-627691161490080102,62.76911615,-49.00801022,5.312051773,0.002207225887
-627686107490710487,62.76861071,-49.07104871,7.679201603,0.0006263559917
-627640249490826080,62.76402497,-49.08260801,4.453374386,4.604870355e-06
-627581864471148503,62.75818645,-47.11485035,5.147424221,0.0001875114976
-627542732471220832,62.75427321,-47.12208329,109.8012924,0
-627526846471158577,62.75268465,-47.11585772,5.778468132,5.147355459e-11
-627468725470820022,62.74687258,-47.08200223,5.105903149,0.0003057259019
-627453492471379709,62.74534924,-47.13797095,6.330136299,0.001788240974
-627447608490427238,62.74476085,-49.04272385,4.119164467,0.002646538662
-627439141470657414,62.74391419,-47.06574149,9.439119339,0.2197264135
-627435215470538274,62.74352156,-47.05382742,24.2280159,0
-627428809470525358,62.74288091,-47.05253581,223.8364716,0
-627397769490358777,62.73977694,-49.03587777,13.85366535,7.450381236e-05
-627274319490616221,62.72743193,-49.06162210,5.278665543,0.005211014766
-627262586471293769,62.72625865,-47.12937698,12.08358765,0.0004800148599
-627253914490692999,62.72539141,-49.06929999,46.08102417,0
-627235294471010247,62.72352945,-47.10102475,9.387952805,0.001104001771
-627233092470821464,62.72330930,-47.08214646,9.1701231,0.0005980544956
-627211352490619655,62.72113523,-49.06196550,5.654906273,0.02077629231
-627123448470646708,62.71234480,-47.06467083,4.712553978,0.000300288375
-627054491470832164,62.70544916,-47.08321642,17.31499481,4.550782251e-06
-626976992490739384,62.69769929,-49.07393844,4.953264713,1.043358679e-05
-626896007471233872,62.68960070,-47.12338723,3.832753658,0.0002676379518
-626821732490337768,62.68217326,-49.03377680,3.693807602,1.398738459e-05
-626816543470596876,62.68165437,-47.05968762,6.650481701,0.0001867479441
-626760189470986214,62.67601898,-47.09862142,8.925723076,0.001100251568
-626576079492564670,62.65760795,-49.25646700,27.31598282,0
-626521947492392466,62.65219471,-49.23924669,135.7100983,0
-626489922492148535,62.64899229,-49.21485352,21.34777832,0.0001838446624
-626398828492268926,62.63988289,-49.22689262,16.6607666,0.001425378374
-626316528492531343,62.63165287,-49.25313434,7.233433247,0.0001450456766
-626282898492340216,62.62828987,-49.23402166,24.00251579,2.385958396e-05
-626204967492783625,62.62049673,-49.27836257,11.10048294,0.000305612135
-625996741492772994,62.59967412,-49.27729945,5.074588299,0.0004296282132
-625936877492108915,62.59368770,-49.21089154,5.001160145,0.0003259202931
-625914788492525110,62.59147884,-49.25251105,309.5055237,0
-625896039492799943,62.58960390,-49.27999434,5.506412983,0.0002605791087
-625735089492781590,62.57350895,-49.27815902,4.110687733,0.003705804702
-625621430491970235,62.56214305,-49.19702357,8.177884102,0
-625580597492738696,62.55805971,-49.27386968,4.891182899,0.0006545281503
-625564523492179274,62.55645233,-49.21792750,3.630969524,0.0002834958141
-625548298492198642,62.55482985,-49.21986426,4.543312073,0.002308242489
-625509132492414408,62.55091329,-49.24144081,4.740859032,1.664906085e-05
-625477151492301524,62.54771513,-49.23015245,22.53887177,1.184784765e-06
-625416840492410056,62.54168409,-49.24100561,7.315247536,0.0002863228729
-625253966492557288,62.52539667,-49.25572888,7.853144169,0.0005079635303
-622487425483081630,62.24874257,-48.30816309,4.593549728,0.0009538982995
-622386385483515836,62.23863855,-48.35158367,3.830173492,0.0001172334669
-622183296483037521,62.21832961,-48.30375211,14.14670563,0.001569556538
-621959346482893064,62.19593468,-48.28930643,5.07368803,0.0003314294445
-621945298483151942,62.19452987,-48.31519427,5.117512703,0.0001832080161
-621933325483304350,62.19333259,-48.33043501,42.04706192,0
-621902802483639958,62.19028025,-48.36399580,15.91389561,0.002141583478
-621863383483600161,62.18633835,-48.36001615,12.09235764,0.001411929028
-621808561483121692,62.18085615,-48.31216922,4.675919056,0.002147528809
-621735567483203853,62.17355674,-48.32038533,10.46780682,0.001030535204
-621733818483716452,62.17338183,-48.37164520,4.884920597,0.0005447629956
-621638288483254061,62.16382883,-48.32540612,6.561348915,5.100791896e-06
-621512122483661558,62.15121224,-48.36615590,5.299188137,0.0006729381857
-621456469483679696,62.14564699,-48.36796964,4.891471386,8.836753409e-07
-621443064483218560,62.14430641,-48.32185606,5.718547821,0.002063664375
-621436643483519042,62.14366434,-48.35190423,53.3392601,0
-621392457483610834,62.13924577,-48.36108345,149.300354,0
-621354569483591484,62.13545693,-48.35914849,19.3024559,0.0008380267536
-621256565483526357,62.12565656,-48.35263572,6.705742836,0.003707028227
-621253443483237140,62.12534439,-48.32371402,35.36478424,0
-621113698477715557,62.11136981,-47.77155571,4.687227726,0.0006660018698
-620900514477363034,62.09005143,-47.73630340,7.521591187,8.830304068e-06
-620897659477570845,62.08976600,-47.75708454,11.65748405,0.006019406952
-620848694477562450,62.08486944,-47.75624505,57.22543335,0
-620823916477210923,62.08239165,-47.72109239,4.237762451,0.0007755830302
-620812407477497593,62.08124075,-47.74975935,33.7179718,0.01207093801
-620728826477453165,62.07288270,-47.74531654,4.141309261,0.0006535870489
-620709727477950254,62.07097279,-47.79502545,4.408813,0.001289950917
-620614671477347462,62.06146716,-47.73474629,5.738105297,0.00170606724
-620580834477295218,62.05808347,-47.72952182,12.73670006,0.0001098111024
-620565961477168924,62.05659613,-47.71689250,11.47589779,8.026185242e-06
-620311387477491944,62.03113878,-47.74919444,224.4620819,0
-620293865477238541,62.02938652,-47.72385413,4.28396368,0.0008624045295
-620158924477370310,62.01589247,-47.73703102,140.1339264,0
-620141867477839778,62.01418675,-47.78397785,18.22123909,0.0022240791
-620130896477279359,62.01308962,-47.72793595,7.166279316,0.000417256495
-620094530477852329,62.00945305,-47.78523290,87.91249847,0
-620053862477637190,62.00538627,-47.76371901,11.41640186,0.0006268203724
-619977844477724428,61.99778443,-47.77244285,38.03000641,0
-619822973477723221,61.98229738,-47.77232218,55.16536713,0
-619018372460698142,61.90183727,-46.06981425,8.279690742,0.00010815727
-618905402460374672,61.89054027,-46.03746725,34.89931488,0
-618904475460415970,61.89044759,-46.04159710,5.752561569,0.0005153129459
-618709279460680283,61.87092794,-46.06802840,5.325221062,0.0001728949137
-618659623460440235,61.86596230,-46.04402358,6.086817265,0.0005084853619
-618620456460807406,61.86204564,-46.08074065,4.300456047,0.0003978175519
-618576186460566351,61.85761866,-46.05663518,11.34943676,6.155626761e-05
-618572278460752759,61.85722782,-46.07527597,4.690634727,4.548876859e-06
-618567961460283439,61.85679611,-46.02834395,17.32596397,6.047465462e-08
-618520880460482495,61.85208804,-46.04824952,3.758555651,0.0004091365845
-618508014460401655,61.85080140,-46.04016551,5.268928051,4.485448153e-05
-618492057460389780,61.84920575,-46.03897804,102.5857925,0
-618464976460932931,61.84649767,-46.09329319,4.102003098,0.0002392342431
-618434969460490254,61.84349693,-46.04902548,5.771501064,0.0009652540321
-618408727460506790,61.84087275,-46.05067901,5.18467617,1.171445729e-05
-618113046460068424,61.81130467,-46.00684250,4.162466049,0.0008231473039
-618059149460089784,61.80591496,-46.00897844,3.739233732,0.000280400418
-617923026460291136,61.79230261,-46.02911363,9.843203545,0.0002448751184
-617874161460214187,61.78741615,-46.02141873,22.73167992,0.002270926954
-617812814460588178,61.78128145,-46.05881787,5.295859814,0.0007134653861
-607844381476865471,60.78443819,-47.68654719,7.684283733,4.82270334e-05
-607737841476999409,60.77378413,-47.69994097,3.791298628,0.001156600891
-607736680477002301,60.77366808,-47.70023017,4.222452641,0.02292411216
-607685435477080703,60.76854352,-47.70807034,4.263044357,0.001882035634
-607628317476767427,60.76283173,-47.67674272,11.79611111,0.0001245154272
-607473922476773957,60.74739224,-47.67739572,3.94295454,0.0003499056329
-607439513477039222,60.74395138,-47.70392226,7.654738426,4.215485023e-05
-607271838477233429,60.72718389,-47.72334297,4.459467411,0.001832088223
-607111881477124781,60.71118811,-47.71247814,4.466493607,0.002303427784
-607037860476719433,60.70378609,-47.67194334,9.698559761,0.0001156665094
-607009919477051037,60.70099194,-47.70510379,53.72535324,0
-606972509477290781,60.69725095,-47.72907818,7.578868866,0.0001354790293
-606823087476949750,60.68230879,-47.69497502,10.80653477,0.0009121495532
-606820126476867582,60.68201266,-47.68675828,5.40524292,5.332581168e-06
-606795643477003720,60.67956435,-47.70037208,19.81417084,0
-606752923477054504,60.67529239,-47.70545049,7.845132828,6.528971426e-05
-606738952476539286,60.67389526,-47.65392869,10.17366219,0
-606737852477180678,60.67378520,-47.71806788,8.356476784,0.0007160183159
-606689938477056823,60.66899382,-47.70568232,6.342543602,0.0003055259876
-606522496476867197,60.65224962,-47.68671973,13.5696764,0.001193178119
-605537801492180181,60.55378019,-49.21801814,13.84119701,7.900737546e-05
-605502818491821420,60.55028189,-49.18214208,8.392855644,0.0003328758467
-605483990491871247,60.54839906,-49.18712480,4.026132107,0.001580761746
-605378920491878836,60.53789207,-49.18788370,6.657226562,7.506705151e-05
-605308694491854913,60.53086941,-49.18549132,9.600868225,0.000813539722
-605253906492332590,60.52539065,-49.23325907,18.10097504,0.0007897895994
-604997633492376736,60.49976335,-49.23767365,4.010933399,0.001684077433
-604912068492236412,60.49120688,-49.22364128,5.887145996,6.356383528e-05
-604902381491746542,60.49023817,-49.17465429,17.11219597,2.862241502e-07
-604896803491927581,60.48968037,-49.19275818,8.600987434,0.0002614674158
-604885506505532597,60.48855064,-50.55325973,10.11144257,0.0001689542842
-604870754505546676,60.48707544,-50.55466765,11.09226418,0.0002482440323
-604846898492291829,60.48468984,-49.22918297,4.240268707,0.0009862473235
-604812439492056638,60.48124390,-49.20566386,8.295084,0.0001130930323
-604707015492088948,60.47070155,-49.20889481,4.932496071,0.0008609649376
-604612979492162383,60.46129791,-49.21623838,4.373129368,0.002327953698
-604610012492371117,60.46100123,-49.23711173,7.22871685,0.0002011444449
-604597974491864760,60.45979743,-49.18647605,4.721762657,0.001777944504
-604584453492430773,60.45844534,-49.24307733,16.015728,0.001846917556
-604556365505291784,60.45563651,-50.52917845,5.849683762,0.001679576584
-604518324505659053,60.45183248,-50.56590533,9.246008873,5.641194002e-05
-604463796505907638,60.44637964,-50.59076382,3.915876389,0.0007590288296
-604449200492463418,60.44492009,-49.24634190,6.899105072,1.508684818e-05
-604408653491979086,60.44086531,-49.19790862,5.895418644,0.003296710551
-604398066491921938,60.43980667,-49.19219390,107.129158,0
-604367994505384376,60.43679942,-50.53843768,6.157215595,0.001811807044
-604307140505275252,60.43071408,-50.52752520,9.719563484,0.01626656577
-604299022505410245,60.42990230,-50.54102453,6.382882118,7.913815352e-06
-604179327505853484,60.41793279,-50.58534846,11.07567596,0.0004511280276
-604092096505296687,60.40920966,-50.52966873,13.40146828,0.0007319433498
-603870689506015470,60.38706899,-50.60154702,7.553890705,0.00109996472
-603834953506088994,60.38349535,-50.60889949,6.995540142,0.001160602318
-603821598499807606,60.38215987,-49.98076068,5.906825066,2.144699101e-05
-603792225505883830,60.37922254,-50.58838303,5.637713909,0.0002008043375
-603786417505657438,60.37864179,-50.56574389,6.387834549,0.000158594703
-603755426499513059,60.37554268,-49.95130597,5.765163898,0.0002690332476
-603748304505912768,60.37483047,-50.59127688,39.88860321,0
-603700839505280721,60.37008392,-50.52807215,4.532557487,1.511931146e-06
-603691349499738624,60.36913492,-49.97386240,15.02974224,0.00018435932
-603690935505985377,60.36909354,-50.59853778,5.694880962,4.961708555e-07
-603673633485441326,60.36736339,-48.54413264,7.766509533,0.0002918546088
-603641759485713245,60.36417592,-48.57132455,8.962619781,0.001135166618
-603626650485799912,60.36266504,-48.57999125,11.84603119,0.000820879126
-603625773485491289,60.36257737,-48.54912896,16.58964729,3.761558401e-05
-603594914499659348,60.35949150,-49.96593490,7.205428123,0.0001793377887
-603573702505568163,60.35737027,-50.55681637,10.45606327,0.001278537442
-603534689485670915,60.35346898,-48.56709154,4.221928596,0.002641058061
-603527608499805804,60.35276081,-49.98058047,3.741380453,0.0002753091976
-603489400505759798,60.34894001,-50.57597988,7.260231018,2.967372736e-10
-603485334505938530,60.34853349,-50.59385309,10.37252331,1.959961082e-05
-603422776499990896,60.34227765,-49.99908966,4.80337429,0.000538015971
-603339230499630926,60.33392308,-49.96309263,44.08551407,0
-603309896499775190,60.33098970,-49.97751901,13.74047661,0.000612093485
-603288263499836564,60.32882632,-49.98365641,10.49137211,0.0002954874071
-603263055499706811,60.32630553,-49.97068120,6.658838272,0.001459604828
-603222719500153200,60.32227190,-50.01532008,4.007509232,0.003121722257
-603206965485506614,60.32069653,-48.55066146,5.448279381,0.0002052413038
-603152453500084780,60.31524539,-50.00847803,8.952708244,5.645937927e-05
-603150964485664890,60.31509647,-48.56648902,4.403908253,0.001157246064
-603145514486033712,60.31455141,-48.60337128,6.112681389,0.002125101862
-603130390485329676,60.31303903,-48.53296762,7.342713356,4.52086897e-06
-603108139485576418,60.31081393,-48.55764182,3.663398504,0.0003742786648
-603082305485506431,60.30823058,-48.55064314,216.5600433,0
-603081273485822317,60.30812738,-48.58223174,7.790745735,5.618444266e-05
-603077244485839166,60.30772441,-48.58391662,3.884433508,0.002052318072
-603062915486008951,60.30629152,-48.60089519,10.98718357,0.0001310504886
-603004278499980590,60.30042790,-49.99805906,9.446525574,0.0008101863205
-602964317486038293,60.29643172,-48.60382932,12.23932838,0.001069597783
-602940712499360551,60.29407129,-49.93605514,4.161301613,0.0003511578543
-602856219499351614,60.28562190,-49.93516142,4.261651039,0.001362988376
-602835302485874821,60.28353025,-48.58748210,6.811393738,2.132104419e-05
-602827993499893572,60.28279939,-49.98935720,3.683413744,0.0001122167669
-602783626485718708,60.27836268,-48.57187082,4.036189556,0.00210276898
-602783463499727454,60.27834638,-49.97274550,11.54579639,0.00199841219
-602726324499542944,60.27263248,-49.95429443,10.33880711,0.00119602459
-602722512485130343,60.27225124,-48.51303440,5.695442677,1.263014042e-06
-602699109485290178,60.26991094,-48.52901785,8.714363098,0.002909499686
-602680577499715902,60.26805771,-49.97159021,40.85972595,0
-602630965499539739,60.26309653,-49.95397393,6.657479286,0
-602511525485709439,60.25115256,-48.57094399,4.827826977,1.155570772e-06
-602245616503279285,60.22456162,-50.32792854,53.19251633,0
-602212038503583133,60.22120387,-50.35831333,3.79691267,1.547652209e-05
-602117997503626440,60.21179973,-50.36264402,7.793105602,6.587743701e-05
-602046497503437525,60.20464978,-50.34375252,26.69495392,0.0008080029511
-601977477502980891,60.19774771,-50.29808915,5.477558613,1.891423562e-05
-601911707503462310,60.19117071,-50.34623105,45.69797516,0
-601901626503041505,60.19016265,-50.30415053,26.37586975,1.410771915e-06
-601885541503670941,60.18855418,-50.36709418,11.52504921,0.001459808671
-601794178503412510,60.17941782,-50.34125110,4.370952129,0.0002250562538
-601622902503399946,60.16229030,-50.33999464,15.78891754,4.015321792e-06
-601499067503306796,60.14990675,-50.33067966,7.418402195,3.520158771e-06
-601384382503488951,60.13843827,-50.34889520,23.74819946,0
-601371971503408211,60.13719711,-50.34082118,4.785706997,0.002107146429
-601315908503450966,60.13159088,-50.34509665,10.7426281,0.01850125566
-601309212503035233,60.13092128,-50.30352333,53.14781189,0
-601256433503122737,60.12564332,-50.31227377,7.943943024,0.0003398448462
-601246728503655343,60.12467281,-50.36553439,3.977371931,0.002636238467
-601206197503774236,60.12061971,-50.37742363,4.049530506,0.0006850589416
-601006905503108764,60.10069058,-50.31087642,14.02289581,7.95036176e-05
-601004171503098962,60.10041711,-50.30989630,9.980282784,0.0005834921612
-600708318466213137,60.07083185,-46.62131371,8.898222923,0.0007691967185
-600590957465797400,60.05909577,-46.57974003,8.952176094,6.283928087e-05
-600452419466224974,60.04524190,-46.62249742,3.829277039,3.581752026e-05
-600438226466433536,60.04382266,-46.64335364,21.3547802,0
-600387969466243184,60.03879693,-46.62431846,8.303394318,0.000848449301
-600314708466396465,60.03147083,-46.63964658,8.533911705,0.0002790910075
-600245168465761894,60.02451681,-46.57618945,6.03787899,0.0002685621148
-599875293466282753,59.98752932,-46.62827531,4.98396349,0.0004194622743
-599826068466144812,59.98260684,-46.61448129,6.078754902,1.601117583e-05
-599732839465787200,59.97328396,-46.57872002,12.0728817,0.004402370658
-599624934466500244,59.96249349,-46.65002443,4.011264324,0.0002856865758
-599618548465851746,59.96185484,-46.58517462,39.64074707,0
-599559225466050795,59.95592253,-46.60507953,6.637189388,0.001880769501
-599541037466291294,59.95410377,-46.62912942,38.10526657,0
-599501803465833979,59.95018038,-46.58339790,66.65621185,3.20303144e-07
-599482430465823872,59.94824309,-46.58238721,3.862234831,0.003671717364
-599428145466342885,59.94281457,-46.63428851,7.229097366,0.0003803922154
-599397834466288778,59.93978343,-46.62887789,15.58018875,3.371361572e-06
-599378623466154343,59.93786231,-46.61543436,58.18556213,0
-599371199466005057,59.93711995,-46.60050573,57.52050781,0
-599108381475665748,59.91083814,-47.56657489,5.253550053,0.001075131935
-598900256475864307,59.89002567,-47.58643075,4.045040607,0.006342073902
-598896477476034392,59.88964778,-47.60343923,3.634563923,0.0001033832013
-598881885475907607,59.88818851,-47.59076077,3.786477566,0.0002863169357
-598876804476338295,59.88768050,-47.63382958,4.12686348,0.0002601305896
-598799191475958564,59.87991916,-47.59585641,4.660536289,0.0006711414899
-598760252475544260,59.87602526,-47.55442603,7.129189968,4.048205028e-06
-598713752475980944,59.87137527,-47.59809446,28.07336807,0
-598665792475581320,59.86657922,-47.55813209,6.727922916,0.0006200239295
-598643795476116585,59.86437959,-47.61165857,11.70081997,0.000568844378
-598578454475722994,59.85784542,-47.57229942,14.51579762,0.0004412817361
-598544593476179607,59.85445939,-47.61796075,6.851276398,0.0001008358886
-598505997475973929,59.85059980,-47.59739293,45.73670959,0
-598405262475967369,59.84052625,-47.59673690,5.300180435,0.001386827556
-598377132475485940,59.83771325,-47.54859403,206.8088226,0
-598363086475996606,59.83630863,-47.59966070,6.591658115,2.807595047e-05
-598360196475884365,59.83601969,-47.58843658,28.60398293,2.869898344e-05
-598196137475533071,59.81961378,-47.55330713,3.679997206,0.0006362704444
-598183596476007410,59.81835961,-47.60074101,10.40486431,0.0007273215451
-598099524475952307,59.80995245,-47.59523075,4.428423405,0.0009862004081
-596200426496163819,59.62004264,-49.61638199,9.082655907,0
-596134524495900033,59.61345246,-49.59000333,3.788238764,0.0005259860191
-595947269496085821,59.59472700,-49.60858210,8.875037193,0.0001744963956
-595902385496258572,59.59023858,-49.62585721,20.58452988,0
-595884161495835496,59.58841615,-49.58354967,4.588440418,0.000250934012
-595867880495615488,59.58678804,-49.56154881,6.837532043,0.001307664206
-595706296496281912,59.57062969,-49.62819129,4.169606686,0.0003554525319
-595691370495658538,59.56913703,-49.56585384,5.133845806,0.0001841992926
-595622760495661884,59.56227608,-49.56618846,4.957386017,2.434161388e-06
-595545264495509139,59.55452644,-49.55091390,5.704956532,0.0003701864043
-595537253496388083,59.55372538,-49.63880838,3.908968449,0.002445919206
-595466444495617621,59.54664447,-49.56176210,27.25527382,0
-595432876495968143,59.54328764,-49.59681438,6.503154278,2.500991832e-05
-595426599495469231,59.54265998,-49.54692319,13.68947887,0.0002429400047
-595425250496238659,59.54252503,-49.62386598,11.06835365,5.00753049e-05
-595231699496171716,59.52316994,-49.61717170,59.92020035,0
-595201360496296236,59.52013601,-49.62962367,19.32781982,0.0006312677287
-595051268495972053,59.50512686,-49.59720538,14.43091011,1.727736162e-05
-595006691495774315,59.50066920,-49.57743160,101.6848068,0
-594837868496031662,59.48378686,-49.60316629,11.69720173,0.0001991640165
-594144291500638949,59.41442917,-50.06389494,4.69853735,0.0003169552074
-593895098500993436,59.38950981,-50.09934362,4.406435013,0.003789272159
-593886831500337133,59.38868311,-50.03371332,5.913125515,0.0001817289303
-593779630500257297,59.37796308,-50.02572971,12.879673,7.962070958e-05
-593736394501013017,59.37363946,-50.10130172,9.3438797,0.0005068452447
-593708147500265193,59.37081475,-50.02651936,21.6466465,0
-593666271501092343,59.36662716,-50.10923440,5.514910698,0.0008573479718
-593626005500945231,59.36260058,-50.09452311,5.231930256,0.0005208808579
-593625283501099267,59.36252831,-50.10992680,49.65002441,0
-593568452500602114,59.35684521,-50.06021148,9.067158699,4.81065108e-05
-593526060500468804,59.35260607,-50.04688047,6.58763361,0.04374439642
-593374925500526110,59.33749253,-50.05261102,4.165549278,0.0009645388927
-593353213500389269,59.33532133,-50.03892699,6.169153214,0.003586419625
-593338358500830948,59.33383581,-50.08309487,10.93236256,4.034816448e-05
-593246666492942258,59.32466662,-49.29422582,40.68462372,0
-593205312492849658,59.32053125,-49.28496582,6.72642374,0.000776643632
-593201579500229357,59.32015791,-50.02293570,16.54212761,3.59880147e-07
-593036454500323591,59.30364547,-50.03235917,6.144461632,0.001244482584
-593007008500518904,59.30070086,-50.05189042,9.88669014,0.0001344959164
-592975041493187924,59.29750419,-49.31879249,33.7025032,5.958383554e-06
-592920011500585989,59.29200111,-50.05859895,3.893699646,0.0002630559029
-592917439493591872,59.29174395,-49.35918723,26.03398323,0
-592914869493054479,59.29148692,-49.30544794,9.336501122,0.002859415952
-592885075493471865,59.28850751,-49.34718654,3.884566307,0.0004323825706
-592869115493490823,59.28691155,-49.34908230,5.241636753,0.001880759955
-592837949500421919,59.28379494,-50.04219199,16.43214417,0.002350497525
-592737738500839799,59.27377383,-50.08397998,11.56032276,0.0002817056375
-592733533493043808,59.27335340,-49.30438088,3.737832546,0.002414898947
-592720242493364322,59.27202422,-49.33643228,4.951514721,0.0006106678629
-592713543492980345,59.27135435,-49.29803451,6.377793312,1.52577195e-05
-592701112484287160,59.27011121,-48.42871601,4.047973633,0.00273384247
-592641292484416279,59.26412929,-48.44162793,5.823288441,3.503742118e-05
-592515381492983743,59.25153811,-49.29837439,11.06638527,0.0002543925948
-592512988484427940,59.25129882,-48.44279407,82.91466522,0
-592504644492753539,59.25046446,-49.27535392,34.48182678,0
-592465593492793501,59.24655937,-49.27935013,3.704485893,0.00233667274
-592456123493549345,59.24561240,-49.35493454,6.273209095,1.029765644e-05
-592454158493417279,59.24541587,-49.34172799,5.098670483,0.0007915408933
-592434204484445719,59.24342045,-48.44457195,5.532574177,0.0008605109761
-592431826484173144,59.24318264,-48.41731444,4.196194172,0.0002038460516
-592365641492860342,59.23656414,-49.28603423,7.450824261,0.000213094565
-592361569484032629,59.23615691,-48.40326298,13.1110239,0.0007831964758
-592296973483999294,59.22969731,-48.39992945,3.738399982,0.0003469937074
-592278879493395681,59.22788800,-49.33956815,5.866396904,0.0009455672698
-592253555483982277,59.22535553,-48.39822778,13.11542034,6.102932275e-06
-592191971483947506,59.21919711,-48.39475069,8.136751175,0.0003640085633
-592168319492888558,59.21683199,-49.28885588,8.852562904,0.0002925421286
-592150249484390317,59.21502492,-48.43903174,3.726110935,0.0007822188782
-592081077483939807,59.20810773,-48.39398071,5.428296089,0.00190553593
-592050682483847425,59.20506822,-48.38474251,13.14508343,0.0004025212838
-592030678493067720,59.20306788,-49.30677209,3.725795507,0.0002199596056
-592022818493211930,59.20228188,-49.32119306,11.32561779,0.0003064390039
-591988185484350271,59.19881857,-48.43502716,4.734165192,0.0007141600363
-591923059484435631,59.19230599,-48.44356320,8.339256287,0.001080478309
-591874170484194025,59.18741709,-48.41940256,5.525101185,0.0001464679808
-591719945484194674,59.17199459,-48.41946742,7.862797737,0.0009677477065
-591481411484654843,59.14814113,-48.46548437,9.966671944,0.000863665482
-591475325484063245,59.14753258,-48.40632458,8.694621086,0.0001795340941
-591409929484221149,59.14099299,-48.42211500,3.830677271,0.001772000804
-591307985484124571,59.13079856,-48.41245714,25.65529442,0
-586787929474300324,58.67879293,-47.43003246,8.536667824,0
-586766927474569532,58.67669280,-47.45695321,8.610038757,0.0005836610217
-586719082474447982,58.67190824,-47.44479828,14.7035408,0.01009022258
-586605896474700768,58.66058968,-47.47007688,27.62100792,1.378125944e-06
-586571110474084951,58.65711109,-47.40849512,4.768991947,0.0003958146553
-586508946474177480,58.65089468,-47.41774808,4.568480968,0.0002610236115
-586493744474747163,58.64937449,-47.47471631,3.746844292,8.676762809e-05
-586388794474679749,58.63887949,-47.46797492,11.64385319,0.001549967099
-586315868474012291,58.63158688,-47.40122914,12.30762577,8.494621579e-05
-586276503473892946,58.62765031,-47.38929467,5.801614285,0.001938645262
-586253170474006360,58.62531706,-47.40063609,24.65112305,1.716373481e-05
-586205457474392457,58.62054577,-47.43924570,3.927922487,0.002982495818
-586113006474302220,58.61130066,-47.43022206,4.499120712,0.0003227649722
-585896275474312449,58.58962753,-47.43124492,13.66380882,3.227349953e-05
-585754141474087631,58.57541420,-47.40876315,10.15736485,0.001817647717
-585727240474685006,58.57272404,-47.46850063,12.78926849,0.0005632927059
-585689626474702477,58.56896261,-47.47024779,5.647706509,0.0005389705184
-585613675474338942,58.56136755,-47.43389428,3.900415897,3.032329232e-06
-585543654474580453,58.55436550,-47.45804533,10.19522285,2.167328967e-05
-585445551474380298,58.54455513,-47.43802986,5.007004738,6.676525004e-07
-585284113476055669,58.52841133,-47.60556694,5.034096718,0.02002211288
-585223030476033992,58.52230307,-47.60339928,11.38602161,0.000419655873
-585194795476254902,58.51947953,-47.62549022,32.33863831,0
-585171899476487264,58.51718999,-47.64872647,11.04262447,0.0007079860661
-585150037476579411,58.51500374,-47.65794119,11.95403004,0.000134694681
-585091017476176796,58.50910172,-47.61767961,44.14829254,0
-585000273476003237,58.50002735,-47.60032371,7.399290085,0.0002855704806
-584926053476123890,58.49260537,-47.61238904,7.140275955,0.0003724985872
-584878578476459826,58.48785790,-47.64598268,9.481495857,0.01189599
-584855220476418910,58.48552207,-47.64189102,44.27231216,0
-584784770476590945,58.47847705,-47.65909451,18.00059128,5.614367637e-07
-584772776486463705,58.47727766,-48.64637053,3.781723976,0.003437414765
-584740106487052085,58.47401060,-48.70520853,25.8921051,9.632242836e-06
-584722258486631800,58.47222588,-48.66318010,4.505624294,6.440157904e-06
-584718567486855267,58.47185673,-48.68552678,4.859724045,0.02460135892
-584637493476484783,58.46374936,-47.64847835,4.710443497,0.000284365844
-584605604486898639,58.46056043,-48.68986392,6.037670135,0.0001648493053
-584555648486468785,58.45556487,-48.64687856,5.266394615,0.0008209520602
-584537507486939260,58.45375076,-48.69392601,64.38137054,0
-584522857476138554,58.45228575,-47.61385542,9.501486778,2.825162301e-05
-584489508486546452,58.44895086,-48.65464525,9.283577919,0.001027478138
-584424144486367378,58.44241447,-48.63673782,3.973802805,0.007328276522
-584420450487139854,58.44204507,-48.71398547,267.8720703,0
-584392994487208491,58.43929948,-48.72084917,5.002540588,0.002024229849
-584365749487165720,58.43657497,-48.71657205,14.18731308,0.0006709615118
-584341679475907449,58.43416796,-47.59074492,15.15061569,0.00109198119
-584321978476135004,58.43219788,-47.61350050,12.72541618,0.0004115930642
-584321349486730499,58.43213492,-48.67304995,22.89406013,0
-584319671487078187,58.43196711,-48.70781879,6.235662937,0.0009054070688
-584308907476112818,58.43089075,-47.61128186,4.698474884,0.001953555271
-584302732486538736,58.43027325,-48.65387365,6.45636034,0.000195528628
-584259285486348914,58.42592854,-48.63489142,7.024002075,0.0009947419167
-584238309487161316,58.42383096,-48.71613162,7.687464237,7.488633855e-06
-584221658476002194,58.42216588,-47.60021943,15.30856609,0.0001130226228
-584084528476144377,58.40845286,-47.61443774,5.711268902,9.432862862e-05
-584054644476400178,58.40546440,-47.64001782,6.77915287,1.851503475e-05
-584018027476252218,58.40180274,-47.62522190,5.550753117,0.00228968123
-583948434486576681,58.39484344,-48.65766814,3.850940943,0.003088766709
-583788657486527467,58.37886578,-48.65274677,5.716870785,0.000403111073
-583769482486551227,58.37694825,-48.65512274,7.808210373,0.0009411872015
-572216476484779941,57.22164766,-48.47799415,13.605299,0.001005583792
-571964623484631005,57.19646237,-48.46310060,8.047003746,0.002012415556
-571909407484187908,57.19094071,-48.41879083,50.94782639,0
-571862641484204073,57.18626415,-48.42040732,34.17395782,0.007006940898
-571848498484834996,57.18484989,-48.48349962,11.33314991,0.001677031163
-571842807484328928,57.18428075,-48.43289284,37.00634003,0
-571835103484878819,57.18351036,-48.48788192,15.96100235,0.001658023102
-571831911484326408,57.18319115,-48.43264082,8.034866333,5.64022921e-05
-571680762484749859,57.16807627,-48.47498593,22.74732971,0
-571511664484729327,57.15116646,-48.47293272,10.51613712,0.0007961541996
-571491897484860908,57.14918971,-48.48609087,7.314236164,0.0003414337407
-571457960484560625,57.14579606,-48.45606256,3.672796965,0.001019601943
-571382687484909079,57.13826880,-48.49090791,3.97676301,0.001124543836
-571374469484818264,57.13744699,-48.48182642,6.083193302,2.991340989e-05
-571314741484956799,57.13147415,-48.49567999,11.35614681,0.001169155003
-571312705484961179,57.13127054,-48.49611792,4.863113403,0.001210961025
-571155197484898694,57.11551976,-48.48986945,6.291220665,0.0005570207722
-570991754484808019,57.09917550,-48.48080193,50.89691544,0
-570981638484839891,57.09816386,-48.48398918,5.943389893,0.0006058512954
-570875576484692126,57.08755769,-48.46921265,20.03600693,0
-566491066496707355,56.64910668,-49.67073551,3.874031067,0.0004576542997
-566425402496912440,56.64254025,-49.69124405,9.914111137,0.001479290193
-566354673496834368,56.63546732,-49.68343686,4.146464825,0.002609328367
-566150095496574490,56.61500952,-49.65744900,62.08381653,5.602818192e-07
-566116574496683363,56.61165742,-49.66833636,6.903285027,0.0002986282343
-566108328496579603,56.61083286,-49.65796038,11.54864025,0.001032191329
-566051709496641444,56.60517096,-49.66414449,4.343179226,0.002255871426
-565999077496923281,56.59990770,-49.69232815,4.809119701,0.001762836706
-565929002496986492,56.59290025,-49.69864922,4.558598518,0.001683043083
-565885534496832255,56.58855348,-49.68322554,3.815115452,3.151485362e-05
-565873579496627236,56.58735799,-49.66272366,18.41197586,4.742450415e-07
-565833182496421137,56.58331825,-49.64211373,8.049309731,2.018867599e-05
-565824069496343223,56.58240690,-49.63432230,4.524582863,0.0003905218618
-565817466496725147,56.58174665,-49.67251471,6.926756859,9.784454596e-05
-565791850497223296,56.57918507,-49.72232969,16.20804596,0.0008613578975
-565762473496584826,56.57624733,-49.65848269,5.340625286,0.001932883635
-565748111496845674,56.57481111,-49.68456740,5.282440662,0.0002077419485
-565544071496983396,56.55440710,-49.69833968,127.6893158,0
-565247084497006986,56.52470846,-49.70069862,5.673870087,0.002624161541
-565183057496997831,56.51830572,-49.69978314,16.86847115,0.001622165903
-562536011494383500,56.25360114,-49.43835003,3.869792938,0.4287277162
-562508536494719782,56.25085364,-49.47197823,12.5947628,0.0004734319227
-562455980494338543,56.24559806,-49.43385433,6.325182438,0.0001139197848
-562453827494288790,56.24538274,-49.42887900,10.40702248,0.0004769802326
-562324506494341916,56.23245067,-49.43419167,7.117534161,0.0004328406067
-562271248494965551,56.22712487,-49.49655513,4.119405746,0.002671521157
-562221252494559751,56.22212522,-49.45597511,6.667575836,0.0002463479759
-562087113494524070,56.20871137,-49.45240702,36.85411835,0
-562002332494225652,56.20023325,-49.42256530,4.970053673,0.0007921903161
-561921584494720469,56.19215845,-49.47204696,6.475203037,2.437176045e-05
-561834479494253535,56.18344795,-49.42535356,5.850121021,0.002031125361
-561832477494962735,56.18324778,-49.49627355,17.8343544,1.302715447e-07
-561755846494069643,56.17558468,-49.40696439,3.651854515,0.0001320680458
-561752898494109004,56.17528985,-49.41090042,4.52689743,0.001946916222
-561698338494439205,56.16983387,-49.44392052,19.62330055,2.739274363e-10
-561513896494506858,56.15138969,-49.45068588,5.086876869,0.001990053337
-561485517494951432,56.14855171,-49.49514322,9.732787132,0.0003184822563
-561409346494250449,56.14093469,-49.42504495,11.80073547,0.0008025673451
-561346853494491297,56.13468537,-49.44912976,4.120518208,0.0001315294212
-561317802494617458,56.13178026,-49.46174590,3.881483078,0.00308480137
-550168107278780607,55.01681077,-27.87806075,4.433045387,0.0003116287699
-550003273278551171,55.00032737,-27.85511712,12.05930996,0.0005625836202
-549935697278872582,54.99356971,-27.88725827,10.96162701,1.431249439e-05
-549912721278860267,54.99127211,-27.88602676,51.39710236,0
-549909057278920717,54.99090576,-27.89207171,5.837676048,1.177457398e-05
-549884208278399525,54.98842082,-27.83995252,8.479756355,4.384729436e-06
-549793352278269629,54.97933521,-27.82696290,4.905628204,0.0007299822173
-549778887278091002,54.97788872,-27.80910028,14.85561848,0.003238443751
-549770737278059342,54.97707375,-27.80593422,7.291957378,0.0004429773253
-549757416278061608,54.97574162,-27.80616088,3.936258793,0.003281412879
-549735178278423603,54.97351784,-27.84236031,100.9780502,0
-549715661278618630,54.97156619,-27.86186308,3.842786074,0.002137305681
-549665439278510526,54.96654397,-27.85105263,9.380321503,0.003724368988
-549653536278383045,54.96535370,-27.83830455,29.06912041,7.177744976e-08
-549624195278859256,54.96241957,-27.88592562,4.546388626,0.0006138895988
-549537762278846005,54.95377622,-27.88460059,7.732885361,0.000289370073
-549530909278836910,54.95309097,-27.88369102,17.91156006,0.001717138221
-549472473278574932,54.94724735,-27.85749321,4.797004223,0.004297739826
-549452086278470035,54.94520867,-27.84700357,8.755897522,0.0007526960107
-549433793278539381,54.94337934,-27.85393819,75.88118744,0
-548720047293769777,54.87200470,-29.37697773,7.650103092,0.000268423697
-548690789293649820,54.86907894,-29.36498203,5.160706043,0.0007446999662
-548638895293728757,54.86388959,-29.37287571,10.28501606,0.0009335862123
-548629113293702546,54.86291133,-29.37025461,6.475426674,0.0001073139865
-548610252293838112,54.86102521,-29.38381121,4.537338257,0.001681344933
-548594809293606349,54.85948094,-29.36063495,4.64202404,0.0136458911
-548583893293974955,54.85838935,-29.39749551,8.655426979,0.0002311970893
-548580852294054780,54.85808523,-29.40547802,6.887834549,0.0005561963189
-548576952293788691,54.85769526,-29.37886915,6.494775295,5.976121429e-06
-548489481293992008,54.84894819,-29.39920085,9.976369858,3.381198621e-05
-548460695293270835,54.84606958,-29.32708354,3.871008158,0.0001688845659
-548449866293926710,54.84498668,-29.39267106,4.276344299,0.0002003582777
-548240865294044287,54.82408658,-29.40442873,6.79945755,0
-548240139294041288,54.82401392,-29.40412888,5.86248064,2.56922732e-07
-548232815293348520,54.82328155,-29.33485204,7.295338154,0.001421378343
-547959815293338189,54.79598158,-29.33381891,6.401949883,0.000152372013
-547942565282702848,54.79425650,-28.27028490,11.99279213,0.0001530237641
-547921752294055944,54.79217529,-29.40559448,6.385505199,0.0009894081159
-547840709293699205,54.78407091,-29.36992056,96.60113525,0
-547828771293962057,54.78287716,-29.39620579,3.647708654,0.0003229857248
-547802358282633197,54.78023581,-28.26331972,4.350646019,0.002196224174
-547758919283114587,54.77589199,-28.31145880,3.90750432,0.001178567647
-547697496293666763,54.76974967,-29.36667639,7.362743378,0.001131604775
-547675285282562543,54.76752858,-28.25625436,22.71030045,0.0001164615896
-547579838282612783,54.75798381,-28.26127837,7.148663998,7.344679034e-05
-547531970282299277,54.75319706,-28.22992771,4.767546654,0.0004647446331
-547472740282947368,54.74727409,-28.29473681,16.24609375,0.0003215181059
-547455744282375739,54.74557446,-28.23757393,5.151352882,1.179684023e-05
-547402261282853819,54.74022610,-28.28538191,3.975027084,0.002990956418
-547355760293667687,54.73557606,-29.36676874,5.759185791,3.571821799e-05
-547348510282569469,54.73485109,-28.25694692,72.08283997,3.183479924e-09
-547308225282870054,54.73082253,-28.28700548,10.258255,0.001771463198
-547304968293966187,54.73049684,-29.39661873,7.31435442,0.0006400245475
-547280807282688097,54.72808075,-28.26880972,5.767184258,0.009912437759
-547256816293530647,54.72568161,-29.35306480,90.73963928,0
-547231296282335249,54.72312965,-28.23352494,15.00566006,0.0007750816876
-547223398282876940,54.72233982,-28.28769409,21.65668106,0
-547220798294029049,54.72207989,-29.40290495,3.793232918,0.002166794613
-547220222293559507,54.72202221,-29.35595070,3.706816673,0.0002583652968
-547210977293509055,54.72109773,-29.35090559,7.194297314,0.0001420954795
-547182738294072380,54.71827386,-29.40723804,4.50312233,0.001828548498
-547173584293360144,54.71735844,-29.33601449,7.614877701,6.48990972e-05
-547154428282512267,54.71544289,-28.25122673,34.71076584,0
-547126650293542808,54.71266504,-29.35428082,20.18499565,0
-547114999293287768,54.71149998,-29.32877688,14.12264252,3.075558561e-05
-547109885293484493,54.71098851,-29.34844934,5.435482025,0.000742481905
-547080419282403279,54.70804193,-28.24032795,47.66125107,0
-547049193282992610,54.70491931,-28.29926103,19.3498745,0.0009599509067
-546991626293336931,54.69916265,-29.33369315,29.46338081,2.134705483e-06
-546974591293773359,54.69745916,-29.37733594,5.368609428,0.0004677769321
-546940581282576011,54.69405816,-28.25760112,64.13031769,0
-546923961282611493,54.69239613,-28.26114940,4.399351597,0.02698415704
-546912923282858245,54.69129233,-28.28582458,7.39339304,0.0001155428472
-546907066293268410,54.69070660,-29.32684109,6.944937229,0.0001359202433
-546788989294058349,54.67889896,-29.40583499,10.06158161,0.001195338438
-546711340293473857,54.67113402,-29.34738572,8.026976585,0.0007049030974
-546538105293464870,54.65381057,-29.34648705,6.252932549,0.000123691163
-546534009293944202,54.65340094,-29.39442024,5.387574673,0.001519165002
-546488365293467964,54.64883655,-29.34679644,4.955141544,0.0006546190125
-546488188293772391,54.64881882,-29.37723911,24.14919472,0
-545252113278838804,54.52521137,-27.88388045,18.18041992,3.735453333e-07
-545220613278973065,54.52206137,-27.89730655,5.195957661,0.0007163576665
-545148758278804629,54.51487580,-27.88046298,4.947590828,0.0004820598406
-545115688279001222,54.51156880,-27.90012228,4.213062763,0.0009704489494
-545114523279462767,54.51145231,-27.94627678,5.075286388,0.0004091542214
-545034454279501782,54.50344542,-27.95017821,3.855462313,0.001894019311
-545020257279471294,54.50202570,-27.94712944,5.245599747,0.001556699513
-545018388279500632,54.50183890,-27.95006329,11.38633728,0.0006996665034
-545012057278700419,54.50120578,-27.87004193,4.375267506,0.0003918405855
-544981319278941495,54.49813192,-27.89414954,30.38701057,0
-544916022279502322,54.49160220,-27.95023227,9.066062927,0.01242404711
-544804226279532337,54.48042264,-27.95323371,80.32449341,0
-544765958278796620,54.47659586,-27.87966203,6.899955273,2.344816494e-06
-544720999279249315,54.47209993,-27.92493152,7.913863182,0.1515918821
-544663012278651675,54.46630122,-27.86516753,7.308641911,8.16795291e-05
-544580237279318225,54.45802375,-27.93182254,10.25875092,0.0003431451332
-544562216278695698,54.45622164,-27.86956987,4.722660065,0.001789750997
-544514138279204966,54.45141389,-27.92049660,9.633440971,0.001139150467
-544396513279060965,54.43965131,-27.90609659,7.933475018,0.0005712529528
-544349171279281121,54.43491716,-27.92811213,29.04476357,1.054667791e-05
-542710446296113993,54.27104464,-29.61139934,7.771620274,1.946874181e-05
-542634988296019416,54.26349882,-29.60194161,6.151857376,4.445050217e-05
-542576443295941583,54.25764431,-29.59415835,7.215168953,3.784227147e-06
-542572454295878244,54.25724542,-29.58782446,20.10737228,1.186749955e-06
-542571003296053184,54.25710031,-29.60531849,29.64708519,0
-542442969296246352,54.24429691,-29.62463527,8.172605515,0.000581894652
-542234498296495999,54.22344983,-29.64959990,14.68415165,6.720896977e-07
-542202862296592016,54.22028626,-29.65920165,9.570557594,0.001102901413
-542076470295781401,54.20764703,-29.57814016,5.446744919,0.0001448484254
-542065410295674898,54.20654109,-29.56748981,9.109747887,0.0003639273345
-542045438296136006,54.20454386,-29.61360068,3.722160339,0.0002935457451
-542008960295858477,54.20089602,-29.58584772,25.57035828,7.563000963e-06
-541981740296317284,54.19817408,-29.63172843,19.55732918,0.0005752112484
-541943582296076963,54.19435830,-29.60769632,79.19802094,0
-541941384295956497,54.19413849,-29.59564977,6.370697975,0.0001017306713
-541863684295768671,54.18636841,-29.57686716,261.7860718,0
-541846094295718013,54.18460940,-29.57180132,55.16291428,0
-541761739296191816,54.17617393,-29.61918163,4.349538326,0.0001942458766
-541721683295837765,54.17216839,-29.58377657,5.445199013,0.0001985051204
-541653638295989430,54.16536388,-29.59894302,16.22813797,0.004398840014
-540322578278373953,54.03225785,-27.83739536,4.09353447,0.001791174989
-540305077278236258,54.03050770,-27.82362581,31.43292236,0
-540205745278545746,54.02057454,-27.85457466,8.636303902,0.000265073526
-540096784278613496,54.00967844,-27.86134969,3.800146341,0.0005090983468
-540048224278642078,54.00482248,-27.86420782,7.310314178,0.000135096634
-540032531278662704,54.00325313,-27.86627045,8.091796875,0.0003741502296
-539985116278323515,53.99851161,-27.83235151,3.794862747,0.0005261672777
-539967017293821556,53.99670176,-29.38215563,3.851781368,0.0006096387515
-539918057277984470,53.99180576,-27.79844703,5.683197021,1.210448431e-06
-539906811277974795,53.99068116,-27.79747957,4.168776512,0.001888536499
-539898847278535986,53.98988477,-27.85359865,4.089600563,0.001883192104
-539838546278137191,53.98385463,-27.81371918,6.561239243,2.646574831e-05
-539837909293962673,53.98379094,-29.39626731,5.713110447,2.234770545e-05
-539830050293649440,53.98300509,-29.36494401,5.026586533,0.001916166861
-539790994278165767,53.97909947,-27.81657678,4.300653458,0.002286736388
-539762498278194107,53.97624984,-27.81941075,6.5353508,2.97639599e-05
-539734338278439406,53.97343381,-27.84394062,4.371885777,0.0009371399065
-539728952277911890,53.97289525,-27.79118909,6.372977734,3.064898192e-05
-539718367294065179,53.97183676,-29.40651797,4.774991989,0.001729910844
-539675761278197453,53.96757614,-27.81974531,3.762523651,0.0004912154982
-539642437278156199,53.96424371,-27.81561997,4.095526695,0.0002910978801
-539587113293360591,53.95871130,-29.33605917,4.134461403,2.998414402e-06
-539554144278143664,53.95541449,-27.81436642,9.350265503,2.884643436e-05
-539553418293382090,53.95534185,-29.33820909,10.69060707,4.516223635e-05
-539532984278004594,53.95329847,-27.80045941,3.667176723,6.612924608e-06
-539500273293920397,53.95002736,-29.39203975,5.551319122,0.001099168323
-539497274294056352,53.94972746,-29.40563526,4.836799622,0.001772012445
-539471893278240503,53.94718935,-27.82405034,7.501451492,8.578409506e-06
-539467356293766352,53.94673570,-29.37663524,8.7295084,0.0001950558071
-539396591293409684,53.93965916,-29.34096846,11.11249065,0.0007189064636
-539366805293867330,53.93668053,-29.38673302,35.31674576,0
-539360108293806362,53.93601085,-29.38063629,5.329563141,0.001934288652
-539333830293907256,53.93338309,-29.39072567,3.828815222,0.0003751042532
-539296228293737701,53.92962285,-29.37377015,7.661907196,0.0006557883462
-539220707293554894,53.92207079,-29.35548949,17.45327759,5.820569271e-08
-539137744293555827,53.91377441,-29.35558279,3.692182779,0.002315941267
-539111758293825047,53.91117588,-29.38250479,103.4548569,0
-539105365293777859,53.91053653,-29.37778598,4.356972694,0.0009799505351
-539081385293917031,53.90813859,-29.39170314,6.276436329,3.931426917e-08
-538992329293976568,53.89923300,-29.39765681,4.060340405,0.0008537858957
-534416347294702423,53.44163473,-29.47024236,17.6927948,5.4784432e-06
-534291436294155123,53.42914367,-29.41551235,25.7121067,0.0006652914453
-534215221294794535,53.42152210,-29.47945354,9.728937149,0.0007350458181
-534150387294960695,53.41503879,-29.49606960,20.65461349,2.056257836e-05
-534140499294215212,53.41404997,-29.42152124,5.547141075,0.0004555330088
-534053544294733315,53.40535449,-29.47333159,15.74143696,0.001603535493
-534025656294108447,53.40256567,-29.41084472,9.635616302,0.0002396729105
-534001180295007129,53.40011809,-29.50071298,4.912678242,0.0006249519065
-533908772294878760,53.39087724,-29.48787606,3.903115749,0.0001120129164
-533884841294232624,53.38848412,-29.42326245,10.49281693,0.01169862133
-533866109294203955,53.38661099,-29.42039553,6.413649082,4.246375829e-05
-533805936294855563,53.38059370,-29.48555638,4.722008705,0.001201458275
-533803068294608595,53.38030689,-29.46085952,10.0521946,0.0003336782684
-533767182294316692,53.37671821,-29.43166923,5.392969608,2.600256448e-05
-533744193294930690,53.37441931,-29.49306908,5.971811771,0.00129958638
-533707877294086078,53.37078776,-29.40860781,7.802658558,4.564273695e-05
-533705436294778474,53.37054364,-29.47784743,19.7422123,6.454700241e-08
-533677548294809016,53.36775481,-29.48090163,4.192007065,0.0002749736304
-533585620294711805,53.35856206,-29.47118058,17.99292183,0.0009117850568
-533407788294419922,53.34077886,-29.44199226,7.944876671,1.547583088e-05
-533024925281216375,53.30249253,-28.12163758,4.229969501,0.002593953162
-532941158281276404,53.29411586,-28.12764040,4.725199699,0.0008416318451
-532920442281014902,53.29204425,-28.10149022,31.23427963,1.310650168e-05
-532909948280788514,53.29099483,-28.07885142,3.884175301,0.000633805932
-532881181280958372,53.28811810,-28.09583727,16.3484745,0.001139915548
-532857231280688328,53.28572315,-28.06883281,39.77567673,0
-532745842281286008,53.27458420,-28.12860086,7.293575764,0.0001240892307
-532730573281030597,53.27305736,-28.10305972,4.152298927,0.002563874703
-532719425281506319,53.27194251,-28.15063200,22.74386597,0
-532677315281091501,53.26773156,-28.10915017,5.114803791,7.084424396e-06
-532582847280827178,53.25828476,-28.08271781,53.86916733,0
-532533648281438572,53.25336481,-28.14385725,7.304651737,1.084749692e-05
-532505804281298543,53.25058043,-28.12985436,79.91758728,0
-532455213280900118,53.24552131,-28.09001182,5.400277138,0.0001047832702
-532407601281008672,53.24076019,-28.10086728,5.946834087,0.001253083814
-532402243281179165,53.24022437,-28.11791650,5.704313755,0.0007043408114
-532380402292472770,53.23804024,-29.24727706,4.292055607,0.002438527299
-532290388280687074,53.22903881,-28.06870746,29.57248878,7.038427174e-09
-532265701292600487,53.22657017,-29.26004875,3.660399437,0.0003169582924
-532238924281199071,53.22389243,-28.11990710,4.591099739,0.001057817019
-532220329292801124,53.22203299,-29.28011242,7.088170528,0.0004515510518
-532215827292022437,53.22158274,-29.20224374,8.621616364,0.0009214659804
-532191465280999654,53.21914656,-28.09996541,5.506733894,0
-532179788292241509,53.21797884,-29.22415099,8.5289011,3.197170372e-05
-532167244281028036,53.21672449,-28.10280362,12.66181183,1.258368411e-05
-532124748292001019,53.21247484,-29.20010190,6.088302135,0.001137225074
-532114429292254751,53.21144296,-29.22547513,10.56219101,7.329129585e-05
-532103660292534187,53.21036607,-29.25341874,16.17292786,0.0003340135445
-531984599292689745,53.19845994,-29.26897453,5.556241989,0.0005522755673
-531947542292208431,53.19475427,-29.22084311,27.14447212,0
-531804796292236235,53.18047962,-29.22362352,20.26728249,0.001284802333
-531786292261099385,53.17862926,-26.10993853,6.576202869,0.0004746503255
-531785949292100969,53.17859494,-29.21009698,214.7822418,0
-531780187292727070,53.17801876,-29.27270707,3.635863781,0.0004376347933
-531745750292478746,53.17457503,-29.24787463,5.042590618,0.0002709867549
-531722957260909631,53.17229576,-26.09096318,5.650044441,1.113743679e-06
-531703908260707604,53.17039085,-26.07076050,5.367084503,0.0005586771877
-531689944292082461,53.16899443,-29.20824613,6.128742218,0.0003721651447
-531680867292209101,53.16808677,-29.22091018,8.701266289,0.0002483465069
-531656690292289962,53.16566908,-29.22899630,11.10458565,3.57683457e-05
-531644662261213882,53.16446624,-26.12138829,4.763495445,0.001672545914
-531641613260661680,53.16416131,-26.06616805,6.493335724,0.0003124118375
-531635677260629053,53.16356771,-26.06290538,45.000103,0
-531591503260743672,53.15915032,-26.07436721,4.051311016,0.000718321302
-531570312260662441,53.15703126,-26.06624417,5.11990118,0.0006855387473
-531496279261196894,53.14962792,-26.11968950,4.045086384,0.0002511655039
-531493054292260246,53.14930544,-29.22602463,6.022068024,0.002355926437
-531476584260658347,53.14765847,-26.06583472,10.52668858,0.0005245143548
-531468667292352715,53.14686675,-29.23527157,29.78461266,3.994953346e-08
-531413275292643289,53.14132754,-29.26432890,5.738223076,0.001731333905
-531361430261170805,53.13614304,-26.11708051,4.426435947,0.00197028718
-531333465261329705,53.13334659,-26.13297056,27.67454529,0
-531316655260747135,53.13166556,-26.07471356,8.804198265,0.0007257740945
-531235157261049085,53.12351571,-26.10490851,5.038141251,0.001053789048
-531229030260983942,53.12290305,-26.09839427,7.998519897,0.0003020529111
-531152081261233281,53.11520817,-26.12332819,8.090866089,4.919528874e-05
-531004340261326007,53.10043402,-26.13260071,3.655113459,0.003735149745
-530984159261167219,53.09841599,-26.11672196,3.998395443,0.002227972262
-530893337260997256,53.08933380,-26.09972566,355.2557983,0
-530830556261023530,53.08305569,-26.10235309,45.46679306,0
-530064504292978678,53.00645043,-29.29786790,6.075969219,0.00054591964
-529970658293077043,52.99706585,-29.30770438,5.246472836,0.002107023261
-529945004293136344,52.99450041,-29.31363448,3.664180279,0.0003253999166
-529879508293216536,52.98795088,-29.32165369,4.908628464,0.0005572337541
-529854939293045991,52.98549393,-29.30459918,10.85591793,0.001615140587
-529853657292766426,52.98536575,-29.27664269,10.52860832,0.001496953191
-529822263292785562,52.98222630,-29.27855624,14.19121742,4.011874262e-05
-529769981280138941,52.97699812,-28.01389411,16.25147438,5.370319286e-06
-529763167280150869,52.97631674,-28.01508698,6.118168354,0.00225511496
-529713844293063451,52.97138446,-29.30634514,12.37557602,7.340255252e-05
-529685549293165011,52.96855495,-29.31650113,15.44116402,2.067112109e-05
-529647907292920984,52.96479071,-29.29209841,8.042762756,7.892956637e-05
-529647053280187475,52.96470540,-28.01874754,39.15805817,0
-529635749292758570,52.96357499,-29.27585703,3.785101891,0.000406821433
-529612410293600633,52.96124110,-29.36006337,9.099634171,7.126478158e-05
-529546736280185865,52.95467361,-28.01858652,13.53349113,0.00165741297
-529535968279820559,52.95359686,-27.98205592,4.145943165,0.001812304254
-529514832292689373,52.95148321,-29.26893736,7.024107933,1.945812301e-06
-529500147293392448,52.95001470,-29.33924486,9.695296288,0.0009680729709
-529499411280162889,52.94994115,-28.01628893,10.80258846,9.008114284e-05
-529485362292841573,52.94853630,-29.28415731,3.704531908,0.002407799242
-529462935280583309,52.94629352,-28.05833099,8.055093765,0.0003121071495
-529456217279740597,52.94562178,-27.97405977,4.672838211,0.0001712482917
-529445398279909459,52.94453983,-27.99094593,27.22659874,0
-529438274292834608,52.94382748,-29.28346083,5.199269772,0.0003450848162
-529381174280403149,52.93811743,-28.04031496,21.31881142,0
-529372190293480452,52.93721908,-29.34804524,7.709946156,0.0006098090089
-529325394293177771,52.93253946,-29.31777713,3.795351505,0.0004047709808
-529299262280070256,52.92992621,-28.00702570,5.079112053,1.463491799e-06
-529269711280329886,52.92697111,-28.03298869,12.75277805,8.060567779e-06
-529240761279757505,52.92407613,-27.97575051,5.141120434,0.001673928928
-529153121293022307,52.91531213,-29.30223077,7.547730446,0
-529144332292836896,52.91443327,-29.28368962,28.16403961,0
-528910225280391053,52.89102257,-28.03910538,6.870110989,0.0005739065236
-528909303279792719,52.89093030,-27.97927199,5.383884907,0.0005498535465
-528904396279798730,52.89043961,-27.97987300,11.09356499,0.0002933509531
-528883194280104008,52.88831950,-28.01040088,9.771261215,0.001380372909
-528823724279847439,52.88237250,-27.98474395,4.88389492,0.0006197248586
-528803908279933552,52.88039087,-27.99335521,6.415250301,0.001007187646
-528769584279977168,52.87695843,-27.99771685,4.384449959,0.002272458049
-527386697269358620,52.73866977,-26.93586209,3.835905075,0.007014524657
-527334686269079179,52.73346863,-26.90791793,7.041042328,4.31912531e-06
-527326944269509285,52.73269443,-26.95092852,3.962868452,0.0002497919777
-527325447269454066,52.73254474,-26.94540667,6.597513676,0.001601896947
-527063191269301254,52.70631911,-26.93012541,4.660632133,0.0001718148997
-527013000268944830,52.70130009,-26.89448306,3.640475512,0.002074299147
-526993601269139126,52.69936011,-26.91391267,4.236647606,0.0003677494824
-526956301269159706,52.69563012,-26.91597063,5.002755642,0.001456687809
-526886629268989528,52.68866297,-26.89895280,5.119880676,0.0003863852471
-526870738269011147,52.68707380,-26.90111479,35.06542587,1.888950774e-09
-526841923268909105,52.68419239,-26.89091053,8.760373116,0.0006568849785
-526783817268837230,52.67838174,-26.88372308,4.24275732,1.278735363e-05
-526727075269650304,52.67270753,-26.96503049,8.938297272,0.0004009599797
-526707417269551239,52.67074179,-26.95512390,4.389690399,0.000676649157
-526689927269362464,52.66899277,-26.93624643,21.04098701,0
-526655075269338066,52.66550756,-26.93380665,5.206554413,5.227647762e-06
-526633672269294937,52.66336723,-26.92949376,8.014018059,3.647209087e-05
-526624309269283060,52.66243095,-26.92830606,3.740348101,0.0002404513361
-526554556269054049,52.65545567,-26.90540498,20.02202034,0
-526549596269470316,52.65495961,-26.94703166,3.979498863,0.0005628373474
-521689696268487254,52.16896968,-26.84872543,5.427540779,1.070892267e-05
-521593852268864535,52.15938521,-26.88645353,54.65872192,0
-521581101268805628,52.15811015,-26.88056282,5.296770573,6.506988575e-05
-521568728268563477,52.15687280,-26.85634778,12.16274929,0.000454847177
-521529751268847341,52.15297516,-26.88473419,22.57107544,0
-521522578268741704,52.15225788,-26.87417047,6.638292789,2.9211526e-06
-521511335268885587,52.15113351,-26.88855880,89.64740753,0
-521345515268548883,52.13455153,-26.85488830,10.73471165,0.0001334878471
-521286081268913180,52.12860818,-26.89131807,4.093669415,0.002518547233
-521242938268660637,52.12429383,-26.86606376,4.812427044,0.001188276918
-521036867268585282,52.10368672,-26.85852820,20.03196144,6.790720022e-07
-520984271268352648,52.09842711,-26.83526485,5.53799057,0.0001241982391
-520941877268239554,52.09418779,-26.82395544,8.147222519,0.0001178805978
-520913154268646662,52.09131548,-26.86466621,10.61695862,0.0008017218788
-520883285268560275,52.08832860,-26.85602755,3.864033461,0.0006249354919
-520842753268334642,52.08427531,-26.83346426,7.477664471,0.0001821692276
-520782225268466816,52.07822251,-26.84668162,6.403678417,0.001855376293
-520781261268751890,52.07812613,-26.87518908,30.21942711,0
-520730800268730547,52.07308002,-26.87305473,23.07953644,0
-520680726268579431,52.06807268,-26.85794320,4.143898964,0.002679033671
-520356637274032364,52.03566370,-27.40323643,7.192909241,0.0006033667596
-520306186273630302,52.03061866,-27.36303022,10.07871628,0.001034673653
-520181609274394347,52.01816092,-27.43943474,7.329691887,0
-520013262273904700,52.00132626,-27.39047008,42.05739212,0
-519996511273947624,51.99965119,-27.39476241,49.6960907,0
-519974653274313334,51.99746535,-27.43133345,9.239999771,0.000688083237
-519939737273760806,51.99397377,-27.37608064,13.36640358,0.00021444507
-519932330274034592,51.99323306,-27.40345925,41.17253113,0
-519925396273507891,51.99253966,-27.35078920,4.524621964,0.001868415624
-519886777273897181,51.98867778,-27.38971812,27.49429512,0
-519762275273651228,51.97622752,-27.36512282,5.905144215,0.009155407548
-519751882274108436,51.97518827,-27.41084365,53.5373764,0
-519680887273549176,51.96808874,-27.35491768,4.941659927,0.0001949126308
-519662138273911697,51.96621383,-27.39116973,75.52895355,0
-519579466274228732,51.95794668,-27.42287330,4.785032749,0.02678792924
-519572360273873380,51.95723605,-27.38733801,9.556012154,0.0007886750391
-519558735273930605,51.95587350,-27.39306056,4.264343739,0.0005243275664
-519537196273933960,51.95371968,-27.39339602,5.832066536,0.0008955386584
-519480699273962549,51.94806999,-27.39625491,45.01849747,0.001005118596
-519436552273958397,51.94365527,-27.39583970,13.9209137,9.656464681e-05
2643375265671260756,264.33752655,67.12607562,11.76183033,1.950279693e-05
2643654061671638185,264.36540612,67.16381856,10.659935,0.0004378093581
2643671354671185964,264.36713546,67.11859649,32.42944336,6.565276323e-08
2643736373671036874,264.37363732,67.10368740,5.689826488,0.0009081320604
2643905308671227246,264.39053081,67.12272469,5.055947781,0.0002552421356
2644083667670982739,264.40836670,67.09827392,10.55278587,0.0005693848361
2644417597671404817,264.44175973,67.14048179,42.89296722,0
2644458569671733711,264.44585699,67.17337119,29.77045822,0
2644794102671059442,264.47941023,67.10594423,8.588955879,0.0007227364113
2644833478671075093,264.48334785,67.10750930,10.90617943,0.0002499962284
2644931136671350863,264.49311370,67.13508634,76.36980438,0
2644975075671192389,264.49750751,67.11923900,4.636288166,0.0008399917278
2645088019671204214,264.50880191,67.12042149,8.466874123,2.064566252e-05
2645088359671329451,264.50883593,67.13294519,9.194612503,0.0007196630468
2645105545671612046,264.51055454,67.16120463,10.35848141,0.000697762589
2645151982654570441,264.51519821,65.45704419,5.771941185,0.003596226219
2645167594654288618,264.51675943,65.42886182,4.644363403,0.001937487978
2645174747654205626,264.51747471,65.42056270,349.4581909,0
2645183776671068332,264.51837760,67.10683329,4.639279842,0.0006401729188
2645184192671635854,264.51841930,67.16358547,6.563659668,1.3283219e-06
2645212949671144978,264.52129500,67.11449786,13.47154903,0.0006632897421
2645313556654582816,264.53135562,65.45828161,3.968444824,0.0008398343925
2645426941671573433,264.54269412,67.15734330,11.65420532,6.101414328e-05
2645502844653879204,264.55028444,65.38792047,4.602381706,0.001107555698
2645559600654187598,264.55596004,65.41875981,76.33714294,0
2645596858671547170,264.55968587,67.15471703,7.188058853,8.497613453e-05
2645759830654239015,264.57598302,65.42390156,7.07572031,3.949288657e-05
2645929345653843096,264.59293459,65.38430964,4.174410343,0.000912210322
2646053540654169912,264.60535402,65.41699130,21.93354034,0
2646169427654004803,264.61694274,65.40048039,7.542886257,0.00593587663
2646200116653817301,264.62001160,65.38173014,10.64120007,3.687791104e-05
2646264798654035012,264.62647987,65.40350127,4.187314987,1.860248813e-05
2646288300653996053,264.62883000,65.39960537,77.15348053,0
2646291521658128016,264.62915215,65.81280168,12.58068466,0.0003126592201
2646395362654260996,264.63953623,65.42609964,4.457448959,4.085499313e-06
2646416194653838702,264.64161942,65.38387021,6.920803547,0.0001074773172
2646534762658123555,264.65347624,65.81235557,8.984754562,0.0005855472991
2646592456657942495,264.65924563,65.79424954,3.800746202,0.002045986243
2646605605657760389,264.66056054,65.77603894,4.61070013,0.00202731532
2646609380654115046,264.66093806,65.41150470,7.8282938,0.03115591779
2646629156657495465,264.66291568,65.74954654,29.29106903,0
2646660264653866639,264.66602642,65.38666393,9.519834518,0.0001114370098
2646883655657456327,264.68836559,65.74563278,9.907372475,0.0009205386159
2646910327657640000,264.69103280,65.76400006,5.024403572,0.0003654067114
2646910653657632299,264.69106534,65.76322993,7.914224625,0.0002196427231
2646974501658041759,264.69745016,65.80417593,8.043272972,0.0008766546962
2647052476658037514,264.70524762,65.80375143,8.875287056,3.505923087e-05
2647077843654098374,264.70778430,65.40983749,11.30385113,0.0008656047285
2647091403654279741,264.70914031,65.42797414,4.385528088,1.534647345e-05
2647106404654159747,264.71064049,65.41597475,4.518795013,9.90425815e-06
2647126353657581508,264.71263533,65.75815085,5.516343594,0.0001440009073
2647141365658400715,264.71413651,65.84007158,7.812703133,0.0007223405992
2647256481657782032,264.72564812,65.77820328,5.141057491,0.0003273959155
2647364051657489857,264.73640519,65.74898578,4.486070633,0.001084824908
2647386960658213583,264.73869601,65.82135838,6.06707716,4.472571618e-06
2647760367658080013,264.77603675,65.80800139,14.58092022,1.765256343e-06
2647900036657782566,264.79000369,65.77825670,8.511697769,0.0001221397833
2647988361657993877,264.79883610,65.79938773,8.319993973,0.0004468901316
2648237326657680969,264.82373268,65.76809696,7.450530529,5.285729276e-05
2648300986657890519,264.83009861,65.78905196,11.64450169,0.0001858141768
2653064563661065093,265.30645636,66.10650938,5.649604797,1.403322585e-05
2653239874661025974,265.32398747,66.10259746,26.88062859,1.30351043e-06
2653275896660744252,265.32758962,66.07442520,10.74024105,0.01881901547
2653284956661303509,265.32849561,66.13035100,12.11569691,3.451247494e-06
2653330512660561630,265.33305125,66.05616307,13.45685482,0.0002926583402
2653397932660721548,265.33979322,66.07215482,8.609169006,2.501899144e-05
2653405155660798858,265.34051551,66.07988586,7.28108263,8.538883776e-06
2653422572660616568,265.34225725,66.06165680,5.41705513,0.01890734769
2653669470660766214,265.36694706,66.07662142,287.2588806,0
2653719677660723261,265.37196776,66.07232613,3.915920258,0.002287853509
2654163468661195314,265.41634683,66.11953149,28.98965454,0
2654445238660628232,265.44452383,66.06282322,6.055984497,0.0003828173794
2654461179661008306,265.44611798,66.10083070,5.347396851,0.0008536982932
2654663194661153657,265.46631942,66.11536575,5.955459595,0.0002141133155
2654797663661248073,265.47976632,66.12480739,19.42121124,0
2654801271660640684,265.48012716,66.06406849,16.83533096,1.65647798e-05
2654894756661030913,265.48947569,66.10309136,14.79275608,5.441859321e-05
2655069762661020301,265.50697626,66.10203016,12.0691309,0.0004204903671
2655266081660843200,265.52660817,66.08432005,4.519582748,0.05296225846
2655277291661079138,265.52772912,66.10791385,8.129350662,8.92822718e-05
2659615316671604754,265.96153169,67.16047547,12.29557896,0.000647693465
2659699115671452866,265.96991155,67.14528669,3.647332668,0.002076851903
2659885138671633262,265.98851383,67.16332628,4.654722691,0.0008386889822
2659954169671752467,265.99541696,67.17524677,4.397970676,0.00199316279
2659988213671226808,265.99882132,67.12268082,26.98639488,2.426003221e-06
2660195029671560802,266.01950293,67.15608030,5.430659294,5.792655884e-06
2660203669671610129,266.02036692,67.16101296,5.513304234,2.77372942e-06
2660246182671405524,266.02461829,67.14055244,5.866616726,0.0003158272011
2660281536671439625,266.02815366,67.14396254,5.727327347,0.0005972587969
2660317666671107876,266.03176667,67.11078762,3.967149019,0.0003231488226
2660582633671750390,266.05826336,67.17503904,4.644336224,9.090823733e-05
2660618333671278960,266.06183338,67.12789605,53.56680679,0
2660654310671221182,266.06543105,67.12211826,11.91150951,0.00067582255
2660785791671566605,266.07857916,67.15666058,9.056606293,1.658417932e-05
2660931149671236098,266.09311492,67.12360985,9.14418602,0.0004369687813
2660999457671775456,266.09994577,67.17754569,4.260164261,0.001794235432
2661043297671208226,266.10432976,67.12082266,16.21093559,0.002137443749
2661098432671174733,266.10984322,67.11747332,14.55706978,0.0003860967408
2661219494671763467,266.12194942,67.17634675,4.40968895,0.0004177375813
2662031437671297241,266.20314373,67.12972415,4.176849365,0.002077352954
2665083569663411014,266.50835692,66.34110146,8.0420084,0.00103939441
2665224755663098454,266.52247557,66.30984545,5.148017406,0.0008081356646
2665273938663444911,266.52739387,66.34449113,12.8213644,0.008889526129
2665279055663673463,266.52790551,66.36734639,27.72681427,0
2665337981663530123,266.53379814,66.35301234,12.56036949,0.0001798858866
2665408922663302461,266.54089221,66.33024618,6.200635433,0.0006272647879
2665439506633219827,266.54395063,63.32198275,14.85569382,0.001371208462
2665480389663150151,266.54803897,66.31501514,4.446325302,0.001785717206
2665591420663499981,266.55914200,66.34999810,44.86834335,0
2665795938663610500,266.57959386,66.36105007,8.210141182,1.155059908e-05
2665890647663509191,266.58906474,66.35091910,24.3043251,0
2666070057663768502,266.60700578,66.37685021,5.514629364,0.001072141342
2666248819633103229,266.62488192,63.31032295,4.116474152,6.587232929e-05
2666275677662978981,266.62756777,66.29789819,75.52638245,0
2666358093662910585,266.63580939,66.29105858,5.979979992,1.690423051e-05
2666381290632758744,266.63812905,63.27587441,4.443360329,0.0001754516124
2666409941632853118,266.64099418,63.28531189,5.285710812,0.000844510505
2666411716663804128,266.64117168,66.38041282,20.3266468,1.452634848e-07
2666467050655415830,266.64670507,65.54158302,9.069975853,5.307017273e-05
2666483403633267194,266.64834037,63.32671950,68.18257141,0
2666513882633567233,266.65138827,63.35672338,4.853785515,4.040480417e-05
2666518037662959889,266.65180373,66.29598892,7.510319233,0.005506331101
2666529503663153282,266.65295036,66.31532823,20.03179169,0.000626897614
2666530524655389399,266.65305241,65.53893999,37.30659103,0
2666596309655339936,266.65963094,65.53399360,10.42959976,4.681024075e-05
2666721310633380545,266.67213108,63.33805452,4.993775845,1.346250247e-05
2666749021633567823,266.67490212,63.35678237,162.4990387,0
2666823824633051118,266.68238245,63.30511186,36.43375015,0
2666851994632850096,266.68519950,63.28500961,4.317164898,0.0004013935977
2666860420656026817,266.68604204,65.60268179,3.967765331,0.003019115422
2666954981633431877,266.69549816,63.34318780,60.82045364,0
2666977930633413428,266.69779306,63.34134287,4.029212475,0.0007294014213
2667108138663277870,266.71081384,66.32778706,15.8234005,1.09732764e-06
2667117667663506026,266.71176675,66.35060264,3.884895086,0.002706493717
2667132383663431779,266.71323839,66.34317796,4.653548241,0.0001813355047
2667171102633381088,266.71711021,63.33810886,29.78995705,0
2667172751633451733,266.71727515,63.34517331,3.736696005,0.001903975615
2667264770632821040,266.72647704,63.28210403,5.496211529,0.0004526735283
2667304650663517205,266.73046509,66.35172054,14.43834114,3.361072959e-05
2667314684655608193,266.73146842,65.56081939,4.67347002,0.0002081205312
2667316361655643584,266.73163615,65.56435844,11.54714108,9.633373338e-06
2667323447655231180,266.73234473,65.52311806,30.92978287,0
2667335406633125178,266.73354068,63.31251783,8.964601517,0.0001838416792
2667335414655249729,266.73354150,65.52497291,7.305993557,0.0003398125991
2667387832655274723,266.73878326,65.52747234,9.80652523,0.001024968922
2667422164633114448,266.74221649,63.31144480,7.711678028,0.0006232199376
2667564420655373805,266.75644205,65.53738054,4.226281643,0.0001957134227
2667568692633063380,266.75686926,63.30633808,13.36028767,0.000822353235
2667587998655956128,266.75879983,65.59561280,83.12316895,0
2667589131633069087,266.75891314,63.30690879,8.262518883,0.0006939421874
2667597327633087076,266.75973271,63.30870769,61.3026619,0
2667620050655602281,266.76200506,65.56022813,7.439283371,0.0006572840502
2667636562655859658,266.76365627,65.58596588,14.34217453,0.0001964932308
2667660440656090389,266.76604404,65.60903894,11.10855865,0.0004630058247
2667770004655366691,266.77700044,65.53666919,62.31112671,0
2667776034656099102,266.77760340,65.60991025,4.124359608,0.002064598026
2667827893654109405,266.78278936,65.41094056,26.3274765,2.483523076e-07
2667873447653922962,266.78734475,65.39229622,11.09619904,0.000167242586
2668030781654116336,266.80307816,65.41163365,17.19363213,8.142749721e-06
2668079878655432050,266.80798782,65.54320503,14.48745155,3.689605001e-05
2668147996654212104,266.81479966,65.42121043,10.78586006,0.0004612808116
2668223337654133321,266.82233376,65.41333217,10.24225616,0.003684552386
2668352656653967445,266.83526564,65.39674453,13.20888805,0.001859074575
2668367222655728223,266.83672230,65.57282233,5.358550549,0.001756382408
2668442181653614160,266.84421818,65.36141605,7.606354237,0.0006083297194
2668511044654327132,266.85110441,65.43271325,6.825570107,0.000270296965
2668553834655705565,266.85538343,65.57055656,26.6753006,0
2668598215655414219,266.85982159,65.54142200,17.44781113,1.480334504e-07
2668631409653754282,266.86314095,65.37542822,6.669276714,0.0001737865823
2668646679653788521,266.86466799,65.37885216,4.415872097,2.080617924e-05
2668800792654023216,266.88007922,65.40232162,16.62689781,8.533323239e-07
2669041452654283797,266.90414527,65.42837974,54.9699707,0
2669068185656560843,266.90681856,65.65608434,24.39016151,1.139566848e-05
2669083312653884149,266.90833120,65.38841500,5.306199551,0.002137863543
2669127707654238476,266.91277071,65.42384769,31.74067307,0
2669160736654151239,266.91607369,65.41512399,39.71821213,0
2669343035656939949,266.93430352,65.69399494,3.784290791,0.0003713556507
2669357284653987047,266.93572843,65.39870471,4.421636581,0.0005641286843
2669423928654162629,266.94239288,65.41626298,7.987384319,0.0001597187074
2669430165653829712,266.94301653,65.38297129,18.01960754,4.48343817e-05
2669440104653837570,266.94401044,65.38375703,5.472747803,0.0002568966593
2669489003657036859,266.94890039,65.70368597,4.67843771,0.001836520969
2669578778654194305,266.95787782,65.41943055,5.717190742,1.191050796e-05
2669593024657081946,266.95930250,65.70819469,8.544078827,0.0002754002053
2669761408656872340,266.97614081,65.68723408,6.509807587,1.209866241e-05
2669802234656683164,266.98022342,65.66831643,119.8923035,0
2669831804656586982,266.98318045,65.65869830,7.921325207,0.0004651298514
2670048084657084477,267.00480848,65.70844780,12.95875835,0.001927394303
2670393026656777244,267.03930264,65.67772441,5.441830635,3.479084626e-05
2670404773656352467,267.04047735,65.63524673,116.6346283,0
2670438788656816628,267.04387886,65.68166290,6.760753155,0.0002984828898
2670455655656341543,267.04556555,65.63415439,8.638884544,0.00116754265
2670528157656456681,267.05281579,65.64566819,5.599109173,0.001103235409
2670650079656987662,267.06500794,65.69876628,82.89522552,0
2670707924656317195,267.07079246,65.63171952,23.1247139,0
2670715170657001776,267.07151701,65.70017764,9.070568085,0.001030278858
2670796515648529359,267.07965156,64.85293597,3.814723253,0.002878508996
2670824598656928223,267.08245985,65.69282237,17.17448235,9.923223843e-07
2670919125656425893,267.09191258,65.64258940,3.800909519,0.0001867857209
2670958805648019686,267.09588056,64.80196861,8.043539047,8.338235784e-05
2670965557648245099,267.09655571,64.82450999,6.776096344,0.0008778293268
2671006634656640840,267.10066343,65.66408406,86.67798615,0
2671096637648551205,267.10966371,64.85512052,4.779794693,0.001003302401
2671096800656784798,267.10968003,65.67847984,30.162817,0
2671199590648413664,267.11995907,64.84136647,10.29208374,0.0005109054619
2671350921647845230,267.13509218,64.78452304,4.840628624,0
2671738586648639810,267.17385864,64.86398101,113.7260971,0
2671818864648049640,267.18188644,64.80496406,11.73077679,0.1200739294
2671837432648157047,267.18374327,64.81570475,10.17706394,0.0008268856909
2671906012647796143,267.19060129,64.77961439,4.532752514,3.06712522e-08
2671915116648349312,267.19151165,64.83493126,5.827960491,0.001823153347
2671952568648317688,267.19525684,64.83176880,22.32328415,1.128685554e-07
2672073713647881912,267.20737132,64.78819129,18.63559532,1.287112013e-06
2672147884647799112,267.21478847,64.77991126,4.180073261,0.001770905219
2672234129648693818,267.22341293,64.86938184,19.38476944,6.433154565e-10
2672245757647996866,267.22457574,64.79968666,42.99502563,0
2672265283648567076,267.22652838,64.85670763,4.205564499,0.0009816789534
2672266743648632053,267.22667432,64.86320540,10.79601383,0.0002404752013
2672316013648009198,267.23160132,64.80091981,12.07762814,6.507747457e-05
2672374007647911086,267.23740074,64.79110869,5.156103611,0.0006984770298
2675073163659317218,267.50731630,65.93172183,6.22446537,0.001017068163
2675401818659396140,267.54018189,65.93961405,6.433223248,8.677288861e-06
2675545913659572775,267.55459136,65.95727756,3.668492317,0.002273127204
2675602504659135513,267.56025047,65.91355135,9.498053551,0.0007276789402
2675766424659576461,267.57664243,65.95764617,17.88920784,3.297450576e-06
2675992582659026328,267.59925827,65.90263290,10.08671951,0.001189859933
2676111262659430014,267.61112626,65.94300145,4.645568848,0.002202538541
2676194945659161865,267.61949452,65.91618650,4.771929741,0.00171631854
2676204935659427863,267.62049358,65.94278633,4.183245659,0.002675562166
2676397352659703292,267.63973526,65.97032920,5.716988564,1.481557888e-06
2676437822659481306,267.64378226,65.94813068,12.53704834,0.0002321824286
2676452381659140411,267.64523815,65.91404114,6.33229208,0.0007929090061
2676503705659183131,267.65037056,65.91831315,5.46864748,1.048592731e-05
2676507649659262178,267.65076492,65.92621781,8.665691376,3.538737292e-05
2676610166659104868,267.66101668,65.91048681,14.23411846,0.0009638604824
2676780716659521008,267.67807162,65.95210086,5.50454855,1.909357889e-05
2676792092659266064,267.67920925,65.92660644,5.021512508,0.0001827834785
2676837903659273107,267.68379032,65.92731079,6.600038052,0.1300152987
2677195257659314436,267.71952570,65.93144370,10.71653843,0.0005436663632
2677313685659521393,267.73136860,65.95213937,4.721860886,1.080666721e-06
2677497806651194590,267.74978062,65.11945903,3.678328753,0.0003356153029
2677507511651276858,267.75075118,65.12768586,14.18608856,0.001060980256
2677623502651498387,267.76235023,65.14983876,4.425048351,0.0007629157044
2677693600651170844,267.76936002,65.11708446,5.854269028,0.0007885082159
2677717840651738707,267.77178409,65.17387080,6.047446251,0.0001646591845
2677774482651038107,267.77744821,65.10381076,5.866553783,5.643092663e-05
2677859081651681790,267.78590820,65.16817910,6.266750813,0.0002456843213
2677944239651717923,267.79442397,65.17179237,8.847393036,0.009883794934
2678025721651753321,267.80257218,65.17533212,8.93716526,0.0006482425379
2678034421651281266,267.80344214,65.12812664,3.673875332,0.0003037056595
2678106826651471772,267.81068265,65.14717721,4.389692783,0.0002879957028
2678230663651076000,267.82306639,65.10760008,5.00009346,0.0007775819395
2678541619650912714,267.85416198,65.09127142,6.33223772,0.0001203382271
2678625061651567207,267.86250620,65.15672078,16.83713341,2.236593843e-07
2678739291651817417,267.87392919,65.18174175,6.045058727,0.3063424826
2678883125651659463,267.88831256,65.16594633,4.915162086,0.0004181851109
2679074260651429227,267.90742605,65.14292274,20.88327217,0
2679156393651450121,267.91563937,65.14501219,88.44416046,0
2679361723651210645,267.93617239,65.12106454,3.728354454,0.001968564
2679435685651404254,267.94356851,65.14042544,3.773104191,0.00563040562
2679974434653337405,267.99744345,65.33374050,6.226886272,0.003171317279
2680133996653521641,268.01339963,65.35216415,5.705461979,0.003424452152
2680148776653087243,268.01487770,65.30872439,5.430679321,0.0001899438066
2680166021653093137,268.01660212,65.30931374,29.65942001,7.242967695e-05
2680172225653214049,268.01722254,65.32140495,49.27120209,0
2680354863653022479,268.03548638,65.30224799,250.6281586,0
2680479452653449491,268.04794529,65.34494912,4.156536102,9.91045963e-05
2680524284653389662,268.05242840,65.33896623,7.016484261,0.0003680638038
2680586976653103351,268.05869763,65.31033519,4.053571701,0.0004728995264
2680667971652945939,268.06679711,65.29459396,4.075567245,0.0007205922157
2680727532653441427,268.07275324,65.34414272,7.926016331,0.001122509129
2680746842653629544,268.07468429,65.36295444,7.615665913,0.3414020836
2680896699652993611,268.08966997,65.29936111,4.147226334,0.001849402208
2680962488653225874,268.09624888,65.32258749,7.065024853,8.505575352e-06
2681070730653183232,268.10707309,65.31832327,5.219370842,5.435953465e-09
2681222547653621523,268.12225470,65.36215240,35.54315567,0
2681419083653134565,268.14190831,65.31345658,34.72258377,0
2681524037653648830,268.15240372,65.36488305,7.059858322,0.0001030050698
2681694513653427462,268.16945132,65.34274626,117.0142975,0
2682148472653101912,268.21484729,65.31019120,8.671787262,0.0007127809804
2687344983682429793,268.73449836,68.24297939,32.94863892,0
2687374650682517481,268.73746509,68.25174818,11.31191921,0.0004986858694
2687420387682212703,268.74203870,68.22127039,7.635189533,0.0008132231887
2687440781682086502,268.74407811,68.20865023,5.587456226,0.00239237654
2687449468682065076,268.74494689,68.20650765,14.87602234,0.001287801075
2687590772682663227,268.75907726,68.26632277,7.726274014,0.0002045822039
2687686116682643318,268.76861165,68.26433183,7.990317345,0.001195674879
2687744252682624799,268.77442525,68.26247996,143.8986053,0
2687777675682644272,268.77776758,68.26442720,5.038274765,0.0003552437993
2687993824681947834,268.79938243,68.19478342,17.28777504,0.001412390731
2688014278665969794,268.80142788,66.59697947,39.62548828,0
2688024358682529485,268.80243586,68.25294860,6.590838432,0.0001792189578
2688083307681995172,268.80833071,68.19951728,6.811975002,1.45791646e-05
2688171190682755771,268.81711903,68.27557719,4.403796673,0.0003798285034
2688296680682278056,268.82966809,68.22780568,6.128071308,1.408169359e-09
2688305673665764838,268.83056736,66.57648389,9.996081352,0.0009209761629
2688353395665784333,268.83533958,66.57843340,38.61105347,0
2688421280665826993,268.84212808,66.58269936,10.23333263,0.001580684562
2688475182682574564,268.84751828,68.25745644,4.203385353,0.0002285777009
2688503821665786063,268.85038218,66.57860640,17.98192978,0.001123308903
2688722652666265737,268.87226526,66.62657372,43.9586525,0
2688731998665719663,268.87319987,66.57196635,5.693134785,0.0002219700254
2688831772682724975,268.88317721,68.27249758,3.724670649,8.486325896e-06
2688947259666503660,268.89472598,66.65036610,4.541429043,0.0004740617296
2688954636682770586,268.89546367,68.27705864,4.615589619,0.002066299552
2689028546666178607,268.90285461,66.61786074,20.24979591,0.0005278140306
2689090490682131048,268.90904902,68.21310487,4.780614376,0.002116428688
2689163754665865831,268.91637544,66.58658316,3.685672522,0.0009612627327
2689189078682225300,268.91890783,68.22253000,26.93244934,0
2689200790665700029,268.92007905,66.57000298,23.85724258,0
2689269433666495001,268.92694334,66.64950012,4.494718552,0.001875345595
2689321921665766130,268.93219214,66.57661300,3.730367422,0.004606637638
2689347741665828236,268.93477411,66.58282361,8.606041908,0.0007859718171
2689437521666444825,268.94375217,66.64448251,266.8331909,0
2689452960666040434,268.94529608,66.60404342,4.277597427,0.0007693648222
2689465535682385566,268.94655359,68.23855665,23.63182449,0.001765741617
2689569357665852712,268.95693577,66.58527123,5.952494144,0.001972329803
2689856770665834177,268.98567700,66.58341778,8.127456665,0.001172588207
2689872453665714218,268.98724533,66.57142186,4.664575577,0.0008460382232
2690070190665833160,269.00701905,66.58331604,33.89247131,0
2695407998655697189,269.54079984,65.56971896,17.40363884,0.002141180914
2695982891655440444,269.59828916,65.54404448,25.70734215,0
2696145883656180509,269.61458838,65.61805097,5.788346291,0.0002783897799
2696166744663878710,269.61667449,66.38787109,5.869670391,0.001826861058
2696276605655583168,269.62766051,65.55831686,8.962361336,0.001153958496
2696371953655856560,269.63719532,65.58565602,9.811933517,0.001020583324
2696410811655537101,269.64108118,65.55371012,5.471589565,0.007808865514
2696558186655485007,269.65581870,65.54850075,4.028819561,4.288792479e-05
2696563983655884616,269.65639838,65.58846164,13.23760319,0.0001898052142
2696631706655532033,269.66317066,65.55320334,9.268676758,0.0003055980196
2696647689655978188,269.66476896,65.59781881,9.236736298,0.0008455727366
2696672848663777722,269.66728487,66.37777224,16.794981,3.075135737e-07
2696703470655537540,269.67034706,65.55375401,4.148020267,0.0008704960928
2696707918663673924,269.67079182,66.36739243,21.31441689,0
2696764372664002432,269.67643729,66.40024321,24.05945778,0
2696764416655357705,269.67644168,65.53577050,22.07114601,0.0002069763577
2696874606655388073,269.68746063,65.53880738,16.1106987,2.441008291e-06
2696929610655652105,269.69296110,65.56521052,33.87571335,1.011808484e-10
2696976340664254624,269.69763403,66.42546246,5.465671062,0.0001577277872
2697039404655733466,269.70394042,65.57334667,24.25222588,0
2697127034663724427,269.71270349,66.37244276,34.88250351,0
2697165657655950716,269.71656574,65.59507170,6.871824265,0.0002160491131
2697221851663482108,269.72218515,66.34821085,10.30831623,4.103931497e-05
2697285603664166084,269.72856033,66.41660844,53.25895309,0
2697298578663901420,269.72985785,66.39014204,5.13812685,0.00036298536
2697510971655634318,269.75109714,65.56343190,5.063454628,2.052237733e-06
2697545468664102757,269.75454684,66.41027578,8.07403183,0.001207308611
2697591196655740120,269.75911963,65.57401206,3.746174812,0.002161297947
2697632483663541045,269.76324830,66.35410452,3.897852898,0.001915774192
2697643503663916567,269.76435032,66.39165671,6.615050316,0.1951908022
2697674640655898455,269.76746409,65.58984558,4.819767952,0.001106500626
2697714414655880409,269.77144143,65.58804095,4.076743603,0.001832559472
2697753822663779913,269.77538221,66.37799131,5.428944111,0.0008522158023
2697862293663972586,269.78622939,66.39725869,17.88292885,0.001629738021
2697909960663813119,269.79099601,66.38131195,4.238283157,0.002316703089
2697973661663849536,269.79736617,66.38495361,4.342941284,0.003372171661
2698165896664231993,269.81658960,66.42319940,4.939568996,0.3802839518
2698301536663923495,269.83015361,66.39234951,66.09897614,0
2698458664664094244,269.84586647,66.40942444,13.49431324,0.0001196318844
2698460866664107446,269.84608664,66.41074463,3.634911776,0.0003103750059
2701430222649840092,270.14302221,64.98400924,5.186317921,0.0002580526634
2701526627649636551,270.15266277,64.96365516,9.634542465,0.4042528272
2701752326649396715,270.17523263,64.93967155,4.212049484,0.002554034349
2701915493649531226,270.19154940,64.95312267,10.23517513,0.0001054763125
2702035647650030467,270.20356473,65.00304674,5.871684551,0.0002678714518
2702310581649638576,270.23105814,64.96385766,7.301590443,0.0008905039867
2702331854649326600,270.23318545,64.93266001,3.754652977,0.0001004706719
2702402534649306967,270.24025343,64.93069670,4.202804565,0.002835685154
2702406187649616377,270.24061875,64.96163778,4.285084248,0.001795525313
2702424761650238808,270.24247614,65.02388085,18.57267761,3.569739704e-07
2702455772649725134,270.24557730,64.97251345,3.856179714,0.003166602692
2702487510649768691,270.24875100,64.97686914,3.932666302,0.001278601238
2702638220650006811,270.26382210,65.00068117,6.639466763,0.0001478967752
2702679524649594362,270.26795242,64.95943624,4.863473415,0.0001541534293
2702719524649619006,270.27195242,64.96190069,4.106639385,0.0008007796714
2702817529649834834,270.28175299,64.98348341,16.82307816,1.523002447e-05
2703038277650085877,270.30382777,65.00858775,3.972543955,0.001729627489
2703129299649546373,270.31293000,64.95463737,4.498669624,0.002077771118
2703371507649720270,270.33715075,64.97202708,15.61209869,2.894960744e-05
2703475126649860378,270.34751260,64.98603785,4.364379406,0.001011159271
2706845846644038981,270.68458462,64.40389819,4.360788822,0.0001781035826
2706965981675015882,270.69659811,67.50158822,6.548404694,0.0009211267461
2706971323643919150,270.69713237,64.39191503,4.215488434,6.414700238e-06
2706995515644152179,270.69955156,64.41521797,5.969897747,0.001401887741
2707043943643952374,270.70439434,64.39523750,20.99184418,0
2707221355644150872,270.72213550,64.41508728,4.05350399,0.0006724671111
2707229462675568613,270.72294630,67.55686139,12.39876652,0.001224677311
2707312681653310928,270.73126819,65.33109280,3.695137262,0.0003176858008
2707319214644147516,270.73192146,64.41475162,5.351116657,0.001402621856
2707330295643750597,270.73302956,64.37505975,3.869643211,0.0002646592038
2707358485675039901,270.73584854,67.50399016,7.647516727,5.37459855e-05
2707384329675161964,270.73843297,67.51619647,10.0383873,0.0001311169908
2707398358644367367,270.73983583,64.43673679,5.243281841,0.002078186255
2707404547675407692,270.74045471,67.54076923,9.542946815,0.0003556743031
2707407653653146806,270.74076535,65.31468064,11.20710278,0.001162793953
2707511552674816973,270.75115529,67.48169733,14.35662842,0.001120249741
2707585555675195918,270.75855556,67.51959181,3.681151628,0.0005007457803
2707620115644204306,270.76201154,64.42043065,3.988840818,0
2707641977653516459,270.76419776,65.35164599,4.531986713,0.0006771221524
2707661618653030759,270.76616183,65.30307597,3.936644077,0.0006120335311
2707685350674859848,270.76853506,67.48598489,5.443184853,0.0002096862008
2707730315675408242,270.77303157,67.54082425,3.732060194,2.279111868e-06
2707735335675261611,270.77353351,67.52616111,8.733405113,6.808037142e-05
2707775090675489325,270.77750903,67.54893256,3.738904238,0.0002901408006
2707788580653676044,270.77885805,65.36760446,21.11348152,1.590372278e-07
2707794414644163478,270.77944146,64.41634786,53.02399445,0.03747363016
2707801301643699741,270.78013011,64.36997412,6.004272461,2.088743827e-07
2707822040674641245,270.78220403,67.46412452,22.46955109,0.0003679931397
2707862107675355019,270.78621073,67.53550190,9.170983315,0.000674444309
2707928365643746490,270.79283650,64.37464901,7.796237469,1.106397758e-05
2707953400653400124,270.79534003,65.34001244,5.662112236,0.0001228671754
2708009433652817258,270.80094335,65.28172581,23.07175255,0.001077910303
2708048906644309825,270.80489062,64.43098257,6.198898792,7.891638234e-05
2708123139653242686,270.81231398,65.32426865,6.663823605,2.347286318e-05
2708142728644304907,270.81427288,64.43049076,5.933839321,0.0003969357349
2708166194644358244,270.81661944,64.43582448,5.180994034,0.00200713519
2708185323653000038,270.81853231,65.30000385,6.400359154,0.001812121598
2708189208652983945,270.81892084,65.29839452,14.23704243,5.280215191e-05
2708289075643709655,270.82890756,64.37096554,9.308634758,0.0007675953093
2708316603653756597,270.83166040,65.37565977,45.0284996,0
2708376876675239371,270.83768762,67.52393720,4.388785839,3.658234391e-06
2708390443675482986,270.83904437,67.54829866,58.88620377,0
2708392423643665767,270.83924239,64.36657671,6.270971775,0.0001313150715
2708436723674979192,270.84367235,67.49791929,42.29377365,0
2708446714652820933,270.84467142,65.28209333,7.278886795,0.0001725789189
2708487877674739199,270.84878771,67.47391995,5.68553257,0.0003089666134
2708504615644199865,270.85046157,64.41998659,4.108390808,0.002209988423
2708578048644240466,270.85780480,64.42404666,5.109768867,0.00203477894
2708650452653306704,270.86504523,65.33067043,3.798984289,0.0003048882063
2708748659675376206,270.87486597,67.53762067,5.906617165,3.089913298e-05
2708749117674883853,270.87491175,67.48838532,5.115944862,0.0004475757887
2708751449653052230,270.87514490,65.30522309,4.278997898,0.002224730561
2708831726674969928,270.88317262,67.49699282,5.408223629,1.424840957e-05
2708911786643971701,270.89117868,64.39717019,24.29106903,0.002767401747
2708931056653040489,270.89310565,65.30404896,7.652821064,2.446448525e-05
2708957857652928239,270.89578576,65.29282396,3.956400156,0.0003160891356
2709036285653448605,270.90362857,65.34486057,10.31610012,0.001449965173
2709044671653617308,270.90446710,65.36173081,4.620390892,0.0002138854179
2709070352646906835,270.90703524,64.69068352,12.82938004,0.0003391515056
2709293906646781721,270.92939065,64.67817214,6.228496075,0.002550034318
2709311448646824489,270.93114480,64.68244897,5.576349735,0.0006278544315
2709353360646854458,270.93533606,64.68544586,24.91989326,0
2709422670653094783,270.94226703,65.30947840,3.78182292,0.002367617097
2709484908653287616,270.94849082,65.32876166,5.094543457,0.0004683720763
2709603724646771885,270.96037244,64.67718858,11.50436306,0.0003982474154
2709621060646903831,270.96210607,64.69038320,6.898528099,7.326909781e-06
2709636268646356711,270.96362680,64.63567116,5.752297878,0.0005789743736
2709876022646693426,270.98760222,64.66934264,56.22278595,0
2709877987646514394,270.98779877,64.65143940,3.981167793,0.002879118081
2709951940646525789,270.99519400,64.65257892,5.128930569,0.002067333553
2709999368646138326,270.99993684,64.61383261,14.68584061,0.0002186260972
2710095512647069101,271.00955121,64.70691013,57.78259659,0
2710111968646741778,271.01119683,64.67417787,4.46566534,0.0005704403156
2710184773646979407,271.01847730,64.69794073,4.710503101,0.001586579368
2710274401646396505,271.02744015,64.63965059,4.872343063,0.0002531190694
2710340061646316112,271.03400613,64.63161126,26.26039696,0
2710437256646345597,271.04372563,64.63455978,65.15224457,0
2710770495646897186,271.07704959,64.68971861,12.72263908,0.000290432421
2710792796646660303,271.07927961,64.66603033,7.529290199,0.0008473417838
2710872149646625052,271.08721495,64.66250521,36.11100006,0
2711186770674292081,271.11867706,67.42920819,29.87348175,0
2711200632674110956,271.12006323,67.41109562,5.356231213,0.0006614406593
2711219093674262913,271.12190937,67.42629132,3.806922913,0.001733814483
2711263491674160064,271.12634917,67.41600643,4.322072983,0.0001753742545
2711418639674283080,271.14186397,67.42830809,16.14029694,0.001446197857
2711879761673546796,271.18797619,67.35467963,3.773962736,0.0008242281037
2711901882673994485,271.19018822,67.39944854,5.397964001,0.000208401194
2711986726674211025,271.19867263,67.42110255,7.724023819,8.379879728e-05
2712046917673759177,271.20469176,67.37591773,9.169196129,0.0005422443501
2712132940674021826,271.21329401,67.40218268,8.68795681,2.711793059e-05
2712167070673977475,271.21670709,67.39774754,9.218235016,0.0002944320731
2712352681673531743,271.23526817,67.35317437,17.56161499,2.727090198e-08
2712458353674111375,271.24583533,67.41113756,8.348676682,0.0008644270711
2712500685674135453,271.25006855,67.41354538,28.97537613,0
2712521998674290390,271.25219984,67.42903900,3.79882741,0.000447245955
2712740716673547356,271.27407167,67.35473562,3.928269148,0.0007099304348
2712902352674100805,271.29023526,67.41008057,6.426478863,2.165897058e-05
2713246543674180211,271.32465438,67.41802116,4.843664646,5.061449428e-06
2713296249674223768,271.32962494,67.42237682,4.060332298,0.002125692554
2713308733680877228,271.33087331,68.08772288,4.90787077,0.0001737685961
2713336243673937039,271.33362437,67.39370398,10.97536659,0.001076312852
2713516429680659600,271.35164296,68.06596001,4.424036026,0.0003306033323
2713537848681085522,271.35378482,68.10855229,11.95112038,7.920198186e-06
2714070395681030556,271.40703956,68.10305560,9.344127655,0.000280714914
2714129624680754428,271.41296242,68.07544287,180.3830261,0
2714238238681233794,271.42382387,68.12337950,11.44865322,0.001461986569
2714282814680889314,271.42828141,68.08893143,108.5363846,0
2714295053680506549,271.42950535,68.05065496,4.489341259,2.170131438e-06
2714502849680850357,271.45028496,68.08503577,7.853643417,0.005558426492
2714640167680797131,271.46401678,68.07971319,4.0182271,0.002615290228
2714684023681128604,271.46840231,68.11286041,9.27954483,0.000652694609
2714722311671471718,271.47223113,67.14717184,4.962527752,0.0003380253329
2714957639671353735,271.49576393,67.13537352,9.520627022,0.0004218292597
2715084441680534896,271.50844417,68.05348965,14.59288502,0.002758424962
2715109983671471370,271.51099835,67.14713704,91.15091705,0
2715155333681283811,271.51553336,68.12838112,4.95663166,0.0007995205233
2715167134680814544,271.51671348,68.08145443,6.184331417,7.937896589e-05
2715196179671510501,271.51961796,67.15105011,42.65938187,0
2715225428680714146,271.52254283,68.07141470,285.0438232,0
2715346034671427458,271.53460343,67.14274580,4.571314812,0.0007594114868
2715349219671808152,271.53492193,67.18081525,5.332997799,5.533876902e-06
2715391097680834115,271.53910978,68.08341153,5.693072319,0.0002847870637
2715450846671297863,271.54508468,67.12978637,3.715703726,0.00176537002
2715465469681139726,271.54654697,68.11397260,8.936620712,0.0004200870753
2715562171681043264,271.55621713,68.10432641,6.320597649,0.00115144439
2715615391671236943,271.56153912,67.12369434,6.396050453,0.0004406070511
2715660914671810371,271.56609142,67.18103712,4.492987633,0.0005486063892
2715690669671072851,271.56906692,67.10728514,5.201329231,0.001435504993
2715730772680751513,271.57307730,68.07515133,4.600008965,0.0008851641905
2715733113671495541,271.57331136,67.14955411,6.476816654,0.0001952164021
2715856635680764636,271.58566356,68.07646361,11.38467884,7.64452343e-05
2715955477671167686,271.59554771,67.11676866,7.974537849,0.0004510530562
2716147547671450837,271.61475470,67.14508373,20.71804428,0
2716205364671495559,271.62053649,67.14955593,4.010028362,0.0008002282702
2716251813671792138,271.62518136,67.17921385,12.3220644,0.0003977821325
2716363551671660098,271.63635513,67.16600985,15.69674397,0.0005486625596
2716458916671842988,271.64589161,67.18429886,7.622992039,5.614561451e-05
2716702459671634561,271.67024591,67.16345613,7.33578825,5.888793567e-06
2716847849671228933,271.68478500,67.12289334,4.224893093,0.002110634698
2717088929671204969,271.70889291,67.12049698,6.57827282,0.00666194642
2724028956639932895,272.40289564,63.99328956,10.06587315,0.0001209916663
2724033671639956709,272.40336712,63.99567099,6.402208328,0.0002813917235
2724205469640163395,272.42054690,64.01633956,7.240464687,0.007854931056
2724251455639696074,272.42514552,63.96960740,4.217905998,0.0002060674451
2724493381640082157,272.44933814,64.00821571,9.403663635,0.001996262698
2724496804640118705,272.44968050,64.01187059,7.038720608,5.242044608e-06
2724561392640200804,272.45613922,64.02008047,19.32535744,0.0006220419309
2724564914639520642,272.45649143,63.95206424,5.999592304,0.001016862225
2724715143640106088,272.47151438,64.01060886,9.58539772,0.0004073908203
2724718529639513255,272.47185294,63.95132554,26.42012215,0
2724953317640178032,272.49533176,64.01780328,5.856341362,0.0005450788885
2725027084639406132,272.50270849,63.94061329,46.01128387,0
2725218828639943625,272.52188290,63.99436256,7.53804636,0.007520233281
2725266923640002764,272.52669239,64.00027646,11.76988602,0.0001502148516
2725287202639836107,272.52872027,63.98361075,6.915709496,2.672261871e-05
2725419631639654976,272.54196316,63.96549769,4.878701687,0.000472073385
2725430463639959289,272.54304636,63.99592899,3.839014769,0.0002729171538
2725597995639579135,272.55979958,63.95791359,3.967401028,1.680151036e-05
2725749809639450462,272.57498099,63.94504623,4.809715748,0.0007478239131
2725757979639476540,272.57579793,63.94765401,32.68866348,0
2728023432639439948,272.80234325,63.94399481,3.980780363,0.001445120783
2728156764639164611,272.81567647,63.91646114,9.986844063,5.045024591e-05
2728306632639534020,272.83066328,63.95340208,16.09643745,1.442326436e-07
2728462445639397746,272.84624454,63.93977461,8.252058029,0.0004024494265
2728467784639057809,272.84677849,63.90578096,4.631712914,0.0004166818981
2728515305639690040,272.85153056,63.96900405,6.126249313,5.931191117e-05
2728696751639794610,272.86967520,63.97946109,4.426337719,0.0009613159345
2728717626639682900,272.87176264,63.96829008,8.4135952,0.0003392873332
2728762083639204080,272.87620830,63.92040801,4.015171528,0.002926089102
2728797430639253450,272.87974305,63.92534503,4.929186344,2.682656486e-06
2728844000639681351,272.88440003,63.96813513,5.196572781,0.001609092462
2729301267639335102,272.93012671,63.93351026,9.734811783,0.0001725418406
2729314177639337416,272.93141778,63.93374163,7.523940086,0.0007712597726
2729809561639380732,272.98095610,63.93807328,17.0802021,0.0009112431435
2729812757639383035,272.98127572,63.93830350,10.97398853,0.001890526852
2729854442639328938,272.98544423,63.93289381,49.2737236,0
2729972699639436600,272.99726992,63.94366002,6.251429081,2.045596739e-05
2729998021639498214,272.99980212,63.94982146,7.369391918,0.001808394911
2730110923639370442,273.01109239,63.93704421,9.214140892,0.0003726184368
2730267632639431765,273.02676320,63.94317652,3.672405481,0.00188329129
2731099781681573451,273.10997819,68.15734512,4.939723969,0.001648363424
2731124962681495449,273.11249622,68.14954497,6.544373989,0.007052360568
2731149674681575215,273.11496750,68.15752158,17.68035126,9.459356853e-09
2731303253681394591,273.13032531,68.13945914,16.13381004,0.2984158099
2731486990681277493,273.14869904,68.12774932,23.10425377,0
2731578481681552441,273.15784819,68.15524418,35.92552948,0
2731643716681515538,273.16437167,68.15155383,3.654296875,0.00170921837
2731675717681495033,273.16757173,68.14950334,5.398113728,0.0002286674135
2731685791681302943,273.16857914,68.13029436,7.728560448,1.089586931e-05
2731761955681068030,273.17619556,68.10680305,15.73092556,0.001472190837
2731873197654620826,273.18731975,65.46208262,4.766320705,0.0002271253325
2731893579681258637,273.18935793,68.12586376,19.06284904,0.0006036879495
2731975689654518202,273.19756891,65.45182028,14.8813591,0.0005994754611
2732073371654910872,273.20733717,65.49108721,7.039646149,0.0003558603348
2732153977654808427,273.21539778,65.48084275,5.95765686,0.0020467469
2732274037681172464,273.22740378,68.11724644,6.934431076,0.0005611398374
2732310970681760073,273.23109706,68.17600732,15.43418026,0.0001354344568
2732335971654312260,273.23359714,65.43122606,209.2614594,0
2732358115681232333,273.23581155,68.12323331,5.073323727,0.000450780266
2732451824680822612,273.24518248,68.08226127,21.74015236,1.824843707e-06
2732556936654764806,273.25569365,65.47648067,5.828984737,6.11030373e-07
2732589285654330966,273.25892852,65.43309667,3.961889982,0.001786695677
2732603508680930072,273.26035084,68.09300724,8.060080528,1.467002585e-05
2732604812654498135,273.26048121,65.44981356,20.11374664,1.417353019e-06
2732630759680953139,273.26307596,68.09531399,3.867653847,0.002109431662
2732674017654219369,273.26740180,65.42193692,4.998176098,0.0004951574374
2732745317680638418,273.27453177,68.06384189,92.71479797,0
2732748311655062498,273.27483114,65.50624982,26.84675789,2.532735266e-07
2732800562681453328,273.28005627,68.14533286,4.821182251,0.00051054504
2732835377681620141,273.28353771,68.16201412,5.149392128,0.0006421390572
2732860210654388556,273.28602100,65.43885569,4.17440176,0.000303902023
2733023066681271896,273.30230661,68.12718967,6.277123928,2.533645826e-08
2733084284654980990,273.30842847,65.49809906,5.448156834,0.0005330212298
2733178295654735791,273.31782950,65.47357913,29.23222733,0
2733200555654380866,273.32005550,65.43808669,25.74912834,0
2733220465654902130,273.32204656,65.49021309,54.56333923,0
2733258735680387952,273.32587358,68.03879529,9.937926292,0
2733262012680544961,273.32620121,68.05449618,6.094577312,1.327619248e-05
2733292260681228549,273.32922600,68.12285492,10.95289516,0.001661654795
2733309443680778321,273.33094437,68.07783210,9.704522133,0.0009289523005
2733328003680930838,273.33280030,68.09308384,4.410418034,0.002327737398
2733367445654476229,273.33674458,65.44762293,12.98985863,0.001254319446
2733405449681263957,273.34054496,68.12639572,24.58525658,0
2733420301681396026,273.34203011,68.13960261,5.956421375,0.0008123669541
2733425494680450005,273.34254948,68.04500060,4.145189285,0.01075675711
2733470602655014841,273.34706022,65.50148417,57.46488571,0
2733533400681054568,273.35334001,68.10545683,10.97378349,0.0009336446528
2733553573680960894,273.35535733,68.09608946,213.4002838,0
2733561170681155600,273.35611706,68.11556007,24.56840515,0
2733599945655118227,273.35999459,65.51182275,5.663132668,1.558563213e-06
2733623332654837539,273.36233325,65.48375400,6.494845867,0.01038109418
2733848098680877180,273.38480984,68.08771809,5.400167465,0.0009755704086
2734048293681171791,273.40482938,68.11717918,15.07147694,5.038850759e-06
2734050372654918128,273.40503724,65.49181284,137.7473297,0
2734158708680504281,273.41587083,68.05042810,8.429238319,0.000565579161
2734235116680777483,273.42351166,68.07774833,3.860575914,0.002153847832
2734256473680902492,273.42564731,68.09024930,176.5038757,0
2734635471680625409,273.46354717,68.06254096,225.7215118,0
2734707656680852733,273.47076569,68.08527338,3.717789173,0.01382031199
2734745844680990152,273.47458445,68.09901526,15.62149811,7.127540812e-06
2734754603661291992,273.47546033,66.12919923,13.94294834,0.0002430995519
2735147799661180093,273.51477994,66.11800930,124.3198853,0
2735159945646845733,273.51599452,64.68457333,6.16183567,7.320638542e-05
2735222288683370660,273.52222890,68.33706608,14.2645607,1.264010962e-06
2735254592646760187,273.52545923,64.67601880,8.799862862,0.0006683570682
2735311240661784444,273.53112410,66.17844445,7.435173512,2.958490786e-09
2735362289661514449,273.53622892,66.15144498,5.131437302,0.001846022322
2735368790683064295,273.53687902,68.30642952,6.856579304,0.001261356403
2735389694661068376,273.53896943,66.10683768,7.002651691,0.002346305642
2735472978661954429,273.54729781,66.19544294,3.708683252,0.0002662038896
2735481840661061304,273.54818403,66.10613050,6.644277573,0.00112592557
2735518564661155752,273.55185643,66.11557526,11.44752979,0.0009040578152
2735528822683386910,273.55288226,68.33869106,3.728873968,0.0002759802446
2735536610683050521,273.55366101,68.30505214,7.420506001,0
2735564005683684337,273.55640053,68.36843376,70.13816071,0
2735570400683249541,273.55704002,68.32495410,5.630995274,0.0008820016519
2735748905661168513,273.57489052,66.11685134,4.914730072,0.0002076786914
2735809011661522872,273.58090117,66.15228724,3.966573954,0.0001920472132
2735810121646668420,273.58101217,64.66684208,5.723650455,1.338168295e-05
2735896331661206117,273.58963316,66.12061176,3.917356968,0.000250121986
2735932455647026309,273.59324553,64.70263093,6.229905128,1.872490793e-05
2735952873661336687,273.59528730,66.13366876,7.600921154,8.015489584e-06
2735980788683639832,273.59807887,68.36398330,5.201766968,0.01142898388
2735981000661239029,273.59810007,66.12390300,12.4510088,0.001452232827
2735987706647228297,273.59877064,64.72282977,32.60208511,0
2736009689647199849,273.60096896,64.71998492,3.961509228,0.01426228322
2736011618683528126,273.60116180,68.35281262,6.659691334,0.007832378149
2736079168661874070,273.60791689,66.18740709,13.49586487,0.001675204723
2736122369683598067,273.61223693,68.35980671,5.772130966,0.001200732775
2736128637646776775,273.61286377,64.67767760,4.197571278,0.4369733632
2736235996647338973,273.62359966,64.73389735,12.92272472,0.0009919379372
2736244028661584596,273.62440283,66.15845965,4.737431526,0.001775292796
2736273026646956125,273.62730267,64.69561253,26.88195038,0
2736290252647048941,273.62902522,64.70489416,33.82863235,0
2736313017683274881,273.63130177,68.32748810,8.127157211,0.0002519732516
2736323233661167175,273.63232339,66.11671750,44.0706749,0
2736360567683350274,273.63605676,68.33502745,16.03032494,5.090083732e-07
2736377692661191591,273.63776926,66.11915911,16.54237747,5.614611709e-08
2736479818646866948,273.64798186,64.68669488,5.041856766,0.001869668602
2736528561647119953,273.65285617,64.71199536,3.977987289,0.002781679854
2736591999682979299,273.65919995,68.29792990,12.09701252,0.0002873161575
2736610674661333891,273.66106749,66.13338912,14.32926273,3.75260388e-05
2736615836683750993,273.66158362,68.37509933,5.91278553,1.315335794e-05
2736618022646842575,273.66180221,64.68425758,4.922572136,4.493052188e-07
2736624648661739358,273.66246489,66.17393584,29.470438,0
2736626730683425110,273.66267303,68.34251106,6.627054691,0.000902422471
2736687486683495453,273.66874866,68.34954535,5.784363747,1.611186963e-05
2736722865683801313,273.67228650,68.38013134,4.482064724,2.74991944e-05
2736774684661615418,273.67746847,66.16154184,3.942908764,5.746089755e-06
2736985646683563792,273.69856461,68.35637926,6.623225212,0.0001000960838
2737037610683382854,273.70376105,68.33828548,14.18224812,0.001545043197
2737041453646906084,273.70414532,64.69060845,9.984575272,0.0006116751465
2737078773646536081,273.70787736,64.65360815,7.457225323,4.458481726e-06
2737111064646707375,273.71110649,64.67073759,12.68859386,1.415456154e-05
2737119745647172475,273.71197456,64.71724759,4.777833939,0.001717583044
2737120120647186832,273.71201210,64.71868325,3.836127281,0.003214743687
2737177674646736011,273.71776740,64.67360115,8.951984406,0.0004347172508
2737189712683299936,273.71897125,68.32999362,10.65215969,0.0002916778903
2737423707646890508,273.74237074,64.68905083,27.64785385,2.620427495e-06
2737691520683427703,273.76915210,68.34277034,12.13667583,1.464938123e-05
2738057710670679334,273.80577103,67.06793344,4.174927235,0.0009720713715
2738080734670994888,273.80807343,67.09948881,4.625238895,3.154449587e-06
2738314419671077549,273.83144198,67.10775498,14.44544029,0.0006555849686
2738325166670899918,273.83251665,67.08999186,29.78172684,1.497269531e-09
2738439648670796172,273.84396484,67.07961726,5.903561115,0.0004424107028
2738461433670935718,273.84614336,67.09357183,14.77125454,0.0002005355491
2738682550670712886,273.86825503,67.07128864,3.663069963,0.0002535012609
2738695275671084954,273.86952753,67.10849542,7.688380241,0.000263629423
2738730856670611597,273.87308560,67.06115978,3.847769976,0.002322093816
2738899673670685935,273.88996733,67.06859354,6.867379665,0.000372340146
2738944906670710876,273.89449070,67.07108762,4.722065926,0.001913519576
2739024950670499722,273.90249508,67.04997229,6.109663963,2.790400504e-05
2739053907671277376,273.90539072,67.12773767,6.83344698,0.0003422011505
2739355215670655978,273.93552152,67.06559786,6.87497282,4.246702883e-05
2739421158670519916,273.94211584,67.05199169,11.43657684,0.000938204641
2739480090670633565,273.94800910,67.06335656,5.600099564,0.0001222146093
2739624997670797902,273.96249972,67.07979021,6.747532368,0.01826304197
2739876772670643538,273.98767730,67.06435385,8.939123154,0.0006373602082
2739915747671121593,273.99157477,67.11215931,3.98662734,0.0002562510781
2739918633671087345,273.99186338,67.10873458,6.961053371,9.684485849e-05
2741345437685812936,274.13454378,68.58129368,50.03181458,0
2741364982685618301,274.13649822,68.56183010,19.57423782,2.649554517e-06
2741367437685978551,274.13674372,68.59785515,9.935390472,0.0005496553495
2741419553686184294,274.14195531,68.61842940,3.825914621,0.0002813791216
2741455045685927864,274.14550458,68.59278647,5.372205734,4.260545211e-06
2741478843685493905,274.14788439,68.54939055,22.53249741,0
2741502062685598508,274.15020622,68.55985084,3.977511406,0.002449854976
2741547214685498334,274.15472140,68.54983348,5.795810223,0.001717603067
2741876144685485855,274.18761447,68.54858554,52.4965477,2.139171329e-07
2742055153685974925,274.20551534,68.59749258,7.945737362,0.0008866253193
2742180952686120238,274.21809526,68.61202387,4.973678112,0.0001766824425
2742237021685695777,274.22370212,68.56957773,7.28399086,5.621360833e-05
2742288126685835065,274.22881260,68.58350658,38.57928085,0
2742319981685883229,274.23199814,68.58832292,3.638785124,0.001692955848
2742320920685593375,274.23209206,68.55933759,6.305227757,0.01068407111
2742478816686131637,274.24788163,68.61316378,58.09937668,0
2742479269685842710,274.24792691,68.58427108,41.32140732,1.130707687e-06
2742553667685536727,274.25536677,68.55367273,8.006373405,0
2742737255685920195,274.27372553,68.59201955,3.715595484,0.003293048125
2742997620685821344,274.29976203,68.58213446,41.21482468,0.0003104418574
2745350379653863629,274.53503799,65.38636296,4.488010883,0.01373064704
2745616814654186152,274.56168146,65.41861523,14.00288296,0.001275941031
2745688100654093745,274.56881004,65.40937458,5.079680443,0.001665461343
2745850502653856738,274.58505024,65.38567382,9.651490211,0.2924586833
2745891253653614540,274.58912532,65.36145408,14.53483295,0.001579801785
2745982965653949748,274.59829654,65.39497482,10.5455637,0.001286086277
2746052934653545088,274.60529342,65.35450884,41.13829041,0
2746116642653974860,274.61166430,65.39748600,16.07893181,3.652528176e-05
2746122778654103315,274.61227788,65.41033156,139.4784088,0
2746310365653729043,274.63103656,65.37290438,52.61618423,0
2746361653653544688,274.63616537,65.35446886,9.180051804,0.0002170425141
2746486318654003387,274.64863188,65.40033880,5.223287582,0.0005731177516
2746632712664179772,274.66327128,66.41797722,7.366653442,0.000167710401
2746856221654300569,274.68562215,65.43005693,7.514842033,0.04292148724
2746886939654189048,274.68869399,65.41890480,13.76708984,8.520241681e-05
2746897731653771259,274.68977311,65.37712591,4.093707085,2.110219975e-05
2746901941664483599,274.69019411,66.44835994,4.394460678,0.0003508088121
2746904537664276574,274.69045372,66.42765741,5.270998955,0.000838192529
2746911022654046637,274.69110221,65.40466377,14.78069592,3.209679562e-06
2747012262653686195,274.70122628,65.36861955,13.57344151,0.01055473927
2747036263653654463,274.70362634,65.36544632,4.394188881,0.00157451327
2747045141664571451,274.70451412,66.45714520,5.964489937,0.01012792252
2747074386664584906,274.70743868,66.45849065,7.990756512,0.00062857999
2747128962654062632,274.71289623,65.40626330,63.55529785,0
2747132235665172529,274.71322360,66.51725298,3.732004166,0.0004533470201
2747228221665036943,274.72282210,66.50369435,7.949339867,0.0007804278284
2747274751664555459,274.72747517,66.45554593,5.418978214,3.754919817e-05
2747290534665302435,274.72905350,66.53024358,15.01053238,1.595464937e-06
2747313289665010957,274.73132898,66.50109576,6.957387447,0.0001032766377
2747332750664532159,274.73327503,66.45321597,7.025401592,0.001155255362
2747489685664762252,274.74896856,66.47622523,5.293784142,0.001588433632
2747489979653905355,274.74899799,65.39053551,5.428236008,0.001680282294
2747629803665135198,274.76298032,66.51351988,5.809923172,0.0001427134703
2747701642664420252,274.77016423,66.44202524,55.74611664,0
2747779730665370782,274.77797304,66.53707822,3.69658494,0.0002847834257
2747797049671846520,274.77970493,67.18465200,45.60708237,0
2747901321664700610,274.79013214,66.47006110,27.80210114,0
2747913740665480190,274.79137406,66.54801906,4.812697411,0.002664000029
2747971777664382891,274.79717772,66.43828919,30.4992218,0
2748029518664700306,274.80295189,66.47003063,19.41842651,0
2748049070664709470,274.80490703,66.47094702,8.083633423,4.349428127e-05
2748049192665313206,274.80491930,66.53132069,4.219415188,0.002431328176
2748128145664752822,274.81281452,66.47528228,29.019804,0
2748162682671717716,274.81626827,67.17177163,3.964502573,0.0009743963601
2748185579664432033,274.81855799,66.44320338,37.42756271,0
2748203111665368376,274.82031111,66.53683769,3.657427073,0.0002588168427
2748226138671693631,274.82261383,67.16936311,3.715243101,3.611189868e-06
2748230731671870766,274.82307313,67.18707660,5.666443348,0.0003456612176
2748284660672014656,274.82846601,67.20146561,61.47959518,0
2748309352664789395,274.83093522,66.47893955,3.774622917,0.000434518297
2748341341664270648,274.83413414,66.42706489,91.60487366,0
2748449814665172986,274.84498144,66.51729867,4.170758247,0.00251472299
2748484503664306824,274.84845038,66.43068241,16.6911068,0.0002397430362
2748508209664556379,274.85082095,66.45563799,6.493921757,0.0003750229953
2748559649664499323,274.85596493,66.44993237,160.5522003,0
2748564953672082026,274.85649532,67.20820261,5.861626148,0.02538855374
2748672101665105612,274.86721016,66.51056123,3.656542301,0.006147796754
2748705706671920962,274.87057068,67.19209628,5.159667969,0.0007804445922
2748719211664522040,274.87192113,66.45220400,9.772680283,0.0002146490297
2748739318671802626,274.87393186,67.18026270,12.10380459,1.166949187e-05
2748815494664521286,274.88154944,66.45212867,5.475551605,0.0009689452709
2748843422664304947,274.88434225,66.43049472,20.27612305,0
2748933400671869694,274.89334000,67.18696945,30.79392624,3.001433058e-08
2748948589664860775,274.89485890,66.48607760,4.37624073,0.0001970970188
2748985126671684728,274.89851261,67.16847281,243.0140686,0
2749022941671823709,274.90229415,67.18237098,11.51034927,9.569964277e-06
2749027327665084610,274.90273279,66.50846102,5.410586357,0.000602033746
2749092985665115319,274.90929856,66.51153198,29.57963562,0
2749099990672289262,274.90999903,67.22892622,4.103820801,0.002048886148
2749118177665067910,274.91181776,66.50679108,3.657314777,3.34039687e-05
2749287002671865602,274.92870024,67.18656021,8.385920525,9.762805712e-05
2749363755671943838,274.93637559,67.19438387,43.39315414,0
2749396785672076080,274.93967854,67.20760807,15.07264709,7.011507114e-05
2749419005671818109,274.94190050,67.18181094,4.108921528,0.000666360429
2749441719671876813,274.94417196,67.18768134,5.044382095,0.002335942117
2749461036671908640,274.94610364,67.19086408,4.654284477,9.71917907e-05
2749461845671785902,274.94618459,67.17859023,6.49978447,0.0001104828625
2749664299671820713,274.96642998,67.18207140,7.009869576,0.0004715407558
