id,label,lens_type,image_path,redshift,feature_1,feature_2,feature_3,feature_4,feature_5,feature_6
lens_0899,1,simple,synthetic_lenses_images/lens/simple/lens_0899.png,3.78356,1.050653,0.861051,0.933808,1.132112,0.94409,1.584672
lens_0395,1,compound,synthetic_lenses_images/lens/compound/lens_0395.png,2.693945,1.384205,2.097258,0.864419,1.662386,1.841754,2.285692
nonlens_0069,0,none,synthetic_lenses_images/non_lens/nonlens_0069.png,,-0.74577,0.991117,-0.062086,-0.781312,-0.54271,0.666189
lens_0941,1,simple,synthetic_lenses_images/lens/simple/lens_0941.png,2.341883,1.101819,1.471737,1.183169,1.386497,0.900419,1.243923
lens_0207,1,compound,synthetic_lenses_images/lens/compound/lens_0207.png,2.308424,1.574239,1.850806,1.092675,1.33991,1.627123,1.982378
nonlens_0526,0,none,synthetic_lenses_images/non_lens/nonlens_0526.png,,-0.156201,0.650335,0.959088,-0.364488,-0.064545,0.092226
nonlens_0960,0,none,synthetic_lenses_images/non_lens/nonlens_0960.png,,-0.192933,0.063961,0.294533,-0.188033,0.132789,0.04644
lens_0472,1,compound,synthetic_lenses_images/lens/compound/lens_0472.png,3.055701,2.022034,1.639839,1.546532,1.428981,1.731278,2.362622
nonlens_0524,0,none,synthetic_lenses_images/non_lens/nonlens_0524.png,,-0.197375,-0.065614,0.854334,-0.07149,-0.590166,0.992222
lens_0524,1,simple,synthetic_lenses_images/lens/simple/lens_0524.png,0.458875,1.206032,1.24795,0.678736,0.836528,1.475402,1.172673
nonlens_0741,0,none,synthetic_lenses_images/non_lens/nonlens_0741.png,,-0.263008,-0.470546,0.028112,-0.380474,-0.753188,0.114984
nonlens_0961,0,none,synthetic_lenses_images/non_lens/nonlens_0961.png,,-0.568761,-0.670053,-0.018901,-0.032255,-0.840194,0.203884
lens_0612,1,simple,synthetic_lenses_images/lens/simple/lens_0612.png,1.739651,1.242052,1.074763,0.548135,0.868216,0.80925,1.091065
nonlens_0183,0,none,synthetic_lenses_images/non_lens/nonlens_0183.png,,0.966566,0.829132,-0.75935,0.27342,0.90485,0.585525
lens_0421,1,compound,synthetic_lenses_images/lens/compound/lens_0421.png,1.783536,1.573326,2.023203,1.850238,1.510582,1.93057,2.269168
lens_0664,1,simple,synthetic_lenses_images/lens/simple/lens_0664.png,2.676778,1.036174,1.371363,1.103281,0.879722,1.103192,1.506193
nonlens_1000,0,none,synthetic_lenses_images/non_lens/nonlens_1000.png,,-0.20751,0.643109,0.66239,-0.934661,0.582939,0.977153
lens_0724,1,simple,synthetic_lenses_images/lens/simple/lens_0724.png,1.347601,0.97724,0.915479,0.774328,0.859987,1.2984,1.519425
lens_0694,1,simple,synthetic_lenses_images/lens/simple/lens_0694.png,4.358746,1.066274,1.261795,1.211344,0.852904,1.17048,1.16766
nonlens_0355,0,none,synthetic_lenses_images/non_lens/nonlens_0355.png,,-0.755805,0.335997,-0.443399,-0.833464,0.578,-0.29352
lens_0697,1,simple,synthetic_lenses_images/lens/simple/lens_0697.png,4.017602,1.154543,0.967038,0.59483,1.277711,1.161412,0.790516
nonlens_0578,0,none,synthetic_lenses_images/non_lens/nonlens_0578.png,,-0.054225,-0.879715,0.465004,-0.736731,-0.043972,-0.456636
lens_0990,1,simple,synthetic_lenses_images/lens/simple/lens_0990.png,3.604652,0.940389,1.411209,0.929873,1.140223,0.989816,1.124633
lens_0514,1,simple,synthetic_lenses_images/lens/simple/lens_0514.png,0.765171,0.717825,1.473524,1.15079,0.865033,1.363543,1.396485
nonlens_0282,0,none,synthetic_lenses_images/non_lens/nonlens_0282.png,,-0.64971,-0.780248,-0.50357,0.280272,0.509027,-0.865852
lens_0242,1,compound,synthetic_lenses_images/lens/compound/lens_0242.png,3.190253,1.60854,1.817496,1.780225,1.801744,1.764338,2.677463
lens_0257,1,compound,synthetic_lenses_images/lens/compound/lens_0257.png,0.515184,1.837202,1.578572,1.63111,1.928263,1.93091,2.610528
lens_0170,1,compound,synthetic_lenses_images/lens/compound/lens_0170.png,3.447077,1.821311,1.385474,1.346064,1.228052,1.951595,2.540933
nonlens_0997,0,none,synthetic_lenses_images/non_lens/nonlens_0997.png,,-0.632866,0.657627,-0.684857,0.341497,-0.728536,0.715951
nonlens_0637,0,none,synthetic_lenses_images/non_lens/nonlens_0637.png,,-0.266546,0.935353,0.443148,0.679292,-0.867965,0.484224
lens_0046,1,compound,synthetic_lenses_images/lens/compound/lens_0046.png,4.948354,2.054689,2.103799,1.247426,1.052173,1.894873,2.324137
nonlens_0869,0,none,synthetic_lenses_images/non_lens/nonlens_0869.png,,0.88521,0.017041,0.163769,0.798429,0.607412,-0.447778
lens_0502,1,simple,synthetic_lenses_images/lens/simple/lens_0502.png,1.275368,1.18946,1.402789,1.176471,0.76462,1.353806,1.412582
nonlens_0016,0,none,synthetic_lenses_images/non_lens/nonlens_0016.png,,0.998878,-0.114928,-0.918454,0.095974,0.335043,-0.452423
lens_0742,1,simple,synthetic_lenses_images/lens/simple/lens_0742.png,3.079418,1.400257,0.932986,1.037379,0.87858,0.871746,1.730062
nonlens_0664,0,none,synthetic_lenses_images/non_lens/nonlens_0664.png,,-0.339337,0.178628,0.510192,0.590207,-0.898845,0.177029
lens_0173,1,compound,synthetic_lenses_images/lens/compound/lens_0173.png,1.002189,1.512752,1.810972,1.62042,1.514911,1.585852,2.538191
lens_0674,1,simple,synthetic_lenses_images/lens/simple/lens_0674.png,1.18579,1.321035,1.007095,0.624912,0.889259,1.156448,1.409433
lens_0936,1,simple,synthetic_lenses_images/lens/simple/lens_0936.png,3.7011,1.228513,1.103826,1.148419,0.946523,0.995732,1.372064
nonlens_0463,0,none,synthetic_lenses_images/non_lens/nonlens_0463.png,,-0.21056,-0.556242,-0.717168,-0.795649,-0.81085,0.19971
lens_0775,1,simple,synthetic_lenses_images/lens/simple/lens_0775.png,4.41972,1.181415,1.483867,0.612577,0.8896,1.513244,0.943515
nonlens_0859,0,none,synthetic_lenses_images/non_lens/nonlens_0859.png,,0.342073,0.764611,0.594679,0.769489,-0.717069,-0.259912
nonlens_0006,0,none,synthetic_lenses_images/non_lens/nonlens_0006.png,,-0.083591,0.981951,-0.473653,0.587282,-0.581238,0.541618
lens_0112,1,compound,synthetic_lenses_images/lens/compound/lens_0112.png,3.1772,1.693213,1.739619,1.563759,1.305532,2.059671,1.938999
lens_0777,1,simple,synthetic_lenses_images/lens/simple/lens_0777.png,3.849159,1.019663,1.175545,0.776448,0.864964,1.512995,0.830809
lens_0249,1,compound,synthetic_lenses_images/lens/compound/lens_0249.png,3.552337,1.504193,2.33666,1.168505,1.73907,1.495751,2.09768
nonlens_0244,0,none,synthetic_lenses_images/non_lens/nonlens_0244.png,,0.13203,-0.302974,-0.387305,0.65147,0.035344,-0.176922
nonlens_0017,0,none,synthetic_lenses_images/non_lens/nonlens_0017.png,,-0.011014,0.666496,0.966525,-0.509297,-0.548335,0.29579
lens_0686,1,simple,synthetic_lenses_images/lens/simple/lens_0686.png,3.03196,1.186304,1.305475,1.202618,1.270753,1.060332,1.564208
lens_0563,1,simple,synthetic_lenses_images/lens/simple/lens_0563.png,0.467551,1.073747,1.369272,0.706673,1.055236,1.207,1.357154
nonlens_0347,0,none,synthetic_lenses_images/non_lens/nonlens_0347.png,,0.20049,-0.897609,0.977737,-0.573171,0.322577,-0.424886
nonlens_0446,0,none,synthetic_lenses_images/non_lens/nonlens_0446.png,,0.27249,0.877194,0.849285,-0.630467,-0.870971,-0.464379
nonlens_0973,0,none,synthetic_lenses_images/non_lens/nonlens_0973.png,,-0.05948,-0.92473,0.47823,0.950103,0.130093,0.232917
nonlens_0794,0,none,synthetic_lenses_images/non_lens/nonlens_0794.png,,-0.128515,-0.645948,-0.718173,0.88605,-0.331465,0.17527
lens_0414,1,compound,synthetic_lenses_images/lens/compound/lens_0414.png,3.386887,1.939051,1.733899,1.80545,1.302058,2.027219,1.722437
nonlens_0082,0,none,synthetic_lenses_images/non_lens/nonlens_0082.png,,0.072909,-0.27973,-0.711185,0.274186,-0.651294,0.93474
nonlens_0550,0,none,synthetic_lenses_images/non_lens/nonlens_0550.png,,-0.084229,0.620519,0.825837,0.390561,-0.117189,-0.286124
nonlens_0676,0,none,synthetic_lenses_images/non_lens/nonlens_0676.png,,-0.947386,-0.065463,0.031142,0.639627,0.081101,-0.656944
lens_0580,1,simple,synthetic_lenses_images/lens/simple/lens_0580.png,2.254374,1.049321,1.37172,1.214624,1.05517,0.845638,1.288802
lens_0188,1,compound,synthetic_lenses_images/lens/compound/lens_0188.png,2.274193,1.506008,1.565092,1.095406,1.458452,1.473909,2.129006
lens_0148,1,compound,synthetic_lenses_images/lens/compound/lens_0148.png,2.023469,1.315838,1.957905,1.150075,1.837999,2.004942,2.089136
nonlens_0593,0,none,synthetic_lenses_images/non_lens/nonlens_0593.png,,-0.267412,0.030628,0.477497,-0.664582,-0.262331,-0.581698
lens_0888,1,simple,synthetic_lenses_images/lens/simple/lens_0888.png,0.814649,0.979302,1.450886,1.035964,0.986328,1.071931,1.209873
nonlens_0611,0,none,synthetic_lenses_images/non_lens/nonlens_0611.png,,0.621527,0.549862,0.222426,0.45006,-0.639079,-0.106347
nonlens_0903,0,none,synthetic_lenses_images/non_lens/nonlens_0903.png,,-0.33835,-0.092937,0.173653,0.789829,0.594975,-0.463498
nonlens_0430,0,none,synthetic_lenses_images/non_lens/nonlens_0430.png,,-0.911963,-0.018983,0.675803,-0.720575,0.580056,0.397551
nonlens_0695,0,none,synthetic_lenses_images/non_lens/nonlens_0695.png,,-0.43392,0.21965,-0.232539,-0.50269,-0.470337,0.223608
nonlens_0317,0,none,synthetic_lenses_images/non_lens/nonlens_0317.png,,0.080741,-0.014703,-0.81537,0.94012,0.616197,0.29594
lens_0113,1,compound,synthetic_lenses_images/lens/compound/lens_0113.png,2.062769,1.806422,1.744846,1.947812,2.056709,2.069974,1.787697
lens_0539,1,simple,synthetic_lenses_images/lens/simple/lens_0539.png,3.977342,1.015779,1.25106,0.700174,1.121363,1.401823,1.229926
lens_0850,1,simple,synthetic_lenses_images/lens/simple/lens_0850.png,4.888401,0.911002,1.256532,0.497292,0.84532,0.699045,1.511918
lens_0178,1,compound,synthetic_lenses_images/lens/compound/lens_0178.png,2.663306,1.651717,1.982393,0.905341,1.636214,1.935192,2.381839
lens_0181,1,compound,synthetic_lenses_images/lens/compound/lens_0181.png,2.944799,1.330728,1.640664,0.913243,1.564505,2.444149,2.463623
nonlens_0448,0,none,synthetic_lenses_images/non_lens/nonlens_0448.png,,0.058579,-0.990057,0.251157,-0.482677,0.713892,-0.64511
lens_0124,1,compound,synthetic_lenses_images/lens/compound/lens_0124.png,3.573405,1.594988,1.602663,1.40964,1.846819,1.949438,2.067363
nonlens_0151,0,none,synthetic_lenses_images/non_lens/nonlens_0151.png,,0.970569,0.209542,0.07262,0.648273,0.291683,0.915451
lens_0073,1,compound,synthetic_lenses_images/lens/compound/lens_0073.png,0.80167,1.336861,2.163934,1.13185,1.297925,1.851876,2.203803
lens_0277,1,compound,synthetic_lenses_images/lens/compound/lens_0277.png,4.82976,1.714459,1.596906,1.081088,1.809351,1.751628,2.293114
lens_0830,1,simple,synthetic_lenses_images/lens/simple/lens_0830.png,0.497849,1.064932,1.274044,0.869405,1.009867,1.04452,1.266043
nonlens_0426,0,none,synthetic_lenses_images/non_lens/nonlens_0426.png,,0.474007,0.067086,0.714352,0.12013,-0.210786,0.299311
lens_0781,1,simple,synthetic_lenses_images/lens/simple/lens_0781.png,3.742571,1.371058,1.01397,0.893964,0.807912,1.452273,1.412836
nonlens_0201,0,none,synthetic_lenses_images/non_lens/nonlens_0201.png,,-0.253356,0.873856,0.046242,0.638722,-0.561857,-0.297731
lens_0805,1,simple,synthetic_lenses_images/lens/simple/lens_0805.png,1.327437,1.310633,1.256087,1.375108,1.2239,0.938019,1.341117
lens_0346,1,compound,synthetic_lenses_images/lens/compound/lens_0346.png,2.043356,1.819893,1.965389,0.972614,1.223467,1.831766,2.239356
lens_0059,1,compound,synthetic_lenses_images/lens/compound/lens_0059.png,2.015996,1.884812,1.935702,1.222263,1.519619,2.192587,2.482872
nonlens_0185,0,none,synthetic_lenses_images/non_lens/nonlens_0185.png,,0.77288,0.389837,-0.453731,-0.954882,0.126461,-0.873432
lens_0532,1,simple,synthetic_lenses_images/lens/simple/lens_0532.png,3.542097,1.456778,1.400875,0.801564,1.286181,1.064974,0.918603
lens_0068,1,compound,synthetic_lenses_images/lens/compound/lens_0068.png,2.865502,1.597653,1.498817,1.3119,1.555461,2.027433,2.039847
nonlens_0708,0,none,synthetic_lenses_images/non_lens/nonlens_0708.png,,0.134439,-0.195871,-0.873641,0.511211,-0.031521,0.823108
nonlens_0830,0,none,synthetic_lenses_images/non_lens/nonlens_0830.png,,-0.833684,-0.645747,-0.9987,-0.834614,-0.729534,-0.124525
lens_0996,1,simple,synthetic_lenses_images/lens/simple/lens_0996.png,2.002833,1.50263,1.321206,0.828922,0.915966,1.70324,1.262632
lens_0226,1,compound,synthetic_lenses_images/lens/compound/lens_0226.png,1.673179,1.510351,1.761787,1.568239,1.332224,1.782102,1.954252
nonlens_0165,0,none,synthetic_lenses_images/non_lens/nonlens_0165.png,,-0.895034,0.685786,-0.54896,-0.91521,-0.561998,-0.534669
nonlens_0257,0,none,synthetic_lenses_images/non_lens/nonlens_0257.png,,0.236624,0.141234,-0.466528,0.105232,0.681536,-0.696594
nonlens_0199,0,none,synthetic_lenses_images/non_lens/nonlens_0199.png,,0.087993,0.039138,0.150929,-0.490566,0.100897,0.88458
lens_0582,1,simple,synthetic_lenses_images/lens/simple/lens_0582.png,0.850836,1.255188,0.922598,0.529387,0.900474,1.372649,1.169523
lens_0320,1,compound,synthetic_lenses_images/lens/compound/lens_0320.png,4.992689,1.796087,1.624599,1.142541,1.736185,1.532874,2.258489
lens_0505,1,simple,synthetic_lenses_images/lens/simple/lens_0505.png,4.11283,1.035061,1.441557,0.732139,1.114899,0.710611,1.440725
lens_0864,1,simple,synthetic_lenses_images/lens/simple/lens_0864.png,3.936441,1.06907,1.172722,0.736209,0.830632,0.937099,1.585833
lens_0853,1,simple,synthetic_lenses_images/lens/simple/lens_0853.png,1.361838,1.153041,1.339111,1.068053,0.904629,0.838927,1.728509
lens_0956,1,simple,synthetic_lenses_images/lens/simple/lens_0956.png,1.889388,1.231656,1.120911,0.764838,1.509637,1.159365,1.07187
lens_0033,1,compound,synthetic_lenses_images/lens/compound/lens_0033.png,4.33678,1.737943,1.73394,1.074529,1.540884,2.052494,2.170966
lens_0216,1,compound,synthetic_lenses_images/lens/compound/lens_0216.png,1.023431,1.384719,1.795236,1.66972,1.291247,2.455568,1.896918
nonlens_0104,0,none,synthetic_lenses_images/non_lens/nonlens_0104.png,,-0.86222,-0.730113,-0.399791,-0.212768,-0.701028,0.985794
nonlens_0727,0,none,synthetic_lenses_images/non_lens/nonlens_0727.png,,-0.738288,0.714075,-0.260941,0.59786,0.751771,0.566558
nonlens_0005,0,none,synthetic_lenses_images/non_lens/nonlens_0005.png,,0.636737,-0.311901,0.947159,-0.502598,-0.107986,-0.904402
nonlens_0330,0,none,synthetic_lenses_images/non_lens/nonlens_0330.png,,-0.580456,-0.053543,-0.932328,-0.686938,-0.617023,-0.867889
lens_0317,1,compound,synthetic_lenses_images/lens/compound/lens_0317.png,4.203681,1.773188,2.1397,1.461968,1.512791,1.896832,2.501291
nonlens_0148,0,none,synthetic_lenses_images/non_lens/nonlens_0148.png,,0.781821,0.916545,-0.467985,-0.10103,0.554866,0.582563
lens_0162,1,compound,synthetic_lenses_images/lens/compound/lens_0162.png,4.721166,1.501902,1.505451,1.078622,2.041924,2.43058,1.995465
nonlens_0788,0,none,synthetic_lenses_images/non_lens/nonlens_0788.png,,0.528001,-0.282987,0.69854,0.262119,0.154624,0.662074
lens_0461,1,compound,synthetic_lenses_images/lens/compound/lens_0461.png,4.419096,1.357103,1.668458,1.668013,1.690497,1.90104,2.111291
nonlens_0772,0,none,synthetic_lenses_images/non_lens/nonlens_0772.png,,-0.529536,0.106065,0.857112,0.299751,0.282307,-0.829895
lens_0547,1,simple,synthetic_lenses_images/lens/simple/lens_0547.png,0.727283,0.977412,1.188729,1.391009,0.981268,1.209585,1.11736
lens_0160,1,compound,synthetic_lenses_images/lens/compound/lens_0160.png,4.007578,1.327384,1.685662,1.296272,1.663308,1.465353,1.992163
nonlens_0296,0,none,synthetic_lenses_images/non_lens/nonlens_0296.png,,-0.95172,-0.193176,0.597022,-0.079418,0.243545,-0.430146
nonlens_0810,0,none,synthetic_lenses_images/non_lens/nonlens_0810.png,,0.975949,-0.826753,0.00836,0.570415,0.123549,-0.345542
lens_0075,1,compound,synthetic_lenses_images/lens/compound/lens_0075.png,1.250351,1.381544,1.834412,1.514701,1.403759,1.78604,2.434909
lens_0340,1,compound,synthetic_lenses_images/lens/compound/lens_0340.png,3.297412,1.961391,1.558436,1.554035,1.1035,1.412891,1.633253
nonlens_0037,0,none,synthetic_lenses_images/non_lens/nonlens_0037.png,,-0.197144,-0.54672,0.971272,0.266015,-0.32056,0.503631
lens_0744,1,simple,synthetic_lenses_images/lens/simple/lens_0744.png,4.212471,1.30491,1.382249,1.025025,0.806422,1.243565,1.029505
nonlens_0582,0,none,synthetic_lenses_images/non_lens/nonlens_0582.png,,-0.4027,-0.66482,-0.014576,-0.324219,-0.325429,0.481604
nonlens_0640,0,none,synthetic_lenses_images/non_lens/nonlens_0640.png,,-0.449076,-0.152276,-0.281968,-0.346722,-0.266619,-0.38611
lens_0294,1,compound,synthetic_lenses_images/lens/compound/lens_0294.png,4.133968,1.668744,1.343202,1.21579,1.850602,1.976924,1.768102
lens_0601,1,simple,synthetic_lenses_images/lens/simple/lens_0601.png,0.452126,1.356007,0.946591,1.222377,0.892334,0.997028,1.532009
nonlens_0818,0,none,synthetic_lenses_images/non_lens/nonlens_0818.png,,0.742714,-0.697232,0.059879,-0.188737,-0.453983,0.09134
nonlens_0160,0,none,synthetic_lenses_images/non_lens/nonlens_0160.png,,0.766519,-0.888282,0.43454,-0.736266,-0.872244,-0.864211
lens_0851,1,simple,synthetic_lenses_images/lens/simple/lens_0851.png,4.970607,0.911512,0.93513,0.948115,1.283387,1.085979,1.395749
nonlens_0572,0,none,synthetic_lenses_images/non_lens/nonlens_0572.png,,-0.461732,-0.924619,0.677126,-0.579628,-0.384839,-0.349508
nonlens_0295,0,none,synthetic_lenses_images/non_lens/nonlens_0295.png,,-0.708122,0.42221,-0.460783,-0.950633,-0.562612,0.042182
lens_0811,1,simple,synthetic_lenses_images/lens/simple/lens_0811.png,0.510509,0.881422,1.45353,0.831222,1.150771,0.841343,1.215158
lens_0640,1,simple,synthetic_lenses_images/lens/simple/lens_0640.png,2.248545,0.921953,1.214962,1.218143,0.978187,1.27777,1.671238
lens_0288,1,compound,synthetic_lenses_images/lens/compound/lens_0288.png,0.979081,1.633277,1.871861,1.83404,1.52592,2.145542,1.856283
nonlens_0990,0,none,synthetic_lenses_images/non_lens/nonlens_0990.png,,-0.443725,-0.134325,-0.391227,0.857801,-0.703237,0.221877
lens_0238,1,compound,synthetic_lenses_images/lens/compound/lens_0238.png,4.942701,1.093154,1.880142,1.045356,1.498341,2.050924,1.941934
nonlens_0021,0,none,synthetic_lenses_images/non_lens/nonlens_0021.png,,0.606852,-0.472885,-0.259543,0.800106,0.873844,-0.359691
lens_0985,1,simple,synthetic_lenses_images/lens/simple/lens_0985.png,1.359418,1.057953,0.732178,0.685287,0.849147,0.909517,0.880462
nonlens_0238,0,none,synthetic_lenses_images/non_lens/nonlens_0238.png,,0.783301,-0.708872,0.2828,-0.260958,-0.213465,-0.070986
nonlens_0700,0,none,synthetic_lenses_images/non_lens/nonlens_0700.png,,-0.725081,-0.482937,-0.040953,0.98119,0.505791,-0.109651
nonlens_0673,0,none,synthetic_lenses_images/non_lens/nonlens_0673.png,,-0.651609,-0.355361,-0.633969,0.473936,0.934082,0.339463
lens_0381,1,compound,synthetic_lenses_images/lens/compound/lens_0381.png,1.263235,1.873795,1.9379,0.998924,1.528215,1.787149,2.018857
nonlens_0744,0,none,synthetic_lenses_images/non_lens/nonlens_0744.png,,-0.322922,-0.708716,-0.606381,0.760109,-0.777193,0.888929
nonlens_0743,0,none,synthetic_lenses_images/non_lens/nonlens_0743.png,,-0.905702,0.351641,-0.141525,-0.388994,-0.265146,0.304414
lens_0847,1,simple,synthetic_lenses_images/lens/simple/lens_0847.png,0.526061,1.400341,0.818384,0.822722,1.164691,1.163104,1.248081
nonlens_0197,0,none,synthetic_lenses_images/non_lens/nonlens_0197.png,,-0.3167,0.265395,0.489588,0.702196,0.147385,0.954464
lens_0564,1,simple,synthetic_lenses_images/lens/simple/lens_0564.png,4.093326,1.388312,0.853735,0.994312,1.143846,1.140828,1.257392
nonlens_0912,0,none,synthetic_lenses_images/non_lens/nonlens_0912.png,,-0.42817,0.995392,0.907314,0.30133,0.167042,-0.504375
nonlens_0437,0,none,synthetic_lenses_images/non_lens/nonlens_0437.png,,0.589379,0.00804,-0.420276,-0.415724,-0.681451,0.09155
lens_0786,1,simple,synthetic_lenses_images/lens/simple/lens_0786.png,0.58071,0.889843,0.971159,1.102393,1.263687,1.433967,0.868996
lens_0006,1,compound,synthetic_lenses_images/lens/compound/lens_0006.png,1.343368,1.845738,1.712445,1.381819,1.599713,2.079773,2.545109
nonlens_0266,0,none,synthetic_lenses_images/non_lens/nonlens_0266.png,,0.201907,0.397858,-0.244671,0.57614,-0.585738,-0.371576
nonlens_0246,0,none,synthetic_lenses_images/non_lens/nonlens_0246.png,,0.539818,-0.409969,0.374207,-0.277026,0.085552,-0.357715
nonlens_0573,0,none,synthetic_lenses_images/non_lens/nonlens_0573.png,,-0.092647,-0.346464,-0.344468,-0.785556,0.457865,-0.26778
lens_0778,1,simple,synthetic_lenses_images/lens/simple/lens_0778.png,1.01752,0.873994,1.564017,0.557361,1.034178,1.003807,1.171056
nonlens_0329,0,none,synthetic_lenses_images/non_lens/nonlens_0329.png,,-0.754763,0.288622,0.885157,0.10424,0.175342,0.874872
nonlens_0298,0,none,synthetic_lenses_images/non_lens/nonlens_0298.png,,-0.927688,0.558616,0.457329,0.132701,-0.865422,0.936259
lens_0251,1,compound,synthetic_lenses_images/lens/compound/lens_0251.png,1.309463,1.787544,1.849101,1.75926,1.14725,1.44402,2.345566
nonlens_0739,0,none,synthetic_lenses_images/non_lens/nonlens_0739.png,,-0.542385,0.519444,-0.042556,-0.544048,-0.308562,0.177484
nonlens_0613,0,none,synthetic_lenses_images/non_lens/nonlens_0613.png,,-0.889125,-0.507021,0.802145,-0.062978,0.054,-0.004598
lens_0636,1,simple,synthetic_lenses_images/lens/simple/lens_0636.png,4.345466,0.643867,1.325933,0.557587,1.102229,1.238762,0.920348
nonlens_0531,0,none,synthetic_lenses_images/non_lens/nonlens_0531.png,,0.855368,0.810086,0.481833,-0.000683,0.026782,0.830341
lens_0151,1,compound,synthetic_lenses_images/lens/compound/lens_0151.png,4.570345,1.768574,1.698893,1.134402,1.707406,2.07734,2.0012
nonlens_0427,0,none,synthetic_lenses_images/non_lens/nonlens_0427.png,,0.424898,0.633409,-0.894337,-0.640415,0.751598,0.597886
nonlens_0647,0,none,synthetic_lenses_images/non_lens/nonlens_0647.png,,-0.500605,-0.750611,0.232274,0.815961,-0.18892,-0.007226
lens_0764,1,simple,synthetic_lenses_images/lens/simple/lens_0764.png,0.571275,1.062554,0.87727,0.927269,0.654344,1.476609,1.090639
nonlens_0242,0,none,synthetic_lenses_images/non_lens/nonlens_0242.png,,-0.020649,-0.31518,0.033995,0.262732,-0.496814,-0.463577
lens_0771,1,simple,synthetic_lenses_images/lens/simple/lens_0771.png,3.306124,0.820989,1.535781,0.759516,1.141598,1.332123,1.194095
nonlens_0947,0,none,synthetic_lenses_images/non_lens/nonlens_0947.png,,0.800436,-0.515514,0.794178,0.580712,-0.042423,0.597476
lens_0166,1,compound,synthetic_lenses_images/lens/compound/lens_0166.png,4.183248,1.301647,1.378956,1.366221,1.880979,1.367163,2.319186
nonlens_0114,0,none,synthetic_lenses_images/non_lens/nonlens_0114.png,,0.837552,-0.830409,0.332445,-0.362772,0.017583,-0.772949
nonlens_0923,0,none,synthetic_lenses_images/non_lens/nonlens_0923.png,,0.822053,0.291411,-0.906717,0.526384,0.400532,0.630582
lens_0566,1,simple,synthetic_lenses_images/lens/simple/lens_0566.png,3.605566,1.157578,1.236397,1.28189,1.289862,1.416974,1.41012
nonlens_0130,0,none,synthetic_lenses_images/non_lens/nonlens_0130.png,,0.67945,-0.098426,0.484385,-0.039102,-0.00061,0.526825
nonlens_0007,0,none,synthetic_lenses_images/non_lens/nonlens_0007.png,,0.094555,-0.356238,-0.197358,-0.302922,0.630939,0.68944
lens_0711,1,simple,synthetic_lenses_images/lens/simple/lens_0711.png,4.310333,1.024643,1.529659,0.637019,0.742395,0.825994,1.26521
lens_0934,1,simple,synthetic_lenses_images/lens/simple/lens_0934.png,4.409498,0.923152,1.464827,0.972076,0.90042,0.902748,1.551794
nonlens_0618,0,none,synthetic_lenses_images/non_lens/nonlens_0618.png,,0.037248,0.011831,0.137843,-0.301374,-0.578829,0.479962
lens_0779,1,simple,synthetic_lenses_images/lens/simple/lens_0779.png,4.611018,1.138603,0.719532,1.35565,1.523593,1.094982,1.250071
lens_0014,1,compound,synthetic_lenses_images/lens/compound/lens_0014.png,3.955201,1.389684,2.069255,1.397916,1.186038,1.475797,2.305922
nonlens_0511,0,none,synthetic_lenses_images/non_lens/nonlens_0511.png,,-0.671509,0.504666,-0.998044,0.335433,0.027797,0.200785
lens_0455,1,compound,synthetic_lenses_images/lens/compound/lens_0455.png,3.442897,1.419478,1.983395,1.851774,1.592678,2.119139,1.754406
nonlens_0459,0,none,synthetic_lenses_images/non_lens/nonlens_0459.png,,-0.263256,0.112181,0.00194,-0.643091,0.9646,-0.336898
lens_0359,1,compound,synthetic_lenses_images/lens/compound/lens_0359.png,3.653979,2.149065,1.855106,1.014749,1.09128,1.933723,2.058325
lens_0672,1,simple,synthetic_lenses_images/lens/simple/lens_0672.png,3.790654,1.27011,1.354999,0.787629,0.94725,0.814074,1.781212
nonlens_0622,0,none,synthetic_lenses_images/non_lens/nonlens_0622.png,,0.147705,-0.781038,-0.867183,0.670368,-0.673991,-0.579897
nonlens_0666,0,none,synthetic_lenses_images/non_lens/nonlens_0666.png,,0.087756,0.882953,-0.864111,0.429806,0.514574,0.715841
nonlens_0795,0,none,synthetic_lenses_images/non_lens/nonlens_0795.png,,-0.101442,0.622326,0.763283,0.826826,-0.471332,0.462823
nonlens_0734,0,none,synthetic_lenses_images/non_lens/nonlens_0734.png,,-0.22351,-0.880063,0.520986,0.958858,-0.969972,-0.050829
nonlens_0396,0,none,synthetic_lenses_images/non_lens/nonlens_0396.png,,-0.230837,0.972986,0.103493,0.283777,-0.710616,-0.464648
lens_0650,1,simple,synthetic_lenses_images/lens/simple/lens_0650.png,0.573121,1.000152,1.116213,0.920646,1.525882,0.911411,1.47337
nonlens_0489,0,none,synthetic_lenses_images/non_lens/nonlens_0489.png,,0.229017,-0.751726,-0.795051,-0.258874,0.382216,-0.963892
nonlens_0312,0,none,synthetic_lenses_images/non_lens/nonlens_0312.png,,-0.675109,-0.037653,0.85682,-0.867359,-0.372086,0.778613
lens_0266,1,compound,synthetic_lenses_images/lens/compound/lens_0266.png,2.753037,1.483501,2.086503,1.200807,1.178786,1.67973,2.377756
nonlens_0679,0,none,synthetic_lenses_images/non_lens/nonlens_0679.png,,-0.529579,0.368692,0.501851,0.143125,0.190948,0.769902
lens_0638,1,simple,synthetic_lenses_images/lens/simple/lens_0638.png,2.417108,0.922699,0.970221,0.903283,1.252221,1.112456,1.235201
nonlens_0619,0,none,synthetic_lenses_images/non_lens/nonlens_0619.png,,0.409906,-0.255614,0.028669,-0.630688,0.274854,-0.211308
lens_0529,1,simple,synthetic_lenses_images/lens/simple/lens_0529.png,1.63282,0.760331,0.978418,0.633012,1.176868,1.062257,1.275379
lens_0513,1,simple,synthetic_lenses_images/lens/simple/lens_0513.png,0.804291,0.90286,0.76977,1.022999,1.06498,0.909866,1.787431
lens_0843,1,simple,synthetic_lenses_images/lens/simple/lens_0843.png,3.276096,1.077756,1.344424,0.52247,0.807084,1.193126,1.275611
lens_0422,1,compound,synthetic_lenses_images/lens/compound/lens_0422.png,3.509075,1.861446,1.521991,1.343873,2.002303,2.323679,2.161959
nonlens_0172,0,none,synthetic_lenses_images/non_lens/nonlens_0172.png,,-0.429237,-0.942365,0.206736,0.302817,0.02361,-0.188618
lens_0048,1,compound,synthetic_lenses_images/lens/compound/lens_0048.png,0.833396,1.962992,2.021601,1.254085,2.107014,1.943509,2.526655
lens_0037,1,compound,synthetic_lenses_images/lens/compound/lens_0037.png,3.723984,1.378528,2.281214,1.51298,1.479704,1.797085,2.606187
nonlens_0072,0,none,synthetic_lenses_images/non_lens/nonlens_0072.png,,-0.579137,-0.364157,0.137603,0.897179,-0.317305,0.900829
lens_0100,1,compound,synthetic_lenses_images/lens/compound/lens_0100.png,3.459709,1.599177,2.011975,1.624806,1.666797,1.852024,1.556344
lens_0222,1,compound,synthetic_lenses_images/lens/compound/lens_0222.png,2.868882,1.552367,1.98345,1.298713,1.595394,2.07845,2.141066
nonlens_0930,0,none,synthetic_lenses_images/non_lens/nonlens_0930.png,,-0.647979,0.441692,0.201866,-0.627026,0.452509,0.71189
lens_0121,1,compound,synthetic_lenses_images/lens/compound/lens_0121.png,3.486391,1.200958,2.144685,1.381192,1.618822,1.827292,2.23896
lens_0766,1,simple,synthetic_lenses_images/lens/simple/lens_0766.png,2.538278,1.380847,1.314113,0.669855,1.314319,0.799752,1.59044
lens_0997,1,simple,synthetic_lenses_images/lens/simple/lens_0997.png,1.229486,1.285833,1.289686,0.868052,0.821608,1.699097,1.521626
lens_0344,1,compound,synthetic_lenses_images/lens/compound/lens_0344.png,0.652763,1.8418,1.626766,1.322364,1.168741,2.190897,2.386082
lens_0235,1,compound,synthetic_lenses_images/lens/compound/lens_0235.png,0.445547,1.93988,1.596531,1.359654,1.18774,1.78679,2.114258
nonlens_0419,0,none,synthetic_lenses_images/non_lens/nonlens_0419.png,,-0.649809,0.685815,-0.159287,-0.830345,-0.684931,-0.853574
lens_0913,1,simple,synthetic_lenses_images/lens/simple/lens_0913.png,3.596517,0.629527,1.300271,1.321203,1.209584,1.522133,1.792251
lens_0326,1,compound,synthetic_lenses_images/lens/compound/lens_0326.png,4.660353,1.407716,1.594205,1.41165,1.503913,1.585126,2.000138
nonlens_0070,0,none,synthetic_lenses_images/non_lens/nonlens_0070.png,,-0.631043,0.525083,0.612818,-0.516496,0.230642,-0.123783
lens_0028,1,compound,synthetic_lenses_images/lens/compound/lens_0028.png,2.300891,1.432188,1.885658,1.436848,1.700214,2.377872,2.577618
nonlens_0058,0,none,synthetic_lenses_images/non_lens/nonlens_0058.png,,-0.854073,-0.592784,-0.586526,0.280842,-0.968815,0.844173
lens_0042,1,compound,synthetic_lenses_images/lens/compound/lens_0042.png,1.479341,1.565411,1.32775,1.365306,1.487534,1.820463,1.886012
nonlens_0726,0,none,synthetic_lenses_images/non_lens/nonlens_0726.png,,-0.382957,-0.362135,-0.558535,0.562519,0.610529,-0.942217
lens_0116,1,compound,synthetic_lenses_images/lens/compound/lens_0116.png,1.221634,2.074971,2.150656,1.367429,1.871458,1.63438,1.731867
nonlens_0038,0,none,synthetic_lenses_images/non_lens/nonlens_0038.png,,0.047735,-0.959198,0.212319,0.96402,-0.881708,-0.253706
lens_0009,1,compound,synthetic_lenses_images/lens/compound/lens_0009.png,4.405118,2.054055,1.862017,1.649826,1.890979,1.364961,2.272222
lens_0745,1,simple,synthetic_lenses_images/lens/simple/lens_0745.png,1.591312,1.24204,1.251162,0.733352,1.283438,1.406729,1.577882
lens_0706,1,simple,synthetic_lenses_images/lens/simple/lens_0706.png,3.229472,1.176271,1.553096,0.943278,0.821276,0.822083,1.455497
lens_0427,1,compound,synthetic_lenses_images/lens/compound/lens_0427.png,4.397142,1.597909,1.667002,1.527438,1.291811,1.590855,1.728185
lens_0465,1,compound,synthetic_lenses_images/lens/compound/lens_0465.png,3.629162,1.825734,2.014255,1.289616,1.789987,2.278539,1.822364
nonlens_0302,0,none,synthetic_lenses_images/non_lens/nonlens_0302.png,,-0.696707,0.094112,-0.489704,0.832143,-0.998866,-0.867543
lens_0158,1,compound,synthetic_lenses_images/lens/compound/lens_0158.png,4.04779,1.327791,1.401125,1.827772,1.479109,1.999623,1.922458
lens_0285,1,compound,synthetic_lenses_images/lens/compound/lens_0285.png,4.275625,2.01042,1.880243,1.433467,1.208423,1.866399,2.042574
nonlens_0503,0,none,synthetic_lenses_images/non_lens/nonlens_0503.png,,-0.965001,0.637546,-0.430597,-0.993856,-0.310634,-0.185056
lens_0928,1,simple,synthetic_lenses_images/lens/simple/lens_0928.png,3.292091,0.944688,1.442761,0.795022,1.082475,1.439962,1.37248
nonlens_0607,0,none,synthetic_lenses_images/non_lens/nonlens_0607.png,,-0.527456,0.101318,-0.527091,-0.666872,0.306639,0.404941
lens_0339,1,compound,synthetic_lenses_images/lens/compound/lens_0339.png,0.852415,1.637856,1.945005,1.49175,1.675767,1.932564,2.373125
lens_0921,1,simple,synthetic_lenses_images/lens/simple/lens_0921.png,3.503987,0.873119,1.194401,1.033052,1.221151,1.245864,1.342481
lens_0695,1,simple,synthetic_lenses_images/lens/simple/lens_0695.png,4.579627,1.242504,1.147991,0.715763,1.072444,0.872812,1.272826
nonlens_0696,0,none,synthetic_lenses_images/non_lens/nonlens_0696.png,,-0.948758,-0.09388,-0.375213,-0.87048,-0.97677,0.121666
nonlens_0169,0,none,synthetic_lenses_images/non_lens/nonlens_0169.png,,0.163166,-0.263764,0.797158,-0.671642,-0.574443,0.07246
lens_0740,1,simple,synthetic_lenses_images/lens/simple/lens_0740.png,4.45763,1.349468,1.130167,0.927233,0.846148,1.410473,1.309946
lens_0127,1,compound,synthetic_lenses_images/lens/compound/lens_0127.png,0.794309,1.704459,2.206479,1.222735,1.585211,2.126975,2.148138
nonlens_0773,0,none,synthetic_lenses_images/non_lens/nonlens_0773.png,,0.02067,-0.905271,-0.034824,-0.15772,0.50215,0.712429
lens_0016,1,compound,synthetic_lenses_images/lens/compound/lens_0016.png,4.289443,1.948106,1.833251,1.62451,1.270769,1.833038,1.896787
lens_0829,1,simple,synthetic_lenses_images/lens/simple/lens_0829.png,2.8991,1.182035,0.814067,1.072597,1.394297,1.210945,1.269092
lens_0581,1,simple,synthetic_lenses_images/lens/simple/lens_0581.png,3.890237,0.757117,0.953953,1.014001,0.987337,1.487884,1.095975
nonlens_0200,0,none,synthetic_lenses_images/non_lens/nonlens_0200.png,,0.479423,0.368021,0.575448,-0.02164,-0.349025,0.672938
nonlens_0050,0,none,synthetic_lenses_images/non_lens/nonlens_0050.png,,0.150174,0.063851,-0.21163,0.092762,-0.598136,-0.359367
lens_0348,1,compound,synthetic_lenses_images/lens/compound/lens_0348.png,1.552372,2.105717,1.821226,1.578194,1.461662,1.769032,2.158541
nonlens_0218,0,none,synthetic_lenses_images/non_lens/nonlens_0218.png,,-0.780651,-0.690408,0.674749,-0.601754,-0.027505,-0.988615
lens_0003,1,compound,synthetic_lenses_images/lens/compound/lens_0003.png,2.349176,2.083257,1.813995,1.156225,1.505604,2.167263,2.231399
nonlens_0188,0,none,synthetic_lenses_images/non_lens/nonlens_0188.png,,0.752752,0.419803,0.437742,-0.594603,-0.465431,0.342485
lens_0150,1,compound,synthetic_lenses_images/lens/compound/lens_0150.png,4.442145,1.67294,1.491284,1.46241,1.405521,1.852091,2.547844
nonlens_0389,0,none,synthetic_lenses_images/non_lens/nonlens_0389.png,,0.31904,0.360629,-0.113176,-0.596902,0.270103,-0.586437
lens_0882,1,simple,synthetic_lenses_images/lens/simple/lens_0882.png,2.294158,0.903288,1.25424,1.05228,0.913828,0.797834,1.528673
nonlens_0259,0,none,synthetic_lenses_images/non_lens/nonlens_0259.png,,0.232593,0.908947,-0.817644,0.480912,0.957345,-0.460542
lens_0428,1,compound,synthetic_lenses_images/lens/compound/lens_0428.png,4.784086,1.803021,1.737313,1.104775,1.277282,1.861419,1.765678
nonlens_0422,0,none,synthetic_lenses_images/non_lens/nonlens_0422.png,,-0.339901,-0.09389,0.657551,0.188539,0.321033,-0.568825
nonlens_0549,0,none,synthetic_lenses_images/non_lens/nonlens_0549.png,,0.024411,0.259032,0.294542,-0.432868,-0.096273,0.091385
lens_0425,1,compound,synthetic_lenses_images/lens/compound/lens_0425.png,4.136416,2.066508,2.184819,1.521062,1.602596,1.776921,2.404155
nonlens_0465,0,none,synthetic_lenses_images/non_lens/nonlens_0465.png,,0.186635,0.261747,-0.60402,-0.566435,-0.190011,-0.35396
lens_0201,1,compound,synthetic_lenses_images/lens/compound/lens_0201.png,4.753872,1.672655,1.881613,1.140581,1.742186,1.623214,1.795366
lens_0433,1,compound,synthetic_lenses_images/lens/compound/lens_0433.png,4.547205,1.361788,2.002654,1.593779,1.507502,2.093536,2.572196
nonlens_0514,0,none,synthetic_lenses_images/non_lens/nonlens_0514.png,,-0.949029,0.890687,-0.249617,-0.888027,0.29657,-0.839791
nonlens_0406,0,none,synthetic_lenses_images/non_lens/nonlens_0406.png,,-0.537391,0.733103,-0.590081,-0.17528,0.991912,-0.854792
nonlens_0064,0,none,synthetic_lenses_images/non_lens/nonlens_0064.png,,0.633449,-0.023567,0.200259,0.253074,-0.209063,0.392004
nonlens_0371,0,none,synthetic_lenses_images/non_lens/nonlens_0371.png,,-0.809685,-0.4716,-0.33243,0.776817,-0.634762,-0.575379
lens_0673,1,simple,synthetic_lenses_images/lens/simple/lens_0673.png,4.200669,0.906243,1.240459,1.153987,1.126177,1.397204,1.086656
nonlens_0558,0,none,synthetic_lenses_images/non_lens/nonlens_0558.png,,-0.219691,0.455377,-0.336246,-0.086729,-0.923368,0.346022
lens_0799,1,simple,synthetic_lenses_images/lens/simple/lens_0799.png,3.412783,0.986568,1.011473,0.764202,1.106666,1.18683,1.547487
nonlens_0144,0,none,synthetic_lenses_images/non_lens/nonlens_0144.png,,0.945056,0.573612,0.109991,0.15444,-0.337879,-0.611244
nonlens_0971,0,none,synthetic_lenses_images/non_lens/nonlens_0971.png,,0.769627,-0.821946,0.632431,-0.228686,-0.304883,0.381252
nonlens_0648,0,none,synthetic_lenses_images/non_lens/nonlens_0648.png,,0.828413,0.279677,-0.262868,0.786085,-0.383481,-0.870235
nonlens_0604,0,none,synthetic_lenses_images/non_lens/nonlens_0604.png,,0.85159,0.310792,0.93324,0.913382,0.852174,-0.348355
lens_0026,1,compound,synthetic_lenses_images/lens/compound/lens_0026.png,4.389583,1.821466,2.036455,1.792472,1.795073,1.867937,1.696491
nonlens_0599,0,none,synthetic_lenses_images/non_lens/nonlens_0599.png,,0.799703,-0.039841,-0.358302,0.493653,-0.273625,0.255469
lens_0312,1,compound,synthetic_lenses_images/lens/compound/lens_0312.png,2.436335,1.920886,1.388057,1.239189,1.965399,1.820707,2.654249
nonlens_0118,0,none,synthetic_lenses_images/non_lens/nonlens_0118.png,,0.746803,0.572263,-0.788335,-0.756043,0.408295,-0.600957
nonlens_0921,0,none,synthetic_lenses_images/non_lens/nonlens_0921.png,,0.593265,0.750624,0.640712,-0.554871,-0.110581,-0.094067
nonlens_0080,0,none,synthetic_lenses_images/non_lens/nonlens_0080.png,,0.28958,-0.435063,0.232098,-0.100658,0.496139,0.365762
lens_0196,1,compound,synthetic_lenses_images/lens/compound/lens_0196.png,4.47044,1.452557,1.914781,0.930948,1.213535,1.860447,2.362473
lens_0402,1,compound,synthetic_lenses_images/lens/compound/lens_0402.png,3.727251,2.018992,2.178667,1.161745,1.800545,1.500873,1.752279
nonlens_0182,0,none,synthetic_lenses_images/non_lens/nonlens_0182.png,,-0.40506,-0.930014,-0.759847,-0.716324,-0.086145,0.864491
nonlens_0233,0,none,synthetic_lenses_images/non_lens/nonlens_0233.png,,0.506827,0.679542,-0.276555,-0.549316,-0.475063,-0.880654
nonlens_0124,0,none,synthetic_lenses_images/non_lens/nonlens_0124.png,,-0.625904,-0.357189,0.983961,-0.675153,0.270594,0.184616
nonlens_0479,0,none,synthetic_lenses_images/non_lens/nonlens_0479.png,,0.556037,-0.325016,-0.015249,-0.209007,-0.129258,0.581464
nonlens_0537,0,none,synthetic_lenses_images/non_lens/nonlens_0537.png,,0.919535,-0.954163,0.571215,0.177223,0.438366,-0.142622
nonlens_0068,0,none,synthetic_lenses_images/non_lens/nonlens_0068.png,,-0.761199,0.645755,0.768053,0.900418,0.1095,-0.004066
nonlens_0331,0,none,synthetic_lenses_images/non_lens/nonlens_0331.png,,-0.937241,0.706135,-0.495636,-0.626875,-0.004766,0.316659
lens_0738,1,simple,synthetic_lenses_images/lens/simple/lens_0738.png,1.899054,1.138483,1.227016,1.083334,0.651681,1.22778,1.613463
nonlens_0747,0,none,synthetic_lenses_images/non_lens/nonlens_0747.png,,0.547107,0.528315,-0.514208,-0.41306,0.283031,0.484523
lens_0453,1,compound,synthetic_lenses_images/lens/compound/lens_0453.png,4.466215,1.145259,1.329054,0.964109,1.734487,1.803836,2.102594
lens_0377,1,compound,synthetic_lenses_images/lens/compound/lens_0377.png,2.199608,1.854964,1.534218,1.691705,1.16826,1.961246,1.597783
lens_0149,1,compound,synthetic_lenses_images/lens/compound/lens_0149.png,3.004408,1.670994,1.697389,1.454339,1.39522,2.441199,2.310566
nonlens_0900,0,none,synthetic_lenses_images/non_lens/nonlens_0900.png,,-0.478516,-0.595386,0.630473,0.617834,-0.518229,-0.842629
nonlens_0799,0,none,synthetic_lenses_images/non_lens/nonlens_0799.png,,-0.873261,-0.201403,0.850682,0.796953,-0.179983,0.901278
nonlens_0321,0,none,synthetic_lenses_images/non_lens/nonlens_0321.png,,-0.615504,-0.660131,-0.218272,0.986962,-0.784923,0.18674
nonlens_0669,0,none,synthetic_lenses_images/non_lens/nonlens_0669.png,,0.660262,0.643423,0.858522,-0.21,0.212218,0.979396
nonlens_0615,0,none,synthetic_lenses_images/non_lens/nonlens_0615.png,,0.829962,-0.513946,-0.701521,0.624642,0.505498,-0.802887
lens_0510,1,simple,synthetic_lenses_images/lens/simple/lens_0510.png,3.852603,1.254277,1.071978,0.73546,0.848825,0.862193,1.160725
lens_0091,1,compound,synthetic_lenses_images/lens/compound/lens_0091.png,1.019355,1.558132,1.709244,1.255688,1.386137,2.094284,1.606279
nonlens_0004,0,none,synthetic_lenses_images/non_lens/nonlens_0004.png,,-0.802392,0.841339,0.60379,0.458115,0.69886,-0.492972
nonlens_0208,0,none,synthetic_lenses_images/non_lens/nonlens_0208.png,,-0.142952,0.179382,-0.043121,0.229606,-0.91625,-0.017333
nonlens_0560,0,none,synthetic_lenses_images/non_lens/nonlens_0560.png,,-0.634888,0.04717,-0.078628,-0.211866,-0.719292,0.652937
lens_0467,1,compound,synthetic_lenses_images/lens/compound/lens_0467.png,2.274996,1.712984,1.907011,1.505007,1.247625,1.383149,2.258629
nonlens_0008,0,none,synthetic_lenses_images/non_lens/nonlens_0008.png,,0.713293,-0.332473,0.232805,0.479719,0.672471,-0.544858
lens_0632,1,simple,synthetic_lenses_images/lens/simple/lens_0632.png,3.237222,1.119681,1.105,1.056536,1.311374,1.437391,1.181996
lens_0078,1,compound,synthetic_lenses_images/lens/compound/lens_0078.png,4.619812,1.635238,1.802619,1.237614,1.465174,2.155592,2.009277
nonlens_0901,0,none,synthetic_lenses_images/non_lens/nonlens_0901.png,,0.668908,0.696679,0.058004,-0.188664,-0.252276,0.437536
nonlens_0594,0,none,synthetic_lenses_images/non_lens/nonlens_0594.png,,0.917383,0.051655,0.61077,-0.654252,0.086729,0.632712
lens_0301,1,compound,synthetic_lenses_images/lens/compound/lens_0301.png,2.420276,1.934409,1.683161,1.718164,1.430158,1.923391,2.182971
lens_0700,1,simple,synthetic_lenses_images/lens/simple/lens_0700.png,0.687973,1.390942,1.177583,0.83468,1.10718,1.427249,1.329415
lens_0239,1,compound,synthetic_lenses_images/lens/compound/lens_0239.png,0.607091,1.916207,1.301695,1.409323,1.233806,1.635813,2.227687
lens_0279,1,compound,synthetic_lenses_images/lens/compound/lens_0279.png,1.220367,1.906197,1.625236,1.071124,1.59601,2.069122,1.785642
lens_0142,1,compound,synthetic_lenses_images/lens/compound/lens_0142.png,4.611712,1.402525,1.812031,1.472872,1.26369,1.573612,2.042313
lens_0443,1,compound,synthetic_lenses_images/lens/compound/lens_0443.png,2.154978,1.986028,1.771866,1.537564,1.692569,1.452787,2.485497
lens_0496,1,compound,synthetic_lenses_images/lens/compound/lens_0496.png,1.653897,1.490778,1.742297,1.3357,1.372031,2.198751,2.700795
lens_0051,1,compound,synthetic_lenses_images/lens/compound/lens_0051.png,2.624628,1.330799,2.110872,1.233879,1.630434,2.198381,2.154515
lens_0159,1,compound,synthetic_lenses_images/lens/compound/lens_0159.png,0.752466,1.77249,1.663104,1.515903,1.469583,1.537024,2.357668
nonlens_0210,0,none,synthetic_lenses_images/non_lens/nonlens_0210.png,,0.078035,-0.803986,0.377182,0.240463,-0.29789,0.942725
lens_0573,1,simple,synthetic_lenses_images/lens/simple/lens_0573.png,2.704685,1.381814,1.191126,1.05421,1.386201,0.751336,0.866337
nonlens_0547,0,none,synthetic_lenses_images/non_lens/nonlens_0547.png,,0.459274,0.324627,0.084565,0.950019,0.196446,0.382813
nonlens_0674,0,none,synthetic_lenses_images/non_lens/nonlens_0674.png,,0.190243,0.165728,0.823939,0.991341,-0.107864,-0.970679
nonlens_0222,0,none,synthetic_lenses_images/non_lens/nonlens_0222.png,,-0.123805,-0.266649,0.397842,-0.958925,0.05035,0.387624
lens_0283,1,compound,synthetic_lenses_images/lens/compound/lens_0283.png,2.031604,1.837183,1.491965,1.32525,1.143833,2.063846,1.673819
nonlens_0541,0,none,synthetic_lenses_images/non_lens/nonlens_0541.png,,-0.344219,-0.681566,0.984302,0.357494,0.31911,-0.970336
nonlens_0153,0,none,synthetic_lenses_images/non_lens/nonlens_0153.png,,-0.435087,0.581419,-0.154017,0.637173,-0.978172,-0.478024
lens_0803,1,simple,synthetic_lenses_images/lens/simple/lens_0803.png,2.514131,1.255335,1.242423,0.780838,0.676762,1.349116,1.231986
lens_0623,1,simple,synthetic_lenses_images/lens/simple/lens_0623.png,3.405086,1.27833,0.808041,0.730967,1.490003,1.359283,0.917204
lens_0111,1,compound,synthetic_lenses_images/lens/compound/lens_0111.png,0.845477,1.804108,1.941589,1.250529,1.582729,2.317568,1.679332
lens_0290,1,compound,synthetic_lenses_images/lens/compound/lens_0290.png,3.717518,1.683287,1.541673,1.287385,1.66002,2.198577,2.194578
nonlens_0332,0,none,synthetic_lenses_images/non_lens/nonlens_0332.png,,-0.205021,0.418283,-0.352841,-0.734193,-0.346184,0.933394
nonlens_0556,0,none,synthetic_lenses_images/non_lens/nonlens_0556.png,,0.064281,0.363125,-0.998691,0.287099,0.364677,0.58481
lens_0749,1,simple,synthetic_lenses_images/lens/simple/lens_0749.png,4.628205,1.516717,1.047901,0.951612,1.187879,0.805985,1.060129
nonlens_0255,0,none,synthetic_lenses_images/non_lens/nonlens_0255.png,,0.567741,0.851496,0.373449,-0.590215,0.782623,0.133135
lens_0538,1,simple,synthetic_lenses_images/lens/simple/lens_0538.png,2.168292,1.368197,1.448416,1.074916,0.912639,0.947115,1.424171
lens_0836,1,simple,synthetic_lenses_images/lens/simple/lens_0836.png,0.426351,1.488114,0.869593,0.710127,1.257278,1.314733,1.407053
lens_0982,1,simple,synthetic_lenses_images/lens/simple/lens_0982.png,2.808821,1.325355,0.964355,1.165053,0.864794,1.206681,1.361995
nonlens_0203,0,none,synthetic_lenses_images/non_lens/nonlens_0203.png,,0.790469,-0.623338,-0.998808,0.587188,0.009022,-0.784398
lens_0768,1,simple,synthetic_lenses_images/lens/simple/lens_0768.png,0.358645,1.330594,1.198027,0.679417,1.179151,1.574987,1.558982
nonlens_0698,0,none,synthetic_lenses_images/non_lens/nonlens_0698.png,,-0.186738,0.085239,-0.749885,0.005066,0.147741,0.578688
nonlens_0155,0,none,synthetic_lenses_images/non_lens/nonlens_0155.png,,0.819613,-0.704771,0.25178,0.110529,0.18769,0.516923
nonlens_0346,0,none,synthetic_lenses_images/non_lens/nonlens_0346.png,,-0.16649,0.003504,0.905195,0.589259,0.280039,-0.387592
lens_0951,1,simple,synthetic_lenses_images/lens/simple/lens_0951.png,4.16848,1.020218,1.030472,0.76607,1.079675,1.384501,1.436238
lens_0183,1,compound,synthetic_lenses_images/lens/compound/lens_0183.png,4.419866,1.648283,2.102925,1.520656,1.55309,1.630505,2.668186
nonlens_0584,0,none,synthetic_lenses_images/non_lens/nonlens_0584.png,,-0.365345,0.425352,0.227296,-0.64445,-0.742206,0.91601
lens_0584,1,simple,synthetic_lenses_images/lens/simple/lens_0584.png,0.905253,1.267556,1.258426,0.843163,0.936835,1.160809,1.240479
lens_0966,1,simple,synthetic_lenses_images/lens/simple/lens_0966.png,4.035386,0.818866,1.247602,1.061735,0.874658,1.26253,0.92703
nonlens_0722,0,none,synthetic_lenses_images/non_lens/nonlens_0722.png,,0.160728,-0.642145,-0.413365,-0.247329,-0.249911,0.730368
lens_0374,1,compound,synthetic_lenses_images/lens/compound/lens_0374.png,3.56336,1.665097,1.814384,1.029712,1.713046,1.862074,2.179581
lens_0760,1,simple,synthetic_lenses_images/lens/simple/lens_0760.png,2.455811,0.713949,1.086977,0.976606,1.491315,1.144296,1.175042
lens_0718,1,simple,synthetic_lenses_images/lens/simple/lens_0718.png,3.363573,0.807459,1.071748,1.115004,0.624632,0.963402,1.767255
nonlens_0420,0,none,synthetic_lenses_images/non_lens/nonlens_0420.png,,-0.169894,-0.130763,0.399375,-0.667622,0.427394,0.427445
nonlens_0136,0,none,synthetic_lenses_images/non_lens/nonlens_0136.png,,-0.217417,-0.7002,-0.32537,-0.956639,-0.215536,-0.392956
nonlens_0455,0,none,synthetic_lenses_images/non_lens/nonlens_0455.png,,0.500586,0.515316,0.732547,-0.915362,-0.193442,-0.541842
lens_0879,1,simple,synthetic_lenses_images/lens/simple/lens_0879.png,0.91914,0.65446,1.37725,0.753488,0.902749,1.119657,0.912649
nonlens_0290,0,none,synthetic_lenses_images/non_lens/nonlens_0290.png,,-0.545857,-0.121948,-0.026448,-0.067302,-0.069591,0.764767
nonlens_0154,0,none,synthetic_lenses_images/non_lens/nonlens_0154.png,,-0.711881,-0.949433,0.30327,0.524747,-0.842581,-0.070121
lens_0909,1,simple,synthetic_lenses_images/lens/simple/lens_0909.png,1.625875,1.140596,0.91103,1.047314,0.772694,1.200197,0.886843
lens_0203,1,compound,synthetic_lenses_images/lens/compound/lens_0203.png,1.353769,1.314975,1.724064,1.164822,1.282608,2.372119,2.490978
lens_0066,1,compound,synthetic_lenses_images/lens/compound/lens_0066.png,1.327632,2.07361,1.708542,1.599692,1.528824,1.979674,2.396488
lens_0734,1,simple,synthetic_lenses_images/lens/simple/lens_0734.png,4.068402,0.885858,1.052293,1.232148,0.71705,1.643431,0.884624
nonlens_0378,0,none,synthetic_lenses_images/non_lens/nonlens_0378.png,,0.296972,0.13803,0.733384,0.261678,-0.966309,-0.563164
lens_0470,1,compound,synthetic_lenses_images/lens/compound/lens_0470.png,3.548421,1.413676,1.627723,1.469963,1.736282,1.818043,2.552123
lens_0464,1,compound,synthetic_lenses_images/lens/compound/lens_0464.png,4.101367,1.585194,1.602335,1.630915,1.389225,2.08913,1.68124
nonlens_0478,0,none,synthetic_lenses_images/non_lens/nonlens_0478.png,,-0.412103,0.03936,-0.185504,0.494291,0.659166,0.260956
nonlens_0820,0,none,synthetic_lenses_images/non_lens/nonlens_0820.png,,0.781992,0.861898,0.00676,0.094325,0.935346,-0.364161
lens_0099,1,compound,synthetic_lenses_images/lens/compound/lens_0099.png,3.741656,1.20542,1.903939,1.361606,1.358617,2.427265,2.53291
nonlens_0366,0,none,synthetic_lenses_images/non_lens/nonlens_0366.png,,-0.93504,0.670453,-0.365866,-0.375884,0.644329,-0.413097
lens_0435,1,compound,synthetic_lenses_images/lens/compound/lens_0435.png,1.961418,1.53121,2.020789,1.295838,1.372971,2.151104,2.504723
nonlens_0777,0,none,synthetic_lenses_images/non_lens/nonlens_0777.png,,0.176653,-0.12493,-0.850934,-0.96091,0.378063,-0.128177
lens_0007,1,compound,synthetic_lenses_images/lens/compound/lens_0007.png,4.496443,1.782653,1.581257,1.561423,1.395176,2.323931,2.271102
nonlens_0843,0,none,synthetic_lenses_images/non_lens/nonlens_0843.png,,-0.858677,-0.88135,0.927508,0.138789,0.155218,0.288251
lens_0714,1,simple,synthetic_lenses_images/lens/simple/lens_0714.png,4.911382,0.827467,1.220169,1.24188,1.0217,0.846203,1.405175
nonlens_0376,0,none,synthetic_lenses_images/non_lens/nonlens_0376.png,,0.176609,-0.786343,-0.046046,-0.061554,-0.277744,0.083929
lens_0410,1,compound,synthetic_lenses_images/lens/compound/lens_0410.png,1.292818,1.474466,1.787945,1.464578,1.96426,1.992079,2.556592
lens_0732,1,simple,synthetic_lenses_images/lens/simple/lens_0732.png,2.266006,1.011125,0.740419,0.770684,1.090686,0.873034,1.583785
nonlens_0655,0,none,synthetic_lenses_images/non_lens/nonlens_0655.png,,0.948402,0.408608,-0.073089,-0.609028,-0.915099,-0.094074
lens_0860,1,simple,synthetic_lenses_images/lens/simple/lens_0860.png,1.03794,1.123272,1.239343,1.263649,0.809747,1.557099,1.520607
nonlens_0195,0,none,synthetic_lenses_images/non_lens/nonlens_0195.png,,-0.493599,-0.724717,0.849438,0.290928,-0.098463,0.078424
nonlens_0998,0,none,synthetic_lenses_images/non_lens/nonlens_0998.png,,-0.610194,-0.084961,-0.633777,-0.186845,0.312047,-0.962567
lens_0146,1,compound,synthetic_lenses_images/lens/compound/lens_0146.png,1.630297,1.487129,1.761377,1.199401,1.635784,2.198942,2.496256
lens_0208,1,compound,synthetic_lenses_images/lens/compound/lens_0208.png,2.663935,1.685781,1.790701,1.864058,2.136461,2.276963,1.63328
lens_0499,1,compound,synthetic_lenses_images/lens/compound/lens_0499.png,1.282552,1.866995,1.682805,1.188057,1.584808,2.409464,1.767598
nonlens_0529,0,none,synthetic_lenses_images/non_lens/nonlens_0529.png,,0.728246,-0.411967,-0.913997,0.634923,-0.137681,-0.430479
lens_0926,1,simple,synthetic_lenses_images/lens/simple/lens_0926.png,3.794291,1.105037,0.776355,1.412022,1.22125,1.482388,1.062245
nonlens_0447,0,none,synthetic_lenses_images/non_lens/nonlens_0447.png,,-0.906027,-0.755179,-0.216647,0.669796,-0.751471,0.111587
nonlens_0993,0,none,synthetic_lenses_images/non_lens/nonlens_0993.png,,0.189811,-0.619371,0.164701,0.256009,0.679166,0.927685
lens_0878,1,simple,synthetic_lenses_images/lens/simple/lens_0878.png,0.721215,0.962104,0.859346,0.889674,1.371806,1.115472,1.401851
nonlens_0484,0,none,synthetic_lenses_images/non_lens/nonlens_0484.png,,-0.288409,0.634795,0.018152,-0.633192,0.144083,-0.029228
nonlens_0996,0,none,synthetic_lenses_images/non_lens/nonlens_0996.png,,-0.830716,-0.554355,0.08408,-0.258027,0.770036,-0.406753
nonlens_0748,0,none,synthetic_lenses_images/non_lens/nonlens_0748.png,,-0.02143,-0.93859,0.73522,0.110178,-0.240986,-0.660568
lens_0241,1,compound,synthetic_lenses_images/lens/compound/lens_0241.png,1.679481,1.62206,1.711459,1.348393,2.076858,2.409821,1.591933
nonlens_0026,0,none,synthetic_lenses_images/non_lens/nonlens_0026.png,,-0.005734,-0.127631,0.906328,-0.657318,0.119917,0.117992
lens_0106,1,compound,synthetic_lenses_images/lens/compound/lens_0106.png,0.693578,1.38265,1.370963,1.033936,1.82638,1.794461,2.306689
nonlens_0049,0,none,synthetic_lenses_images/non_lens/nonlens_0049.png,,0.678124,-0.802439,0.039688,0.327025,-0.358894,0.054675
lens_0260,1,compound,synthetic_lenses_images/lens/compound/lens_0260.png,3.544034,1.557209,1.928116,1.665156,1.77741,2.187875,2.251893
nonlens_0842,0,none,synthetic_lenses_images/non_lens/nonlens_0842.png,,0.51993,-0.512738,-0.2524,0.134164,-0.706984,-0.277308
lens_0268,1,compound,synthetic_lenses_images/lens/compound/lens_0268.png,1.130163,1.334551,1.800021,1.500877,1.368517,2.181942,2.453058
nonlens_0687,0,none,synthetic_lenses_images/non_lens/nonlens_0687.png,,-0.816993,0.295904,-0.831935,-0.684338,0.78198,0.348681
lens_0258,1,compound,synthetic_lenses_images/lens/compound/lens_0258.png,4.670184,2.053281,2.161749,1.647999,1.140981,2.117438,2.083029
lens_0746,1,simple,synthetic_lenses_images/lens/simple/lens_0746.png,4.788594,0.845474,1.396858,0.870159,1.458347,0.917895,1.172005
lens_0493,1,compound,synthetic_lenses_images/lens/compound/lens_0493.png,2.427185,1.741204,1.858858,1.307702,1.694285,1.778235,1.605541
nonlens_0509,0,none,synthetic_lenses_images/non_lens/nonlens_0509.png,,-0.759628,0.686616,0.554437,-0.202659,-0.702096,0.175222
lens_0551,1,simple,synthetic_lenses_images/lens/simple/lens_0551.png,2.027079,1.192575,1.409437,0.618395,0.882773,1.520242,1.069588
lens_0769,1,simple,synthetic_lenses_images/lens/simple/lens_0769.png,3.182104,0.907274,1.26318,1.225252,0.686655,1.141672,1.329311
lens_0430,1,compound,synthetic_lenses_images/lens/compound/lens_0430.png,2.006692,1.919578,1.808793,1.631772,1.558337,2.243122,2.340648
nonlens_0449,0,none,synthetic_lenses_images/non_lens/nonlens_0449.png,,0.89689,-0.003106,0.8618,0.031327,-0.243824,0.527706
lens_0398,1,compound,synthetic_lenses_images/lens/compound/lens_0398.png,1.297907,1.733343,2.27701,1.71602,1.060134,1.935055,2.156428
lens_0489,1,compound,synthetic_lenses_images/lens/compound/lens_0489.png,2.486859,1.591915,1.833632,1.040463,1.419653,1.350266,1.895925
lens_0197,1,compound,synthetic_lenses_images/lens/compound/lens_0197.png,3.540694,1.752632,1.635102,1.538847,1.779321,1.893697,1.814171
lens_0933,1,simple,synthetic_lenses_images/lens/simple/lens_0933.png,2.557192,0.922487,1.623431,0.505895,1.413486,1.350052,1.171699
lens_0055,1,compound,synthetic_lenses_images/lens/compound/lens_0055.png,2.27486,1.74853,1.738647,1.012392,1.319214,2.079655,1.949322
nonlens_0693,0,none,synthetic_lenses_images/non_lens/nonlens_0693.png,,-0.245226,-0.785982,0.86202,0.162067,0.717987,0.317262
lens_0572,1,simple,synthetic_lenses_images/lens/simple/lens_0572.png,1.093715,0.787114,0.875829,0.895268,0.953285,0.888187,1.664092
nonlens_0959,0,none,synthetic_lenses_images/non_lens/nonlens_0959.png,,-0.385038,0.881602,0.143147,0.503796,-0.140007,0.89327
nonlens_0899,0,none,synthetic_lenses_images/non_lens/nonlens_0899.png,,0.948217,-0.626682,-0.268733,-0.884794,0.063258,-0.550174
lens_0413,1,compound,synthetic_lenses_images/lens/compound/lens_0413.png,4.741346,1.492085,1.488014,1.527114,1.450361,2.172954,2.46035
nonlens_0241,0,none,synthetic_lenses_images/non_lens/nonlens_0241.png,,0.846908,0.21041,0.322018,0.147976,-0.061344,-0.818025
lens_0973,1,simple,synthetic_lenses_images/lens/simple/lens_0973.png,4.968587,1.455659,0.914599,0.831927,0.869301,1.591078,1.215838
nonlens_0310,0,none,synthetic_lenses_images/non_lens/nonlens_0310.png,,0.688976,-0.562095,0.912354,-0.071305,-0.693483,-0.802806
lens_0101,1,compound,synthetic_lenses_images/lens/compound/lens_0101.png,2.854003,1.79392,1.570202,1.33787,1.596491,1.673627,1.977698
lens_0137,1,compound,synthetic_lenses_images/lens/compound/lens_0137.png,1.020115,1.707542,2.062457,1.653124,1.2031,1.644838,2.079916
lens_0431,1,compound,synthetic_lenses_images/lens/compound/lens_0431.png,1.032894,1.478501,1.956402,1.606759,1.907939,1.868356,2.000182
nonlens_0327,0,none,synthetic_lenses_images/non_lens/nonlens_0327.png,,-0.841094,0.175366,-0.764564,-0.784651,-0.10216,-0.701346
nonlens_0755,0,none,synthetic_lenses_images/non_lens/nonlens_0755.png,,-0.6555,-0.491795,0.83358,0.911023,-0.476694,-0.145005
nonlens_0326,0,none,synthetic_lenses_images/non_lens/nonlens_0326.png,,0.969197,-0.381348,-0.346781,-0.518637,-0.702558,-0.689562
nonlens_0583,0,none,synthetic_lenses_images/non_lens/nonlens_0583.png,,0.33863,0.082699,-0.320928,0.176642,0.929071,0.593205
lens_0384,1,compound,synthetic_lenses_images/lens/compound/lens_0384.png,2.367606,2.115261,1.771663,1.184414,1.404469,2.262738,1.934026
lens_0930,1,simple,synthetic_lenses_images/lens/simple/lens_0930.png,2.9031,0.967658,0.793231,0.768194,1.327385,1.31535,1.32251
lens_0169,1,compound,synthetic_lenses_images/lens/compound/lens_0169.png,3.109654,1.476759,1.672862,1.476121,1.939725,1.960008,2.614977
nonlens_0852,0,none,synthetic_lenses_images/non_lens/nonlens_0852.png,,0.712023,-0.860512,0.474458,-0.936103,-0.920332,0.79006
nonlens_0096,0,none,synthetic_lenses_images/non_lens/nonlens_0096.png,,-0.373412,0.803608,-0.593986,-0.698794,-0.573976,0.681357
nonlens_0969,0,none,synthetic_lenses_images/non_lens/nonlens_0969.png,,0.421933,-0.997619,-0.15827,0.122525,-0.208714,-0.381626
nonlens_0839,0,none,synthetic_lenses_images/non_lens/nonlens_0839.png,,-0.30358,0.875375,0.756574,-0.143184,0.012965,0.397459
nonlens_0981,0,none,synthetic_lenses_images/non_lens/nonlens_0981.png,,-0.208956,0.856006,0.178177,0.505963,-0.515084,0.411374
nonlens_0013,0,none,synthetic_lenses_images/non_lens/nonlens_0013.png,,0.391272,-0.602761,-0.818916,0.195939,0.753866,-0.190726
lens_0963,1,simple,synthetic_lenses_images/lens/simple/lens_0963.png,3.537341,0.845823,0.761293,1.122688,0.840596,1.178132,1.613018
nonlens_0561,0,none,synthetic_lenses_images/non_lens/nonlens_0561.png,,0.222775,-0.628622,-0.50675,0.90328,0.367051,0.478721
lens_0688,1,simple,synthetic_lenses_images/lens/simple/lens_0688.png,0.806629,1.266427,1.107853,1.016821,1.302686,1.287012,1.408185
lens_0481,1,compound,synthetic_lenses_images/lens/compound/lens_0481.png,4.085185,1.506261,1.916528,1.529548,1.316978,2.239043,2.118593
lens_0392,1,compound,synthetic_lenses_images/lens/compound/lens_0392.png,0.575215,1.700527,1.735817,0.931982,1.597262,1.934219,2.216085
nonlens_0163,0,none,synthetic_lenses_images/non_lens/nonlens_0163.png,,0.283637,-0.20802,-0.690032,0.645692,0.628728,-0.103004
lens_0488,1,compound,synthetic_lenses_images/lens/compound/lens_0488.png,1.963121,1.463834,2.345366,1.70914,1.161484,2.0691,2.24244
lens_0870,1,simple,synthetic_lenses_images/lens/simple/lens_0870.png,0.933656,1.44725,0.87695,0.973734,0.601009,1.00366,1.271035
lens_0143,1,compound,synthetic_lenses_images/lens/compound/lens_0143.png,4.539689,1.403304,2.262364,1.502429,1.576551,1.753278,2.465844
nonlens_0342,0,none,synthetic_lenses_images/non_lens/nonlens_0342.png,,0.82821,0.217521,-0.53811,-0.369641,0.181787,-0.101457
nonlens_0161,0,none,synthetic_lenses_images/non_lens/nonlens_0161.png,,-0.69686,0.045561,0.880246,-0.529973,0.509319,0.944639
nonlens_0586,0,none,synthetic_lenses_images/non_lens/nonlens_0586.png,,0.702026,0.76498,-0.91425,0.603243,-0.254993,-0.540853
nonlens_0149,0,none,synthetic_lenses_images/non_lens/nonlens_0149.png,,-0.447579,-0.713833,0.695546,-0.881957,-0.506829,0.26614
nonlens_0636,0,none,synthetic_lenses_images/non_lens/nonlens_0636.png,,-0.699744,-0.426574,-0.742385,0.679983,0.182802,0.401251
lens_0561,1,simple,synthetic_lenses_images/lens/simple/lens_0561.png,4.200875,1.048369,1.322449,0.824656,1.074708,1.373157,1.143275
nonlens_0694,0,none,synthetic_lenses_images/non_lens/nonlens_0694.png,,0.282354,-0.636549,0.279997,0.769535,0.852454,0.404022
nonlens_0122,0,none,synthetic_lenses_images/non_lens/nonlens_0122.png,,0.730016,-0.877467,-0.630144,-0.987373,-0.648298,-0.604559
lens_0962,1,simple,synthetic_lenses_images/lens/simple/lens_0962.png,2.454503,0.975664,1.192118,1.227551,1.025023,1.510949,0.968811
lens_0639,1,simple,synthetic_lenses_images/lens/simple/lens_0639.png,2.373402,0.913656,0.83284,0.902306,1.336483,1.157059,1.74254
nonlens_0512,0,none,synthetic_lenses_images/non_lens/nonlens_0512.png,,0.814678,-0.221427,0.996887,-0.766432,0.959301,-0.225625
nonlens_0237,0,none,synthetic_lenses_images/non_lens/nonlens_0237.png,,-0.424745,0.546198,-0.134517,-0.938172,-0.867332,-0.830315
nonlens_0286,0,none,synthetic_lenses_images/non_lens/nonlens_0286.png,,0.006305,-0.000547,0.609677,-0.586214,0.199596,-0.264997
lens_0567,1,simple,synthetic_lenses_images/lens/simple/lens_0567.png,3.319566,1.119823,1.240736,1.059394,1.175144,1.214648,1.23604
nonlens_0413,0,none,synthetic_lenses_images/non_lens/nonlens_0413.png,,0.15135,-0.999814,0.392758,0.86931,0.506655,0.112574
lens_0553,1,simple,synthetic_lenses_images/lens/simple/lens_0553.png,0.578909,1.161099,1.452071,1.322445,0.835904,0.716592,1.705491
lens_0134,1,compound,synthetic_lenses_images/lens/compound/lens_0134.png,2.27169,1.558407,1.947719,1.474114,1.497184,2.335095,1.994712
nonlens_0786,0,none,synthetic_lenses_images/non_lens/nonlens_0786.png,,0.605702,-0.142491,-0.273957,0.687786,0.138699,0.793584
lens_0254,1,compound,synthetic_lenses_images/lens/compound/lens_0254.png,1.531681,1.247367,1.514161,1.226199,1.3375,1.870584,2.359869
nonlens_0790,0,none,synthetic_lenses_images/non_lens/nonlens_0790.png,,0.794645,-0.262912,-0.7216,-0.854321,-0.078029,-0.328771
lens_0023,1,compound,synthetic_lenses_images/lens/compound/lens_0023.png,1.279765,2.001318,1.877198,1.576699,2.113582,1.890327,1.558201
lens_0409,1,compound,synthetic_lenses_images/lens/compound/lens_0409.png,2.620128,1.871444,2.107263,1.314621,1.373873,1.557148,2.255603
lens_0741,1,simple,synthetic_lenses_images/lens/simple/lens_0741.png,3.031941,1.200894,1.566034,1.183042,0.634946,1.185472,1.720547
nonlens_0866,0,none,synthetic_lenses_images/non_lens/nonlens_0866.png,,-0.374105,0.499249,0.380535,-0.05911,0.407955,-0.811607
lens_0810,1,simple,synthetic_lenses_images/lens/simple/lens_0810.png,0.516986,0.849055,1.208929,1.111775,0.781115,0.897658,1.055976
nonlens_0574,0,none,synthetic_lenses_images/non_lens/nonlens_0574.png,,0.772198,0.635078,-0.048289,0.691751,0.04905,-0.523702
lens_0109,1,compound,synthetic_lenses_images/lens/compound/lens_0109.png,1.397972,2.079633,1.799156,1.422112,1.79104,2.27356,2.226626
lens_0407,1,compound,synthetic_lenses_images/lens/compound/lens_0407.png,4.615608,1.783718,1.89906,1.074615,1.479736,1.645705,1.97628
nonlens_0158,0,none,synthetic_lenses_images/non_lens/nonlens_0158.png,,-0.369463,0.441002,0.100254,0.257781,0.292657,-0.208925
nonlens_0782,0,none,synthetic_lenses_images/non_lens/nonlens_0782.png,,0.546011,0.520418,-0.140207,0.09647,-0.411598,-0.718347
lens_0118,1,compound,synthetic_lenses_images/lens/compound/lens_0118.png,2.421632,1.478852,1.39221,1.67676,1.694382,1.43343,2.099756
nonlens_0318,0,none,synthetic_lenses_images/non_lens/nonlens_0318.png,,0.983675,-0.995825,-0.644854,-0.733033,0.967402,-0.266466
nonlens_0202,0,none,synthetic_lenses_images/non_lens/nonlens_0202.png,,-0.184003,0.503131,-0.787147,0.280939,-0.092692,0.668699
lens_0271,1,compound,synthetic_lenses_images/lens/compound/lens_0271.png,3.562387,2.035725,1.729169,1.252189,1.842172,2.380391,2.439274
nonlens_0860,0,none,synthetic_lenses_images/non_lens/nonlens_0860.png,,0.041322,-0.844525,-0.076113,-0.073265,-0.950672,0.191675
lens_0233,1,compound,synthetic_lenses_images/lens/compound/lens_0233.png,1.837353,1.701792,2.09148,1.627866,1.292575,1.599752,1.769475
lens_0596,1,simple,synthetic_lenses_images/lens/simple/lens_0596.png,2.745851,0.750191,0.826316,0.994683,1.099667,1.166506,1.497163
lens_0347,1,compound,synthetic_lenses_images/lens/compound/lens_0347.png,3.090012,1.091019,2.251652,1.23823,1.224199,2.286116,2.277944
lens_0133,1,compound,synthetic_lenses_images/lens/compound/lens_0133.png,3.970248,1.559827,1.74593,1.188635,1.782308,1.852239,2.30905
lens_0325,1,compound,synthetic_lenses_images/lens/compound/lens_0325.png,0.583489,1.714674,1.924203,1.841498,1.726561,1.916543,2.242473
lens_0135,1,compound,synthetic_lenses_images/lens/compound/lens_0135.png,4.113597,1.257325,1.569369,1.523135,1.685964,1.96574,2.54406
lens_0723,1,simple,synthetic_lenses_images/lens/simple/lens_0723.png,0.936509,1.397535,1.185318,1.193719,0.943491,1.431567,1.566459
lens_0447,1,compound,synthetic_lenses_images/lens/compound/lens_0447.png,3.902127,1.409074,1.514691,1.651495,1.37347,1.519866,1.95504
nonlens_0280,0,none,synthetic_lenses_images/non_lens/nonlens_0280.png,,-0.958564,0.009019,-0.8863,-0.730102,-0.903311,-0.688181
lens_0439,1,compound,synthetic_lenses_images/lens/compound/lens_0439.png,1.078372,1.825129,2.02768,1.259972,1.789675,1.85285,1.839204
nonlens_0929,0,none,synthetic_lenses_images/non_lens/nonlens_0929.png,,-0.603081,-0.603769,0.244869,-0.297871,-0.691651,0.551131
nonlens_0193,0,none,synthetic_lenses_images/non_lens/nonlens_0193.png,,-0.185997,0.160424,-0.25578,0.967026,0.534627,-0.704734
nonlens_0804,0,none,synthetic_lenses_images/non_lens/nonlens_0804.png,,0.848392,0.589683,-0.253717,-0.037059,-0.882165,-0.297135
nonlens_0102,0,none,synthetic_lenses_images/non_lens/nonlens_0102.png,,0.376243,0.635903,0.861884,0.169782,-0.636333,0.787976
lens_0736,1,simple,synthetic_lenses_images/lens/simple/lens_0736.png,3.485546,1.221977,1.273336,0.665117,1.166605,1.234205,1.324723
nonlens_0014,0,none,synthetic_lenses_images/non_lens/nonlens_0014.png,,-0.47326,0.431776,0.065656,-0.206487,0.842517,-0.792748
lens_0902,1,simple,synthetic_lenses_images/lens/simple/lens_0902.png,3.893229,0.737726,1.519382,1.198663,1.0537,1.338399,1.725895
lens_0136,1,compound,synthetic_lenses_images/lens/compound/lens_0136.png,3.408246,1.585884,2.031195,1.421304,1.481201,1.51467,1.871194
lens_0731,1,simple,synthetic_lenses_images/lens/simple/lens_0731.png,1.726447,1.342632,0.726378,1.066714,1.287769,1.489739,1.245757
nonlens_0073,0,none,synthetic_lenses_images/non_lens/nonlens_0073.png,,0.84368,-0.299766,-0.598701,0.28827,-0.217376,-0.693805
lens_0576,1,simple,synthetic_lenses_images/lens/simple/lens_0576.png,3.338894,1.13952,0.878921,1.115081,1.100923,1.070928,1.499947
nonlens_0709,0,none,synthetic_lenses_images/non_lens/nonlens_0709.png,,0.495044,0.5448,-0.746445,-0.482616,0.07648,0.506016
lens_0001,1,compound,synthetic_lenses_images/lens/compound/lens_0001.png,2.879423,1.89908,1.30663,1.232385,1.169656,1.998496,2.268769
nonlens_0230,0,none,synthetic_lenses_images/non_lens/nonlens_0230.png,,0.602451,-0.622666,-0.050481,-0.042531,-0.801906,-0.224285
lens_0287,1,compound,synthetic_lenses_images/lens/compound/lens_0287.png,0.981612,1.556177,1.736093,1.18256,1.48675,2.278601,2.325105
nonlens_0707,0,none,synthetic_lenses_images/non_lens/nonlens_0707.png,,-0.805277,-0.364233,-0.936868,-0.613503,-0.421696,-0.94349
nonlens_0123,0,none,synthetic_lenses_images/non_lens/nonlens_0123.png,,-0.712214,0.083997,0.945447,0.399934,0.405736,-0.84844
nonlens_0928,0,none,synthetic_lenses_images/non_lens/nonlens_0928.png,,0.526128,0.058173,0.255093,-0.826311,0.986909,0.816866
nonlens_0092,0,none,synthetic_lenses_images/non_lens/nonlens_0092.png,,-0.45336,0.491943,0.126728,-0.688289,-0.196247,0.563718
lens_0494,1,compound,synthetic_lenses_images/lens/compound/lens_0494.png,4.644164,1.656642,1.839888,1.678156,1.764006,1.764529,2.058242
lens_0192,1,compound,synthetic_lenses_images/lens/compound/lens_0192.png,2.845566,1.729971,1.781605,1.338933,1.593894,2.284504,2.458382
nonlens_0084,0,none,synthetic_lenses_images/non_lens/nonlens_0084.png,,-0.080136,0.421372,0.082997,-0.546029,-0.195538,0.680271
nonlens_0333,0,none,synthetic_lenses_images/non_lens/nonlens_0333.png,,-0.155303,-0.370423,0.830986,0.133137,0.39971,-0.985123
nonlens_0834,0,none,synthetic_lenses_images/non_lens/nonlens_0834.png,,-0.480741,0.267433,0.23527,-0.936019,-0.434961,0.911723
lens_0871,1,simple,synthetic_lenses_images/lens/simple/lens_0871.png,2.532664,0.748779,0.809179,1.230426,1.278147,1.38916,1.475005
lens_0964,1,simple,synthetic_lenses_images/lens/simple/lens_0964.png,0.838315,0.828061,0.98413,0.737415,0.849304,0.80783,0.952737
lens_0560,1,simple,synthetic_lenses_images/lens/simple/lens_0560.png,2.921532,1.146408,0.881232,0.683065,0.725126,1.077743,1.104175
lens_0210,1,compound,synthetic_lenses_images/lens/compound/lens_0210.png,4.263434,2.093702,1.462447,1.212042,1.543119,2.415431,2.124176
nonlens_0213,0,none,synthetic_lenses_images/non_lens/nonlens_0213.png,,0.498104,-0.517243,0.968,-0.931316,-0.380373,0.554328
nonlens_0681,0,none,synthetic_lenses_images/non_lens/nonlens_0681.png,,0.461913,0.075004,0.251921,0.929164,0.855607,0.016435
nonlens_0089,0,none,synthetic_lenses_images/non_lens/nonlens_0089.png,,-0.717337,-0.7827,0.304475,-0.399359,0.665776,0.549155
nonlens_0498,0,none,synthetic_lenses_images/non_lens/nonlens_0498.png,,-0.553944,0.561056,0.552538,-0.140251,0.12783,0.921256
lens_0079,1,compound,synthetic_lenses_images/lens/compound/lens_0079.png,0.526452,1.784516,2.225393,1.583753,1.231705,2.441198,1.948819
nonlens_0305,0,none,synthetic_lenses_images/non_lens/nonlens_0305.png,,0.958916,0.701188,0.911337,-0.483833,0.117137,0.778341
nonlens_0902,0,none,synthetic_lenses_images/non_lens/nonlens_0902.png,,-0.26041,-0.066191,0.455528,0.832275,0.127431,-0.462874
lens_0263,1,compound,synthetic_lenses_images/lens/compound/lens_0263.png,2.143119,1.684641,1.793533,1.708948,1.189991,2.203506,1.898008
lens_0262,1,compound,synthetic_lenses_images/lens/compound/lens_0262.png,4.064399,1.811646,2.149939,1.280812,1.631807,1.973888,1.826438
nonlens_0383,0,none,synthetic_lenses_images/non_lens/nonlens_0383.png,,0.71228,-0.750702,-0.159552,0.296675,-0.004646,0.955632
nonlens_0024,0,none,synthetic_lenses_images/non_lens/nonlens_0024.png,,-0.37303,0.614507,0.208183,0.440212,0.435129,0.289932
lens_0182,1,compound,synthetic_lenses_images/lens/compound/lens_0182.png,2.762909,1.393751,2.07937,1.104761,1.746131,1.889865,2.477396
nonlens_0775,0,none,synthetic_lenses_images/non_lens/nonlens_0775.png,,0.580211,-0.930262,-0.602889,0.546189,-0.966197,0.670602
nonlens_0297,0,none,synthetic_lenses_images/non_lens/nonlens_0297.png,,-0.898167,0.033995,-0.753404,-0.123204,-0.024966,0.527279
lens_0783,1,simple,synthetic_lenses_images/lens/simple/lens_0783.png,4.837544,1.005318,1.125282,0.760647,1.100406,1.125229,1.344201
nonlens_0394,0,none,synthetic_lenses_images/non_lens/nonlens_0394.png,,-0.393609,-0.551369,-0.598152,0.727696,0.678936,0.927016
lens_0757,1,simple,synthetic_lenses_images/lens/simple/lens_0757.png,4.969422,1.240348,1.187905,1.016192,0.841156,1.328882,0.872821
nonlens_0078,0,none,synthetic_lenses_images/non_lens/nonlens_0078.png,,-0.237573,0.125423,0.627412,0.537391,-0.760716,-0.550964
lens_0959,1,simple,synthetic_lenses_images/lens/simple/lens_0959.png,0.391759,0.838685,1.409171,1.003951,1.284279,1.020484,0.984052
lens_0163,1,compound,synthetic_lenses_images/lens/compound/lens_0163.png,1.8087,1.671157,1.851482,1.842806,1.510421,2.322463,2.38191
lens_0029,1,compound,synthetic_lenses_images/lens/compound/lens_0029.png,3.726365,1.216353,1.908519,1.31993,1.602592,2.419721,1.807683
nonlens_0964,0,none,synthetic_lenses_images/non_lens/nonlens_0964.png,,0.68132,0.871939,0.881409,0.369876,0.800218,0.396567
lens_0682,1,simple,synthetic_lenses_images/lens/simple/lens_0682.png,0.89723,1.378447,1.059702,1.162696,1.056822,1.645036,1.032286
lens_0498,1,compound,synthetic_lenses_images/lens/compound/lens_0498.png,4.616573,1.816906,1.78706,1.163004,1.403422,1.71872,2.48617
lens_0929,1,simple,synthetic_lenses_images/lens/simple/lens_0929.png,3.057278,1.104862,1.020599,1.027797,0.658551,1.047857,0.859235
lens_0910,1,simple,synthetic_lenses_images/lens/simple/lens_0910.png,2.458507,0.816907,1.188296,0.574109,1.235266,1.18364,1.719408
lens_0521,1,simple,synthetic_lenses_images/lens/simple/lens_0521.png,2.377019,1.073273,0.915539,1.004342,0.824608,1.17438,1.32186
lens_0615,1,simple,synthetic_lenses_images/lens/simple/lens_0615.png,4.254798,0.723583,1.419978,0.718917,1.024194,1.398999,0.973176
lens_0644,1,simple,synthetic_lenses_images/lens/simple/lens_0644.png,2.914828,1.11615,1.235459,0.750235,0.985077,0.849255,1.540169
nonlens_0390,0,none,synthetic_lenses_images/non_lens/nonlens_0390.png,,-0.293644,0.739902,0.716227,0.324607,-0.020173,0.898286
nonlens_0076,0,none,synthetic_lenses_images/non_lens/nonlens_0076.png,,0.928353,-0.886574,0.369526,-0.180152,0.068548,0.237172
lens_0754,1,simple,synthetic_lenses_images/lens/simple/lens_0754.png,1.672599,1.213212,1.376705,1.081047,0.720016,0.75206,1.054731
nonlens_0910,0,none,synthetic_lenses_images/non_lens/nonlens_0910.png,,-0.636552,0.706897,-0.520942,-0.093599,0.961675,-0.726582
lens_0802,1,simple,synthetic_lenses_images/lens/simple/lens_0802.png,2.688985,1.259058,0.772377,0.662675,1.138147,1.095445,1.182875
lens_0955,1,simple,synthetic_lenses_images/lens/simple/lens_0955.png,0.328292,0.748279,1.087692,0.978319,1.308646,1.021723,1.736977
nonlens_0880,0,none,synthetic_lenses_images/non_lens/nonlens_0880.png,,0.586094,-0.538382,0.656354,-0.086164,-0.288282,0.806187
lens_0923,1,simple,synthetic_lenses_images/lens/simple/lens_0923.png,1.989754,0.822898,0.836325,0.881578,1.052724,1.524157,1.352729
lens_0191,1,compound,synthetic_lenses_images/lens/compound/lens_0191.png,3.802101,1.486199,1.758772,1.728317,1.522599,1.867613,2.15881
nonlens_0351,0,none,synthetic_lenses_images/non_lens/nonlens_0351.png,,0.811909,-0.591813,-0.672185,-0.804791,0.863483,-0.381015
lens_0914,1,simple,synthetic_lenses_images/lens/simple/lens_0914.png,4.2922,1.229481,0.910739,1.250963,1.201427,1.041083,0.953129
nonlens_0895,0,none,synthetic_lenses_images/non_lens/nonlens_0895.png,,0.272464,0.90992,0.067602,-0.014015,0.972657,0.900742
nonlens_0441,0,none,synthetic_lenses_images/non_lens/nonlens_0441.png,,-0.508774,-0.309296,-0.317022,-0.277067,0.031781,0.06007
nonlens_0292,0,none,synthetic_lenses_images/non_lens/nonlens_0292.png,,-0.409164,-0.893761,-0.069821,-0.226886,0.306864,-0.133235
nonlens_0733,0,none,synthetic_lenses_images/non_lens/nonlens_0733.png,,-0.254981,0.944824,0.006721,0.913091,0.066818,0.034139
nonlens_0891,0,none,synthetic_lenses_images/non_lens/nonlens_0891.png,,-0.550561,-0.166335,-0.982928,0.294446,-0.246142,-0.092769
nonlens_0281,0,none,synthetic_lenses_images/non_lens/nonlens_0281.png,,-0.735418,0.723377,0.66856,0.147729,-0.441446,-0.508422
lens_0299,1,compound,synthetic_lenses_images/lens/compound/lens_0299.png,3.532186,1.681838,1.934444,1.380643,1.683344,2.161624,2.329275
lens_0376,1,compound,synthetic_lenses_images/lens/compound/lens_0376.png,1.254924,1.476104,1.505634,1.624151,1.779043,1.739804,2.324963
lens_0093,1,compound,synthetic_lenses_images/lens/compound/lens_0093.png,4.463638,1.835262,1.953397,1.650274,1.778789,1.834437,2.161735
lens_0789,1,simple,synthetic_lenses_images/lens/simple/lens_0789.png,1.124056,1.239974,0.96027,1.186522,0.966616,1.349762,1.290685
nonlens_0407,0,none,synthetic_lenses_images/non_lens/nonlens_0407.png,,0.361922,0.951855,-0.117438,-0.728558,0.476049,-0.563059
lens_0558,1,simple,synthetic_lenses_images/lens/simple/lens_0558.png,4.574977,1.031871,0.894172,1.061572,0.930711,1.189541,1.29823
lens_0891,1,simple,synthetic_lenses_images/lens/simple/lens_0891.png,3.418911,1.094159,0.949533,0.681422,1.15645,0.857537,1.276589
nonlens_0628,0,none,synthetic_lenses_images/non_lens/nonlens_0628.png,,-0.763842,0.373572,0.400804,-0.07931,-0.066894,0.320366
lens_0062,1,compound,synthetic_lenses_images/lens/compound/lens_0062.png,4.175007,1.847833,1.527031,1.561291,1.830329,1.858282,1.885147
lens_0248,1,compound,synthetic_lenses_images/lens/compound/lens_0248.png,2.021048,1.75951,2.045401,1.780126,1.444177,1.852233,2.572235
lens_0858,1,simple,synthetic_lenses_images/lens/simple/lens_0858.png,1.126466,1.012397,1.287667,0.759784,1.085636,1.055486,1.131027
nonlens_0645,0,none,synthetic_lenses_images/non_lens/nonlens_0645.png,,-0.437202,0.300189,0.80224,-0.315219,-0.477876,0.72811
nonlens_0035,0,none,synthetic_lenses_images/non_lens/nonlens_0035.png,,0.89806,-0.225098,-0.184852,0.39283,-0.722981,-0.313409
nonlens_0702,0,none,synthetic_lenses_images/non_lens/nonlens_0702.png,,0.659393,0.172996,0.513377,0.449542,-0.284506,0.510982
nonlens_0807,0,none,synthetic_lenses_images/non_lens/nonlens_0807.png,,-0.62814,-0.838258,0.760224,0.487736,-0.545174,0.633881
nonlens_0264,0,none,synthetic_lenses_images/non_lens/nonlens_0264.png,,-0.456553,0.763613,-0.01696,0.579176,0.047871,-0.35584
lens_0681,1,simple,synthetic_lenses_images/lens/simple/lens_0681.png,2.494185,1.063693,1.04921,0.952785,1.409959,1.42433,1.372589
nonlens_0597,0,none,synthetic_lenses_images/non_lens/nonlens_0597.png,,-0.510503,-0.475219,-0.679698,0.435089,-0.073628,-0.951549
lens_0451,1,compound,synthetic_lenses_images/lens/compound/lens_0451.png,3.967959,1.941132,1.664972,1.643134,1.566386,2.114085,2.139883
nonlens_0784,0,none,synthetic_lenses_images/non_lens/nonlens_0784.png,,0.055909,0.079871,0.11606,0.040078,0.270558,-0.763373
nonlens_0759,0,none,synthetic_lenses_images/non_lens/nonlens_0759.png,,0.004678,0.322141,0.748267,0.470682,0.60781,0.135797
nonlens_0320,0,none,synthetic_lenses_images/non_lens/nonlens_0320.png,,-0.339717,-0.922116,0.165727,0.976369,0.228727,0.64286
lens_0211,1,compound,synthetic_lenses_images/lens/compound/lens_0211.png,0.769644,1.564254,1.810234,1.221597,1.417086,1.896417,1.934334
nonlens_0337,0,none,synthetic_lenses_images/non_lens/nonlens_0337.png,,-0.994525,-0.034403,0.648648,0.002154,-0.577876,-0.334964
nonlens_0811,0,none,synthetic_lenses_images/non_lens/nonlens_0811.png,,-0.413929,0.621456,-0.718302,0.134974,-0.06335,0.186196
lens_0352,1,compound,synthetic_lenses_images/lens/compound/lens_0352.png,0.352949,1.643611,1.656237,1.328734,1.481318,1.863231,2.374914
nonlens_0184,0,none,synthetic_lenses_images/non_lens/nonlens_0184.png,,0.760581,0.864086,-0.650837,-0.774826,0.449618,-0.089511
lens_0411,1,compound,synthetic_lenses_images/lens/compound/lens_0411.png,4.470788,1.500947,2.058989,1.257111,1.551333,1.701451,1.838898
lens_0691,1,simple,synthetic_lenses_images/lens/simple/lens_0691.png,3.18481,1.155764,1.217891,1.102935,1.228586,1.275199,1.561785
nonlens_0730,0,none,synthetic_lenses_images/non_lens/nonlens_0730.png,,-0.679472,-0.626524,-0.650184,-0.411775,0.926558,0.596384
nonlens_0417,0,none,synthetic_lenses_images/non_lens/nonlens_0417.png,,0.448124,-0.266715,0.513179,0.522185,0.669493,-0.136355
nonlens_0691,0,none,synthetic_lenses_images/non_lens/nonlens_0691.png,,0.580233,-0.152954,-0.29078,-0.911958,0.799174,0.284654
nonlens_0908,0,none,synthetic_lenses_images/non_lens/nonlens_0908.png,,0.873693,0.83413,-0.387301,-0.824923,-0.316619,0.520836
lens_0063,1,compound,synthetic_lenses_images/lens/compound/lens_0063.png,0.458647,1.397226,2.348219,1.601375,1.616636,2.15792,2.047561
lens_0605,1,simple,synthetic_lenses_images/lens/simple/lens_0605.png,1.672376,1.063637,1.133577,1.164557,0.776706,1.103873,1.286736
nonlens_0464,0,none,synthetic_lenses_images/non_lens/nonlens_0464.png,,0.052423,0.442503,0.574746,0.088756,0.212913,-0.602762
lens_0758,1,simple,synthetic_lenses_images/lens/simple/lens_0758.png,4.751705,0.899342,0.934986,1.051352,1.276486,1.600566,1.181724
nonlens_0276,0,none,synthetic_lenses_images/non_lens/nonlens_0276.png,,0.883018,-0.648112,0.095877,0.884032,0.789844,-0.52751
nonlens_0145,0,none,synthetic_lenses_images/non_lens/nonlens_0145.png,,-0.745734,-0.356334,0.265363,0.942271,-0.542147,0.18567
nonlens_0562,0,none,synthetic_lenses_images/non_lens/nonlens_0562.png,,0.693486,0.57907,0.660617,-0.555606,0.88121,0.092364
lens_0863,1,simple,synthetic_lenses_images/lens/simple/lens_0863.png,4.940403,0.904767,1.059346,0.975306,1.230847,1.579763,1.080739
lens_0861,1,simple,synthetic_lenses_images/lens/simple/lens_0861.png,2.055508,1.399823,1.385335,0.998703,1.104303,1.580233,1.036632
nonlens_0939,0,none,synthetic_lenses_images/non_lens/nonlens_0939.png,,0.960968,-0.555477,0.925492,0.355542,0.26424,-0.63423
nonlens_0425,0,none,synthetic_lenses_images/non_lens/nonlens_0425.png,,-0.070263,-0.817951,0.162805,0.593204,-0.746442,-0.892416
nonlens_0062,0,none,synthetic_lenses_images/non_lens/nonlens_0062.png,,0.141079,0.727487,0.252381,-0.590247,0.757362,0.473267
nonlens_0683,0,none,synthetic_lenses_images/non_lens/nonlens_0683.png,,-0.723519,0.515665,-0.097417,0.760355,-0.287898,0.026291
lens_0437,1,compound,synthetic_lenses_images/lens/compound/lens_0437.png,1.414254,1.73393,1.7916,1.411467,1.672689,2.044568,2.11114
lens_0250,1,compound,synthetic_lenses_images/lens/compound/lens_0250.png,2.729602,1.627709,1.547511,1.021317,1.515867,1.936782,2.491052
lens_0627,1,simple,synthetic_lenses_images/lens/simple/lens_0627.png,0.364378,0.804498,1.297305,0.983311,1.310322,1.124475,1.330018
lens_0358,1,compound,synthetic_lenses_images/lens/compound/lens_0358.png,3.699343,1.390031,1.485461,1.209957,1.610078,1.714668,1.978092
nonlens_0580,0,none,synthetic_lenses_images/non_lens/nonlens_0580.png,,-0.7263,-0.338214,0.618196,0.618783,-0.143696,-0.883262
lens_0138,1,compound,synthetic_lenses_images/lens/compound/lens_0138.png,4.736096,1.578864,1.821486,1.367194,1.829935,1.685122,1.986391
nonlens_0686,0,none,synthetic_lenses_images/non_lens/nonlens_0686.png,,-0.812606,0.685185,0.684238,-0.2395,-0.829744,0.191361
lens_0908,1,simple,synthetic_lenses_images/lens/simple/lens_0908.png,0.847079,1.377579,1.158858,0.888798,0.90736,1.36288,1.276495
lens_0588,1,simple,synthetic_lenses_images/lens/simple/lens_0588.png,2.437765,0.986914,1.358309,0.930558,1.156865,1.347637,1.109449
nonlens_0219,0,none,synthetic_lenses_images/non_lens/nonlens_0219.png,,0.55148,0.613605,0.81082,0.544925,-0.912251,-0.634644
lens_0776,1,simple,synthetic_lenses_images/lens/simple/lens_0776.png,2.065955,1.007282,1.102171,1.184252,1.29175,1.44012,1.308432
lens_0255,1,compound,synthetic_lenses_images/lens/compound/lens_0255.png,2.70669,1.349044,1.926699,1.358599,1.663327,1.504557,2.144577
lens_0011,1,compound,synthetic_lenses_images/lens/compound/lens_0011.png,3.925207,1.592522,2.04566,1.790463,1.745497,1.454215,1.785391
lens_0665,1,simple,synthetic_lenses_images/lens/simple/lens_0665.png,1.797373,0.941444,1.306294,1.183975,0.891216,1.278335,1.463783
lens_0968,1,simple,synthetic_lenses_images/lens/simple/lens_0968.png,0.680789,0.972034,1.608708,1.179421,1.220119,1.514445,1.657174
lens_0247,1,compound,synthetic_lenses_images/lens/compound/lens_0247.png,2.554352,1.673563,2.210016,1.458201,1.48424,2.245554,2.067195
lens_0793,1,simple,synthetic_lenses_images/lens/simple/lens_0793.png,4.771929,0.959319,0.954921,0.887061,1.033663,1.267885,1.555918
lens_0628,1,simple,synthetic_lenses_images/lens/simple/lens_0628.png,1.299607,1.099499,1.002141,0.847423,1.029873,1.401331,1.028342
lens_0125,1,compound,synthetic_lenses_images/lens/compound/lens_0125.png,0.798505,1.737095,1.706206,1.492795,1.533672,2.280176,2.080137
nonlens_0171,0,none,synthetic_lenses_images/non_lens/nonlens_0171.png,,-0.596828,0.215237,-0.331029,-0.345884,-0.479316,-0.761665
nonlens_0913,0,none,synthetic_lenses_images/non_lens/nonlens_0913.png,,0.794521,0.881917,0.633156,-0.398005,-0.36653,-0.382107
nonlens_0801,0,none,synthetic_lenses_images/non_lens/nonlens_0801.png,,-0.67409,0.11998,-0.343803,0.442239,0.575095,-0.989886
nonlens_0545,0,none,synthetic_lenses_images/non_lens/nonlens_0545.png,,-0.462965,-0.140078,0.217923,-0.422392,0.093452,-0.967667
nonlens_0937,0,none,synthetic_lenses_images/non_lens/nonlens_0937.png,,0.575824,-0.758414,0.011333,-0.68321,0.70708,-0.237734
nonlens_0651,0,none,synthetic_lenses_images/non_lens/nonlens_0651.png,,-0.77888,0.109883,0.538314,0.594518,0.028366,-0.922539
lens_0476,1,compound,synthetic_lenses_images/lens/compound/lens_0476.png,0.341568,1.97839,1.92373,1.657959,1.56139,2.259325,2.124657
nonlens_0639,0,none,synthetic_lenses_images/non_lens/nonlens_0639.png,,0.389121,-0.006884,-0.965823,-0.805664,0.937771,-0.762699
lens_0666,1,simple,synthetic_lenses_images/lens/simple/lens_0666.png,2.927495,1.437274,1.441385,0.502295,0.711284,1.418268,1.229376
nonlens_0081,0,none,synthetic_lenses_images/non_lens/nonlens_0081.png,,0.225217,-0.309707,0.975955,-0.090031,0.838853,-0.693724
nonlens_0490,0,none,synthetic_lenses_images/non_lens/nonlens_0490.png,,0.644514,0.014799,0.986381,0.161687,-0.87032,-0.421301
lens_0092,1,compound,synthetic_lenses_images/lens/compound/lens_0092.png,1.244717,1.89615,1.567975,1.065936,1.572161,2.126214,2.2445
nonlens_0461,0,none,synthetic_lenses_images/non_lens/nonlens_0461.png,,0.373655,-0.884953,0.705931,-0.522366,0.832972,-0.582126
nonlens_0272,0,none,synthetic_lenses_images/non_lens/nonlens_0272.png,,0.958323,-0.270856,0.52142,-0.820055,0.8317,-0.815246
nonlens_0491,0,none,synthetic_lenses_images/non_lens/nonlens_0491.png,,0.148175,0.869923,0.429306,-0.093784,-0.489512,0.61465
nonlens_0991,0,none,synthetic_lenses_images/non_lens/nonlens_0991.png,,0.133147,0.645921,-0.71713,0.474593,-0.288457,-0.727279
lens_0434,1,compound,synthetic_lenses_images/lens/compound/lens_0434.png,2.547346,1.672969,1.733537,1.52601,1.711855,1.966398,2.267171
nonlens_0387,0,none,synthetic_lenses_images/non_lens/nonlens_0387.png,,0.303706,0.434473,0.659941,-0.97248,-0.786093,-0.587333
lens_0574,1,simple,synthetic_lenses_images/lens/simple/lens_0574.png,2.506837,1.142717,1.479374,1.117478,0.854051,0.984081,1.144546
nonlens_0725,0,none,synthetic_lenses_images/non_lens/nonlens_0725.png,,-0.271625,0.512533,-0.320167,0.784927,0.14242,0.565034
lens_0845,1,simple,synthetic_lenses_images/lens/simple/lens_0845.png,3.449679,0.805797,1.263231,0.870286,1.065674,1.436772,1.595886
nonlens_0863,0,none,synthetic_lenses_images/non_lens/nonlens_0863.png,,0.451114,-0.658166,-0.294857,0.820772,0.571353,0.044508
nonlens_0274,0,none,synthetic_lenses_images/non_lens/nonlens_0274.png,,0.717001,-0.442973,0.831926,-0.541823,-0.376803,0.041016
lens_0662,1,simple,synthetic_lenses_images/lens/simple/lens_0662.png,1.814741,1.042295,1.381457,1.09492,1.401491,1.447773,1.137482
lens_0480,1,compound,synthetic_lenses_images/lens/compound/lens_0480.png,0.435884,1.685038,1.973673,1.325232,1.8695,1.963564,1.880633
lens_0839,1,simple,synthetic_lenses_images/lens/simple/lens_0839.png,3.382648,0.858253,0.824214,0.73148,1.031687,0.920455,1.147024
lens_0684,1,simple,synthetic_lenses_images/lens/simple/lens_0684.png,1.416651,1.337276,1.041876,0.858761,0.973808,1.381216,1.147595
nonlens_0365,0,none,synthetic_lenses_images/non_lens/nonlens_0365.png,,-0.728459,-0.011309,0.992271,0.451807,-0.318593,0.249893
nonlens_0059,0,none,synthetic_lenses_images/non_lens/nonlens_0059.png,,-0.58794,0.378779,0.848624,-0.990522,-0.519225,0.627275
lens_0587,1,simple,synthetic_lenses_images/lens/simple/lens_0587.png,1.16727,0.87933,1.103935,1.008807,1.382378,0.95755,1.557449
nonlens_0061,0,none,synthetic_lenses_images/non_lens/nonlens_0061.png,,-0.910486,-0.716661,-0.507654,0.337066,0.76389,-0.154319
lens_0024,1,compound,synthetic_lenses_images/lens/compound/lens_0024.png,2.7313,1.410332,1.756049,1.260483,1.830782,2.297142,1.704412
nonlens_0392,0,none,synthetic_lenses_images/non_lens/nonlens_0392.png,,0.496649,0.048564,-0.59232,-0.779167,-0.42558,-0.433108
nonlens_0835,0,none,synthetic_lenses_images/non_lens/nonlens_0835.png,,-0.015375,0.52997,0.408369,0.68905,-0.072609,0.101489
nonlens_0306,0,none,synthetic_lenses_images/non_lens/nonlens_0306.png,,0.628761,-0.3388,0.329883,0.053418,0.335504,0.670717
lens_0282,1,compound,synthetic_lenses_images/lens/compound/lens_0282.png,2.435866,1.720976,1.332726,1.645661,1.575383,1.754761,2.235575
lens_0082,1,compound,synthetic_lenses_images/lens/compound/lens_0082.png,1.97047,1.763663,2.108252,1.10527,1.685074,1.479654,2.461149
nonlens_0469,0,none,synthetic_lenses_images/non_lens/nonlens_0469.png,,-0.630342,0.640698,0.994526,-0.941204,-0.786508,0.557266
lens_0504,1,simple,synthetic_lenses_images/lens/simple/lens_0504.png,0.397849,1.212802,1.32327,0.623249,0.981115,0.956232,1.671994
lens_0785,1,simple,synthetic_lenses_images/lens/simple/lens_0785.png,2.354406,1.334232,1.005236,0.841505,0.673308,1.093636,1.28048
nonlens_0087,0,none,synthetic_lenses_images/non_lens/nonlens_0087.png,,-0.566081,-0.61807,-0.610796,0.747212,0.318652,0.237753
nonlens_0677,0,none,synthetic_lenses_images/non_lens/nonlens_0677.png,,-0.821954,-0.890155,-0.683283,0.330716,-0.945141,0.606499
lens_0702,1,simple,synthetic_lenses_images/lens/simple/lens_0702.png,0.864678,1.504789,1.453135,0.893117,1.000453,1.276448,1.625296
nonlens_0401,0,none,synthetic_lenses_images/non_lens/nonlens_0401.png,,0.379276,0.107745,0.135902,-0.997079,-0.613162,-0.783068
nonlens_0823,0,none,synthetic_lenses_images/non_lens/nonlens_0823.png,,-0.899758,-0.279788,0.239749,-0.295122,-0.271556,-0.205868
nonlens_0429,0,none,synthetic_lenses_images/non_lens/nonlens_0429.png,,-0.832864,0.050152,-0.812927,-0.47772,0.097815,0.65622
lens_0787,1,simple,synthetic_lenses_images/lens/simple/lens_0787.png,3.856404,1.20997,1.113913,1.316106,0.930377,0.942374,1.143743
nonlens_0974,0,none,synthetic_lenses_images/non_lens/nonlens_0974.png,,0.925772,-0.117241,-0.78018,0.269979,0.300148,-0.725294
nonlens_0797,0,none,synthetic_lenses_images/non_lens/nonlens_0797.png,,0.670017,-0.362079,0.559005,-0.747162,0.689844,-0.716928
lens_0994,1,simple,synthetic_lenses_images/lens/simple/lens_0994.png,1.462334,1.355927,0.982674,1.169904,0.876367,1.565782,1.076953
lens_0031,1,compound,synthetic_lenses_images/lens/compound/lens_0031.png,3.327475,1.674607,1.788527,1.275107,1.774505,1.877382,2.285014
nonlens_0752,0,none,synthetic_lenses_images/non_lens/nonlens_0752.png,,-0.710347,0.248258,-0.541125,0.695541,0.762193,-0.976369
lens_0881,1,simple,synthetic_lenses_images/lens/simple/lens_0881.png,0.695273,1.067067,0.853411,1.118818,1.111864,0.887642,1.295353
lens_0869,1,simple,synthetic_lenses_images/lens/simple/lens_0869.png,1.10736,1.12145,1.288701,1.232191,1.140025,1.154277,1.688123
nonlens_0141,0,none,synthetic_lenses_images/non_lens/nonlens_0141.png,,-0.142005,-0.756305,-0.741144,-0.436206,0.449514,0.614249
lens_0108,1,compound,synthetic_lenses_images/lens/compound/lens_0108.png,1.064713,1.620256,1.867014,1.919903,1.925612,1.762669,2.23396
lens_0743,1,simple,synthetic_lenses_images/lens/simple/lens_0743.png,0.306029,1.037621,0.724759,1.206961,1.403447,0.719064,1.096923
nonlens_0659,0,none,synthetic_lenses_images/non_lens/nonlens_0659.png,,-0.289333,-0.148183,-0.14103,-0.492479,-0.940632,-0.759007
lens_0536,1,simple,synthetic_lenses_images/lens/simple/lens_0536.png,2.002151,1.068742,1.357491,0.788199,1.501669,1.129194,1.011606
lens_0164,1,compound,synthetic_lenses_images/lens/compound/lens_0164.png,3.53813,1.185162,1.760344,1.523265,1.754501,1.744119,1.873291
nonlens_0270,0,none,synthetic_lenses_images/non_lens/nonlens_0270.png,,-0.821078,-0.490149,-0.542886,-0.26681,0.994198,-0.042938
lens_0819,1,simple,synthetic_lenses_images/lens/simple/lens_0819.png,4.357149,1.113187,0.852973,0.781774,1.037586,1.693951,1.591364
lens_0212,1,compound,synthetic_lenses_images/lens/compound/lens_0212.png,3.97243,1.79905,1.796548,1.146524,1.86373,1.55937,1.579964
lens_0273,1,compound,synthetic_lenses_images/lens/compound/lens_0273.png,1.464287,1.76608,1.764229,1.262695,1.708187,2.376683,2.544509
nonlens_0723,0,none,synthetic_lenses_images/non_lens/nonlens_0723.png,,0.571034,0.48112,0.113505,-0.130184,-0.004993,-0.899995
lens_0699,1,simple,synthetic_lenses_images/lens/simple/lens_0699.png,0.694854,0.883149,1.419449,0.830047,1.30718,1.310666,1.224392
nonlens_0548,0,none,synthetic_lenses_images/non_lens/nonlens_0548.png,,0.014722,-0.416265,-0.740024,0.764982,-0.324558,0.470849
lens_0838,1,simple,synthetic_lenses_images/lens/simple/lens_0838.png,4.49103,1.259314,0.813458,1.189181,1.415621,1.307528,1.242454
lens_0708,1,simple,synthetic_lenses_images/lens/simple/lens_0708.png,1.297351,1.349658,1.206805,1.212668,0.673366,1.126613,1.245745
nonlens_0909,0,none,synthetic_lenses_images/non_lens/nonlens_0909.png,,0.191889,-0.353807,0.879903,0.151433,-0.20585,0.688479
nonlens_0816,0,none,synthetic_lenses_images/non_lens/nonlens_0816.png,,0.221548,-0.556442,-0.633648,-0.063456,-0.40646,0.94164
lens_0015,1,compound,synthetic_lenses_images/lens/compound/lens_0015.png,2.715534,1.563339,1.428303,1.548479,1.593703,1.889926,2.337857
nonlens_0263,0,none,synthetic_lenses_images/non_lens/nonlens_0263.png,,-0.114945,0.478329,-0.231049,0.230106,-0.239675,0.082529
lens_0084,1,compound,synthetic_lenses_images/lens/compound/lens_0084.png,1.508099,1.554381,2.000397,1.676792,1.777978,1.474388,2.103516
nonlens_0878,0,none,synthetic_lenses_images/non_lens/nonlens_0878.png,,0.435705,-0.917142,0.553692,-0.738714,-0.812926,-0.32907
lens_0715,1,simple,synthetic_lenses_images/lens/simple/lens_0715.png,2.730202,0.986654,1.321881,1.20731,1.109617,1.091556,0.906461
lens_0655,1,simple,synthetic_lenses_images/lens/simple/lens_0655.png,2.170454,1.299088,1.211995,0.756545,1.032958,1.486562,1.257446
nonlens_0357,0,none,synthetic_lenses_images/non_lens/nonlens_0357.png,,0.938844,0.532968,0.984246,-0.675416,-0.315798,0.044173
nonlens_0011,0,none,synthetic_lenses_images/non_lens/nonlens_0011.png,,0.79156,0.509542,0.918617,-0.35448,-0.777039,0.163694
lens_0917,1,simple,synthetic_lenses_images/lens/simple/lens_0917.png,3.993716,0.913723,1.108252,0.730513,1.002556,1.344299,1.466115
nonlens_0680,0,none,synthetic_lenses_images/non_lens/nonlens_0680.png,,0.560079,-0.102839,-0.706788,-0.776087,0.952023,0.925038
lens_0141,1,compound,synthetic_lenses_images/lens/compound/lens_0141.png,3.815156,1.841766,1.96234,1.403508,1.844952,2.313793,1.934783
lens_0076,1,compound,synthetic_lenses_images/lens/compound/lens_0076.png,2.974019,2.053494,1.791763,1.556631,1.733644,1.767948,2.359613
nonlens_0567,0,none,synthetic_lenses_images/non_lens/nonlens_0567.png,,0.879159,-0.787579,0.421231,-0.261537,-0.948681,0.291642
lens_0679,1,simple,synthetic_lenses_images/lens/simple/lens_0679.png,2.752887,0.968097,1.501467,1.411803,1.049735,0.76085,1.003299
lens_0834,1,simple,synthetic_lenses_images/lens/simple/lens_0834.png,4.098101,1.225263,1.494461,0.625541,0.895355,1.69337,1.652903
nonlens_0220,0,none,synthetic_lenses_images/non_lens/nonlens_0220.png,,-0.319859,0.366066,0.691077,-0.542535,-0.110667,0.40156
lens_0552,1,simple,synthetic_lenses_images/lens/simple/lens_0552.png,3.308301,1.433212,1.284421,0.85734,1.045887,0.91566,1.482854
lens_0474,1,compound,synthetic_lenses_images/lens/compound/lens_0474.png,0.519808,1.459489,1.578377,1.256978,1.530718,1.873868,2.663688
lens_0598,1,simple,synthetic_lenses_images/lens/simple/lens_0598.png,3.630357,1.15632,0.919546,1.400986,0.946836,1.438547,1.515015
nonlens_0688,0,none,synthetic_lenses_images/non_lens/nonlens_0688.png,,0.18086,0.582927,0.199803,-0.153051,0.807623,-0.699126
nonlens_0718,0,none,synthetic_lenses_images/non_lens/nonlens_0718.png,,-0.859233,-0.842787,0.365532,-0.876266,0.665048,0.075635
nonlens_0077,0,none,synthetic_lenses_images/non_lens/nonlens_0077.png,,-0.66017,0.865601,-0.259256,-0.713027,-0.792415,-0.532676
nonlens_0982,0,none,synthetic_lenses_images/non_lens/nonlens_0982.png,,0.71545,-0.448424,-0.098219,-0.54717,0.761835,0.754147
lens_0053,1,compound,synthetic_lenses_images/lens/compound/lens_0053.png,4.168619,1.864578,2.019619,1.106954,1.196706,1.784418,2.182035
lens_0827,1,simple,synthetic_lenses_images/lens/simple/lens_0827.png,4.985582,1.230536,1.007197,1.139109,0.810635,1.37397,1.531888
lens_0114,1,compound,synthetic_lenses_images/lens/compound/lens_0114.png,4.304332,1.608027,1.827104,1.805284,1.510935,1.834725,2.243021
nonlens_0944,0,none,synthetic_lenses_images/non_lens/nonlens_0944.png,,0.994277,-0.307788,0.980779,0.716129,0.132147,0.43471
nonlens_0304,0,none,synthetic_lenses_images/non_lens/nonlens_0304.png,,0.849644,-0.013036,-0.840061,-0.080787,0.798811,0.233597
lens_0533,1,simple,synthetic_lenses_images/lens/simple/lens_0533.png,2.22171,1.022853,0.898102,0.685019,1.51356,1.096527,1.080579
nonlens_0045,0,none,synthetic_lenses_images/non_lens/nonlens_0045.png,,0.800461,-0.004698,0.207007,0.994684,0.839998,0.875637
nonlens_0828,0,none,synthetic_lenses_images/non_lens/nonlens_0828.png,,0.884859,0.363954,-0.892033,0.405394,-0.66362,-0.952414
nonlens_0557,0,none,synthetic_lenses_images/non_lens/nonlens_0557.png,,-0.262638,0.391003,0.766041,0.32714,0.735575,0.511134
nonlens_0568,0,none,synthetic_lenses_images/non_lens/nonlens_0568.png,,0.03787,0.912518,0.899154,0.11737,-0.968735,-0.359117
lens_0337,1,compound,synthetic_lenses_images/lens/compound/lens_0337.png,2.369875,1.20213,1.548245,1.422317,1.866176,1.764502,1.954356
lens_0503,1,simple,synthetic_lenses_images/lens/simple/lens_0503.png,0.718513,0.945954,1.157336,1.27158,0.871117,0.93134,1.086519
nonlens_0682,0,none,synthetic_lenses_images/non_lens/nonlens_0682.png,,0.630638,0.702801,0.941016,0.856151,0.788327,-0.391772
nonlens_0950,0,none,synthetic_lenses_images/non_lens/nonlens_0950.png,,0.54434,0.306402,-0.352082,-0.972896,0.319983,-0.560497
lens_0752,1,simple,synthetic_lenses_images/lens/simple/lens_0752.png,1.888917,0.765158,1.560173,0.913117,1.168199,1.427902,1.623452
nonlens_0945,0,none,synthetic_lenses_images/non_lens/nonlens_0945.png,,0.330008,0.370656,0.720465,-0.642724,0.916709,-0.189945
lens_0380,1,compound,synthetic_lenses_images/lens/compound/lens_0380.png,4.078989,1.338519,1.54799,1.748009,1.784354,1.690358,2.160642
nonlens_0720,0,none,synthetic_lenses_images/non_lens/nonlens_0720.png,,-0.748474,0.029336,-0.480189,-0.255223,-0.888377,-0.028984
lens_0469,1,compound,synthetic_lenses_images/lens/compound/lens_0469.png,0.790541,1.829539,1.432869,0.978057,1.455959,2.118992,2.240343
lens_0950,1,simple,synthetic_lenses_images/lens/simple/lens_0950.png,0.546757,0.857756,1.275397,0.951321,0.880973,1.204743,0.820551
nonlens_0542,0,none,synthetic_lenses_images/non_lens/nonlens_0542.png,,-0.329898,0.977747,0.874118,0.373495,-0.190131,-0.699319
lens_0635,1,simple,synthetic_lenses_images/lens/simple/lens_0635.png,4.463363,1.031988,1.289453,1.306975,0.828404,1.230932,1.205565
nonlens_0287,0,none,synthetic_lenses_images/non_lens/nonlens_0287.png,,-0.403116,0.208792,-0.175174,-0.248112,-0.252753,-0.37091
nonlens_0046,0,none,synthetic_lenses_images/non_lens/nonlens_0046.png,,0.857213,0.095961,-0.222308,-0.104129,-0.767237,0.108924
lens_0527,1,simple,synthetic_lenses_images/lens/simple/lens_0527.png,0.661193,1.394042,1.179584,0.989378,1.132707,1.042121,1.408485
nonlens_0248,0,none,synthetic_lenses_images/non_lens/nonlens_0248.png,,-0.588532,0.57989,0.660779,-0.633844,0.294955,-0.006089
nonlens_0665,0,none,synthetic_lenses_images/non_lens/nonlens_0665.png,,0.333073,-0.751353,-0.495367,-0.960704,0.310206,0.171129
nonlens_0758,0,none,synthetic_lenses_images/non_lens/nonlens_0758.png,,0.600906,0.339036,-0.518153,0.191513,-0.705833,-0.087013
nonlens_0620,0,none,synthetic_lenses_images/non_lens/nonlens_0620.png,,-0.878238,0.675709,0.501214,0.995091,0.537137,-0.59601
nonlens_0719,0,none,synthetic_lenses_images/non_lens/nonlens_0719.png,,0.542585,0.615008,-0.585717,-0.371224,-0.178421,0.418713
lens_0295,1,compound,synthetic_lenses_images/lens/compound/lens_0295.png,3.439719,1.528204,1.619432,1.5838,1.533617,1.849186,2.399182
lens_0298,1,compound,synthetic_lenses_images/lens/compound/lens_0298.png,4.7631,1.931808,2.2968,1.161565,1.57793,2.184873,1.618598
nonlens_0137,0,none,synthetic_lenses_images/non_lens/nonlens_0137.png,,0.910392,0.098657,-0.544521,-0.02693,0.447458,-0.134288
nonlens_0738,0,none,synthetic_lenses_images/non_lens/nonlens_0738.png,,0.623978,-0.847721,0.460894,0.839044,-0.893058,0.057524
nonlens_0530,0,none,synthetic_lenses_images/non_lens/nonlens_0530.png,,-0.8942,-0.096523,0.364097,0.664001,-0.203281,0.068364
lens_0609,1,simple,synthetic_lenses_images/lens/simple/lens_0609.png,3.638265,1.082863,1.327044,0.631726,0.916099,0.993661,1.330322
nonlens_0375,0,none,synthetic_lenses_images/non_lens/nonlens_0375.png,,-0.159658,0.315795,-0.461904,-0.895893,-0.862505,0.897968
nonlens_0476,0,none,synthetic_lenses_images/non_lens/nonlens_0476.png,,0.445908,0.8832,0.213137,0.011705,-0.852997,-0.097416
nonlens_0271,0,none,synthetic_lenses_images/non_lens/nonlens_0271.png,,-0.662917,0.707294,0.290018,0.19821,0.620284,0.691805
nonlens_0086,0,none,synthetic_lenses_images/non_lens/nonlens_0086.png,,-0.223114,-0.272879,-0.347978,-0.202234,0.446615,-0.58817
nonlens_0027,0,none,synthetic_lenses_images/non_lens/nonlens_0027.png,,-0.884908,-0.304794,0.735154,-0.70424,0.364014,-0.869174
nonlens_0958,0,none,synthetic_lenses_images/non_lens/nonlens_0958.png,,-0.970182,0.245499,0.304058,-0.807812,0.457928,-0.820389
lens_0726,1,simple,synthetic_lenses_images/lens/simple/lens_0726.png,2.628626,0.835039,1.251361,1.035855,0.715762,1.144593,1.35663
nonlens_0223,0,none,synthetic_lenses_images/non_lens/nonlens_0223.png,,0.269664,-0.787344,-0.052684,-0.442196,0.114563,-0.15549
nonlens_0065,0,none,synthetic_lenses_images/non_lens/nonlens_0065.png,,-0.101744,0.325926,-0.554051,0.275194,-0.769443,0.804434
lens_0545,1,simple,synthetic_lenses_images/lens/simple/lens_0545.png,2.241856,1.084716,0.86976,0.764075,0.85314,1.233003,1.317108
nonlens_0492,0,none,synthetic_lenses_images/non_lens/nonlens_0492.png,,-0.19429,0.195701,0.145575,0.885182,-0.158524,0.248968
nonlens_0847,0,none,synthetic_lenses_images/non_lens/nonlens_0847.png,,-0.422048,0.162106,0.92636,-0.250063,-0.549943,-0.994442
nonlens_0408,0,none,synthetic_lenses_images/non_lens/nonlens_0408.png,,-0.806288,-0.487087,0.836407,-0.181724,0.982631,0.286038
nonlens_0497,0,none,synthetic_lenses_images/non_lens/nonlens_0497.png,,0.713669,0.906577,0.781079,-0.78329,0.678373,0.614155
lens_0349,1,compound,synthetic_lenses_images/lens/compound/lens_0349.png,1.582432,1.368346,1.91315,1.5401,1.743697,2.037232,2.554808
nonlens_0771,0,none,synthetic_lenses_images/non_lens/nonlens_0771.png,,-0.832777,-0.409057,-0.254657,0.593719,-0.422472,0.834538
lens_0610,1,simple,synthetic_lenses_images/lens/simple/lens_0610.png,3.782392,1.422465,0.975692,0.646098,0.967407,0.959344,1.186534
nonlens_0284,0,none,synthetic_lenses_images/non_lens/nonlens_0284.png,,0.082938,-0.192203,0.050102,0.92421,0.886571,-0.292129
lens_0050,1,compound,synthetic_lenses_images/lens/compound/lens_0050.png,1.714533,1.468445,1.666234,1.7612,1.251609,1.474771,2.564894
nonlens_0232,0,none,synthetic_lenses_images/non_lens/nonlens_0232.png,,0.722371,-0.864012,0.026769,0.974723,0.132315,-0.505864
nonlens_0236,0,none,synthetic_lenses_images/non_lens/nonlens_0236.png,,0.580935,0.777488,0.292082,0.51086,-0.68543,0.197958
nonlens_0119,0,none,synthetic_lenses_images/non_lens/nonlens_0119.png,,0.492128,-0.837689,-0.816592,0.902784,-0.992318,0.583185
nonlens_0128,0,none,synthetic_lenses_images/non_lens/nonlens_0128.png,,0.528868,0.432219,-0.976002,0.488537,-0.823537,0.176277
nonlens_0792,0,none,synthetic_lenses_images/non_lens/nonlens_0792.png,,-0.724061,-0.406404,0.204246,0.568117,-0.806856,0.345949
nonlens_0025,0,none,synthetic_lenses_images/non_lens/nonlens_0025.png,,0.108146,0.970154,-0.069427,0.148518,-0.893597,0.237612
nonlens_0462,0,none,synthetic_lenses_images/non_lens/nonlens_0462.png,,0.530093,-0.289873,0.657051,-0.484566,-0.369852,0.417756
nonlens_0143,0,none,synthetic_lenses_images/non_lens/nonlens_0143.png,,-0.581088,-0.347599,-0.533123,0.743748,-0.374926,0.831476
lens_0943,1,simple,synthetic_lenses_images/lens/simple/lens_0943.png,4.063777,0.687526,0.876057,0.7357,1.401552,1.491528,0.902452
nonlens_0034,0,none,synthetic_lenses_images/non_lens/nonlens_0034.png,,0.298814,-0.01005,-0.761,-0.821789,0.892294,0.148006
lens_0269,1,compound,synthetic_lenses_images/lens/compound/lens_0269.png,1.000198,1.804656,1.917605,1.292251,1.290137,1.757356,2.171418
lens_0441,1,compound,synthetic_lenses_images/lens/compound/lens_0441.png,1.107736,2.015146,1.500831,1.380479,1.520336,1.940848,2.333663
lens_0645,1,simple,synthetic_lenses_images/lens/simple/lens_0645.png,2.911945,0.80195,1.131684,0.788596,0.614643,1.463384,1.356756
nonlens_0972,0,none,synthetic_lenses_images/non_lens/nonlens_0972.png,,-0.932451,0.715802,-0.933948,-0.186588,-0.293993,0.398063
lens_0264,1,compound,synthetic_lenses_images/lens/compound/lens_0264.png,2.994434,1.551013,1.629845,1.498316,1.658667,2.160992,2.254794
lens_0590,1,simple,synthetic_lenses_images/lens/simple/lens_0590.png,0.741677,1.180931,1.243278,0.972006,0.987839,1.079106,1.561696
nonlens_0196,0,none,synthetic_lenses_images/non_lens/nonlens_0196.png,,0.360675,0.779482,-0.313092,0.836597,0.965428,-0.709899
lens_0602,1,simple,synthetic_lenses_images/lens/simple/lens_0602.png,0.951453,0.762924,1.25824,1.171091,0.762423,1.259963,1.632595
nonlens_0849,0,none,synthetic_lenses_images/non_lens/nonlens_0849.png,,0.265766,0.656885,-0.854243,-0.574967,-0.241034,-0.489792
lens_0406,1,compound,synthetic_lenses_images/lens/compound/lens_0406.png,3.597442,1.436749,2.311174,1.63426,1.542479,2.028873,2.412574
nonlens_0328,0,none,synthetic_lenses_images/non_lens/nonlens_0328.png,,-0.853116,0.540733,0.375452,0.158541,0.437281,-0.12933
nonlens_0706,0,none,synthetic_lenses_images/non_lens/nonlens_0706.png,,-0.668853,0.812858,-0.443167,-0.395824,-0.710711,-0.750861
nonlens_0319,0,none,synthetic_lenses_images/non_lens/nonlens_0319.png,,0.371323,0.653515,-0.285499,0.143995,-0.91914,0.785759
lens_0067,1,compound,synthetic_lenses_images/lens/compound/lens_0067.png,1.025152,1.89401,2.224066,1.170651,1.687354,1.925423,2.696905
nonlens_0785,0,none,synthetic_lenses_images/non_lens/nonlens_0785.png,,0.058277,0.364256,0.281677,0.563179,-0.854704,-0.93873
nonlens_0405,0,none,synthetic_lenses_images/non_lens/nonlens_0405.png,,-0.013699,-0.138354,0.124871,0.379459,-0.793615,0.791851
nonlens_0451,0,none,synthetic_lenses_images/non_lens/nonlens_0451.png,,0.238149,-0.409698,-0.658258,0.142841,0.33899,0.461104
lens_0167,1,compound,synthetic_lenses_images/lens/compound/lens_0167.png,1.699373,1.396784,1.956844,1.426529,1.520328,1.888856,2.173251
lens_0388,1,compound,synthetic_lenses_images/lens/compound/lens_0388.png,3.08231,1.4171,1.486082,1.208038,1.554748,1.642472,2.169731
lens_0761,1,simple,synthetic_lenses_images/lens/simple/lens_0761.png,0.885587,1.256368,0.865947,0.699375,0.911382,1.137834,1.347498
nonlens_0147,0,none,synthetic_lenses_images/non_lens/nonlens_0147.png,,-0.808835,0.500385,0.247214,-0.837385,-0.018119,0.2052
lens_0491,1,compound,synthetic_lenses_images/lens/compound/lens_0491.png,3.146406,1.991751,2.374231,1.340074,1.560004,1.961744,2.139958
lens_0753,1,simple,synthetic_lenses_images/lens/simple/lens_0753.png,0.38999,1.219196,1.380259,0.870601,0.937592,1.181097,1.071136
nonlens_0523,0,none,synthetic_lenses_images/non_lens/nonlens_0523.png,,-0.734669,0.862773,-0.284242,0.861222,-0.594763,0.831639
lens_0509,1,simple,synthetic_lenses_images/lens/simple/lens_0509.png,1.829591,0.748288,0.998558,1.293489,1.035927,1.605678,0.960848
lens_0391,1,compound,synthetic_lenses_images/lens/compound/lens_0391.png,4.517083,1.964141,1.323609,1.457392,1.740922,1.886757,2.202162
nonlens_0424,0,none,synthetic_lenses_images/non_lens/nonlens_0424.png,,0.852426,0.596604,0.671247,-0.607461,-0.408932,0.545116
lens_0300,1,compound,synthetic_lenses_images/lens/compound/lens_0300.png,1.707908,2.061308,2.063855,1.482664,1.480679,1.986134,2.480992
nonlens_0345,0,none,synthetic_lenses_images/non_lens/nonlens_0345.png,,-0.139978,0.917275,0.604782,-0.452731,0.628849,0.093092
lens_0490,1,compound,synthetic_lenses_images/lens/compound/lens_0490.png,4.896571,1.472746,1.735778,1.293329,1.319937,1.701357,2.23828
nonlens_0857,0,none,synthetic_lenses_images/non_lens/nonlens_0857.png,,0.964043,-0.097705,0.71442,0.721408,-0.824546,0.186838
lens_0987,1,simple,synthetic_lenses_images/lens/simple/lens_0987.png,3.367444,1.375173,0.931412,1.170614,0.910084,1.198747,1.473286
lens_0905,1,simple,synthetic_lenses_images/lens/simple/lens_0905.png,1.246672,0.79232,1.088186,1.343319,1.160725,1.532182,1.116716
lens_0110,1,compound,synthetic_lenses_images/lens/compound/lens_0110.png,3.173864,1.405224,1.565723,1.010908,1.529928,2.108705,2.23591
lens_0579,1,simple,synthetic_lenses_images/lens/simple/lens_0579.png,4.430428,1.279977,1.420318,0.517072,0.909174,1.308736,1.681972
lens_0828,1,simple,synthetic_lenses_images/lens/simple/lens_0828.png,1.790795,1.000273,1.033965,0.869348,0.913949,1.053504,1.099689
nonlens_0279,0,none,synthetic_lenses_images/non_lens/nonlens_0279.png,,0.8643,-0.508707,-0.982507,0.710815,0.532699,0.026492
lens_0052,1,compound,synthetic_lenses_images/lens/compound/lens_0052.png,3.475938,1.773374,1.703195,1.334777,1.352148,1.99304,1.818433
lens_0525,1,simple,synthetic_lenses_images/lens/simple/lens_0525.png,3.207828,0.687643,1.452068,0.912561,0.858802,1.346544,1.39192
lens_0804,1,simple,synthetic_lenses_images/lens/simple/lens_0804.png,1.167999,0.90917,1.274617,0.7709,1.170158,1.654882,1.223283
nonlens_0701,0,none,synthetic_lenses_images/non_lens/nonlens_0701.png,,0.1515,-0.150171,0.246478,-0.87318,-0.400201,-0.571096
lens_0495,1,compound,synthetic_lenses_images/lens/compound/lens_0495.png,0.649355,1.791897,1.673872,1.79616,1.501679,2.542292,2.205754
nonlens_0091,0,none,synthetic_lenses_images/non_lens/nonlens_0091.png,,0.035002,-0.63937,-0.114039,0.387939,-0.228059,0.333987
nonlens_0817,0,none,synthetic_lenses_images/non_lens/nonlens_0817.png,,0.567343,0.456744,-0.124299,0.048036,0.762618,-0.516087
nonlens_0003,0,none,synthetic_lenses_images/non_lens/nonlens_0003.png,,0.555262,0.338137,-0.948719,0.13386,-0.951711,0.8919
nonlens_0132,0,none,synthetic_lenses_images/non_lens/nonlens_0132.png,,-0.07011,-0.07672,0.846892,0.692963,0.944552,-0.072752
nonlens_0924,0,none,synthetic_lenses_images/non_lens/nonlens_0924.png,,0.627343,0.864858,-0.874236,0.855143,-0.265025,0.298154
nonlens_0433,0,none,synthetic_lenses_images/non_lens/nonlens_0433.png,,-0.976941,-0.945356,0.329764,-0.951586,0.619195,-0.939305
nonlens_0245,0,none,synthetic_lenses_images/non_lens/nonlens_0245.png,,-0.47218,-0.152304,0.318222,0.536628,0.781101,-0.721445
nonlens_0932,0,none,synthetic_lenses_images/non_lens/nonlens_0932.png,,0.318548,-0.573583,-0.530737,-0.662048,0.279873,0.541716
lens_0709,1,simple,synthetic_lenses_images/lens/simple/lens_0709.png,0.371208,1.327433,0.826424,0.735325,0.76716,1.090326,1.014785
lens_0456,1,compound,synthetic_lenses_images/lens/compound/lens_0456.png,2.237498,1.792233,1.739234,1.500722,1.316677,2.153706,1.933158
nonlens_0565,0,none,synthetic_lenses_images/non_lens/nonlens_0565.png,,0.890049,-0.221847,0.937256,-0.656286,0.892129,-0.556696
lens_0969,1,simple,synthetic_lenses_images/lens/simple/lens_0969.png,0.777773,0.87357,1.038157,0.867845,1.324693,1.448925,1.516418
lens_0958,1,simple,synthetic_lenses_images/lens/simple/lens_0958.png,4.552574,0.705358,1.046484,1.280824,1.296115,1.56851,1.472025
nonlens_0167,0,none,synthetic_lenses_images/non_lens/nonlens_0167.png,,-0.961489,0.531073,-0.015545,0.339284,0.394249,0.100062
lens_0701,1,simple,synthetic_lenses_images/lens/simple/lens_0701.png,1.035768,0.951194,0.950709,0.789894,1.247407,0.904328,1.385267
lens_0324,1,compound,synthetic_lenses_images/lens/compound/lens_0324.png,4.874926,2.079062,1.711422,1.601754,1.485758,1.677038,2.343691
lens_0189,1,compound,synthetic_lenses_images/lens/compound/lens_0189.png,2.706295,1.744751,1.748718,1.073174,1.363892,2.466797,2.152553
nonlens_0452,0,none,synthetic_lenses_images/non_lens/nonlens_0452.png,,-0.184718,-0.682814,-0.514568,-0.160401,0.433982,-0.263487
nonlens_0412,0,none,synthetic_lenses_images/non_lens/nonlens_0412.png,,0.984514,0.591445,0.774937,-0.799813,0.007401,-0.541342
nonlens_0831,0,none,synthetic_lenses_images/non_lens/nonlens_0831.png,,-0.372506,0.587773,0.131781,0.743846,-0.880958,-0.684183
nonlens_0224,0,none,synthetic_lenses_images/non_lens/nonlens_0224.png,,-0.869649,-0.474449,0.897324,-0.284715,-0.197346,0.838549
lens_0010,1,compound,synthetic_lenses_images/lens/compound/lens_0010.png,0.348759,1.778289,2.309405,1.597397,1.4719,2.004954,1.711699
lens_0202,1,compound,synthetic_lenses_images/lens/compound/lens_0202.png,0.835352,1.596462,1.768308,1.200367,1.507985,2.012036,2.219159
lens_0487,1,compound,synthetic_lenses_images/lens/compound/lens_0487.png,2.907485,1.49032,1.839073,1.137794,1.770557,1.943359,2.29053
lens_0557,1,simple,synthetic_lenses_images/lens/simple/lens_0557.png,4.201606,1.136034,1.453949,0.91374,1.071945,1.000588,1.457716
lens_0492,1,compound,synthetic_lenses_images/lens/compound/lens_0492.png,1.990208,1.498111,1.913136,1.740543,1.83081,1.457779,1.965533
lens_0179,1,compound,synthetic_lenses_images/lens/compound/lens_0179.png,2.765602,2.066255,1.538763,1.435646,1.642676,1.95169,2.3382
nonlens_0617,0,none,synthetic_lenses_images/non_lens/nonlens_0617.png,,0.766743,-0.469377,0.10842,0.21316,0.879454,0.769651
lens_0362,1,compound,synthetic_lenses_images/lens/compound/lens_0362.png,0.817935,1.647524,2.182473,1.573893,1.411713,1.932898,2.161064
nonlens_0001,0,none,synthetic_lenses_images/non_lens/nonlens_0001.png,,0.807579,-0.156341,-0.21251,0.48862,-0.305391,0.576273
lens_0571,1,simple,synthetic_lenses_images/lens/simple/lens_0571.png,2.424825,0.851272,0.672282,1.085734,0.929117,0.962153,1.448565
nonlens_0299,0,none,synthetic_lenses_images/non_lens/nonlens_0299.png,,0.865895,-0.24415,0.321233,-0.120277,0.445087,-0.465788
lens_0180,1,compound,synthetic_lenses_images/lens/compound/lens_0180.png,4.767139,1.658833,1.540387,1.310744,1.73986,1.62782,1.893642
lens_0887,1,simple,synthetic_lenses_images/lens/simple/lens_0887.png,0.306621,1.170759,1.204555,0.991539,0.79072,1.299736,1.123904
nonlens_0431,0,none,synthetic_lenses_images/non_lens/nonlens_0431.png,,-0.821234,-0.704356,-0.115305,-0.155755,0.267709,-0.839686
nonlens_0135,0,none,synthetic_lenses_images/non_lens/nonlens_0135.png,,0.58275,0.323544,-0.65444,0.185874,-0.632181,-0.810308
lens_0526,1,simple,synthetic_lenses_images/lens/simple/lens_0526.png,3.826326,1.246288,1.140313,1.048295,0.965056,0.887545,1.452854
lens_0039,1,compound,synthetic_lenses_images/lens/compound/lens_0039.png,2.108434,1.708341,1.758779,1.531792,1.254487,1.477617,2.04086
lens_0438,1,compound,synthetic_lenses_images/lens/compound/lens_0438.png,2.829586,1.278651,1.502682,1.564402,1.599448,1.812421,1.897008
nonlens_0883,0,none,synthetic_lenses_images/non_lens/nonlens_0883.png,,-0.24376,0.216237,0.721201,-0.681757,0.498148,0.061772
lens_0616,1,simple,synthetic_lenses_images/lens/simple/lens_0616.png,4.778449,1.000815,0.999316,1.214421,1.180932,1.0096,1.460602
nonlens_0954,0,none,synthetic_lenses_images/non_lens/nonlens_0954.png,,-0.263425,-0.143762,0.44076,-0.855958,0.132453,0.836624
lens_0660,1,simple,synthetic_lenses_images/lens/simple/lens_0660.png,2.941536,0.964824,0.950132,0.912433,1.204607,1.235478,1.667046
lens_0846,1,simple,synthetic_lenses_images/lens/simple/lens_0846.png,1.465223,1.320971,1.198142,1.12822,0.987374,1.069685,1.119916
lens_0246,1,compound,synthetic_lenses_images/lens/compound/lens_0246.png,4.562213,2.136258,1.883246,1.35302,1.503367,1.496263,2.061937
nonlens_0754,0,none,synthetic_lenses_images/non_lens/nonlens_0754.png,,-0.207322,-0.051659,-0.426789,0.810006,0.68512,-0.309319
nonlens_0646,0,none,synthetic_lenses_images/non_lens/nonlens_0646.png,,0.655535,0.368897,0.284082,-0.556326,0.420663,-0.429088
lens_0071,1,compound,synthetic_lenses_images/lens/compound/lens_0071.png,4.659159,1.457997,1.877391,1.628308,1.937967,2.418065,2.203628
lens_0807,1,simple,synthetic_lenses_images/lens/simple/lens_0807.png,1.096003,1.445853,1.081796,1.246003,1.217018,0.955044,1.305583
nonlens_0737,0,none,synthetic_lenses_images/non_lens/nonlens_0737.png,,0.603828,-0.107769,0.988432,-0.182903,-0.473756,-0.67178
nonlens_0876,0,none,synthetic_lenses_images/non_lens/nonlens_0876.png,,-0.584285,-0.898585,0.874209,0.391757,-0.561965,-0.737599
nonlens_0938,0,none,synthetic_lenses_images/non_lens/nonlens_0938.png,,-0.802659,-0.017216,-0.688058,-0.800447,0.289612,0.9043
lens_0543,1,simple,synthetic_lenses_images/lens/simple/lens_0543.png,0.686073,1.102232,1.207916,0.681209,1.088554,1.059337,1.619574
nonlens_0360,0,none,synthetic_lenses_images/non_lens/nonlens_0360.png,,-0.619713,0.274978,0.546927,0.495469,-0.866199,0.986044
lens_0200,1,compound,synthetic_lenses_images/lens/compound/lens_0200.png,3.377521,1.546826,1.845374,1.297799,1.760412,2.144931,2.2891
nonlens_0864,0,none,synthetic_lenses_images/non_lens/nonlens_0864.png,,0.819722,0.445579,0.372791,0.131087,-0.13253,0.545605
lens_0032,1,compound,synthetic_lenses_images/lens/compound/lens_0032.png,1.644453,1.710627,2.101047,1.428844,1.184127,1.986032,1.947937
lens_0548,1,simple,synthetic_lenses_images/lens/simple/lens_0548.png,4.359547,0.873604,1.009661,0.565791,0.902591,1.531223,1.646312
nonlens_0207,0,none,synthetic_lenses_images/non_lens/nonlens_0207.png,,-0.284971,-0.193998,0.395637,-0.399569,-0.224505,-0.583103
lens_1000,1,simple,synthetic_lenses_images/lens/simple/lens_1000.png,4.076112,1.199498,1.470358,0.753053,1.200373,1.230485,1.586663
lens_0237,1,compound,synthetic_lenses_images/lens/compound/lens_0237.png,0.665969,1.907403,1.857171,1.089131,1.976208,1.732118,1.700775
nonlens_0174,0,none,synthetic_lenses_images/non_lens/nonlens_0174.png,,0.140414,0.494546,0.665859,0.348413,0.773304,0.635721
nonlens_0156,0,none,synthetic_lenses_images/non_lens/nonlens_0156.png,,-0.78451,-0.452896,-0.448101,0.412593,-0.093333,-0.674198
nonlens_0116,0,none,synthetic_lenses_images/non_lens/nonlens_0116.png,,0.602914,0.557753,0.727381,-0.98071,-0.973106,0.613972
lens_0618,1,simple,synthetic_lenses_images/lens/simple/lens_0618.png,3.828573,1.306422,1.321178,1.262955,1.018518,1.051207,1.449486
lens_0868,1,simple,synthetic_lenses_images/lens/simple/lens_0868.png,0.912705,0.75786,1.493148,1.363363,1.160278,0.895288,1.115809
nonlens_0444,0,none,synthetic_lenses_images/non_lens/nonlens_0444.png,,-0.916254,0.428576,0.250034,-0.893927,-0.584167,-0.179633
nonlens_0745,0,none,synthetic_lenses_images/non_lens/nonlens_0745.png,,-0.691672,0.42585,-0.105101,0.539502,0.229553,0.472958
nonlens_0746,0,none,synthetic_lenses_images/non_lens/nonlens_0746.png,,0.954301,0.364344,0.24158,0.631198,-0.830266,-0.123223
nonlens_0916,0,none,synthetic_lenses_images/non_lens/nonlens_0916.png,,0.880293,0.643903,0.839505,-0.715823,-0.759505,-0.263279
lens_0585,1,simple,synthetic_lenses_images/lens/simple/lens_0585.png,1.958281,0.770007,1.42764,0.901812,0.941423,1.095084,1.298031
nonlens_0117,0,none,synthetic_lenses_images/non_lens/nonlens_0117.png,,0.740319,0.234921,-0.687512,0.252253,0.742699,-0.078474
lens_0720,1,simple,synthetic_lenses_images/lens/simple/lens_0720.png,3.521348,0.911898,1.083057,1.252497,1.110918,1.019952,1.610621
lens_0308,1,compound,synthetic_lenses_images/lens/compound/lens_0308.png,1.806966,1.37834,1.733546,1.046737,2.005481,1.951416,2.128495
lens_0595,1,simple,synthetic_lenses_images/lens/simple/lens_0595.png,1.352882,0.952075,0.864446,1.00398,0.874969,0.784391,1.045124
nonlens_0261,0,none,synthetic_lenses_images/non_lens/nonlens_0261.png,,-0.652914,-0.559317,-0.785226,-0.522459,-0.383012,0.159275
lens_0122,1,compound,synthetic_lenses_images/lens/compound/lens_0122.png,0.823255,1.418315,1.989356,1.371407,2.043765,2.167324,1.852017
nonlens_0904,0,none,synthetic_lenses_images/non_lens/nonlens_0904.png,,0.544177,0.802976,0.271456,0.893979,-0.279015,-0.520142
nonlens_0074,0,none,synthetic_lenses_images/non_lens/nonlens_0074.png,,-0.416389,-0.872701,-0.632074,-0.611322,0.316024,-0.122257
lens_0809,1,simple,synthetic_lenses_images/lens/simple/lens_0809.png,4.806593,0.895095,1.331348,0.898943,1.099929,1.070838,0.996566
lens_0854,1,simple,synthetic_lenses_images/lens/simple/lens_0854.png,2.095763,1.123606,1.171367,0.990183,0.723942,1.337775,1.056735
nonlens_0875,0,none,synthetic_lenses_images/non_lens/nonlens_0875.png,,-0.607434,-0.979584,-0.746934,0.254606,-0.973908,-0.927769
lens_0303,1,compound,synthetic_lenses_images/lens/compound/lens_0303.png,3.290522,1.196667,1.464481,1.6969,1.450699,2.047718,1.967866
nonlens_0403,0,none,synthetic_lenses_images/non_lens/nonlens_0403.png,,0.339673,0.921308,0.130431,-0.286225,-0.240157,0.249238
lens_0874,1,simple,synthetic_lenses_images/lens/simple/lens_0874.png,1.680993,1.020437,1.114651,0.676228,1.161479,1.284313,1.456224
lens_0762,1,simple,synthetic_lenses_images/lens/simple/lens_0762.png,1.539148,1.323799,1.096063,1.02543,0.87418,1.035829,1.293151
lens_0981,1,simple,synthetic_lenses_images/lens/simple/lens_0981.png,2.271464,0.775505,1.382056,0.709669,1.074039,1.530124,1.575758
lens_0942,1,simple,synthetic_lenses_images/lens/simple/lens_0942.png,4.188633,0.797233,1.095577,1.17321,0.908542,1.163606,1.536429
lens_0895,1,simple,synthetic_lenses_images/lens/simple/lens_0895.png,4.739382,1.076237,1.070975,1.031049,0.921306,1.143829,1.000433
lens_0449,1,compound,synthetic_lenses_images/lens/compound/lens_0449.png,3.009814,1.698097,1.7485,1.07302,1.693488,1.726744,2.349577
lens_0305,1,compound,synthetic_lenses_images/lens/compound/lens_0305.png,2.258643,1.763602,1.904374,1.234392,1.948944,2.471121,2.141676
lens_0145,1,compound,synthetic_lenses_images/lens/compound/lens_0145.png,0.738717,1.764793,1.383565,1.71701,1.483268,1.982402,1.759382
lens_0986,1,simple,synthetic_lenses_images/lens/simple/lens_0986.png,1.600394,1.153863,1.257238,0.937833,1.097026,1.099035,1.348226
nonlens_0057,0,none,synthetic_lenses_images/non_lens/nonlens_0057.png,,0.398366,0.821324,-0.802699,0.899929,0.784712,0.424821
nonlens_0528,0,none,synthetic_lenses_images/non_lens/nonlens_0528.png,,-0.385804,0.18511,0.451973,-0.662613,0.157613,-0.904429
nonlens_0601,0,none,synthetic_lenses_images/non_lens/nonlens_0601.png,,0.021856,0.551036,0.339568,-0.092853,0.799303,0.1076
nonlens_0440,0,none,synthetic_lenses_images/non_lens/nonlens_0440.png,,-0.919234,-0.13062,-0.947497,0.198423,-0.994409,-0.477429
nonlens_0886,0,none,synthetic_lenses_images/non_lens/nonlens_0886.png,,-0.762969,-0.026304,0.002174,-0.266215,0.11436,-0.262851
lens_0236,1,compound,synthetic_lenses_images/lens/compound/lens_0236.png,4.673764,1.947322,1.867052,1.232252,1.933381,1.597954,1.793199
nonlens_0736,0,none,synthetic_lenses_images/non_lens/nonlens_0736.png,,-0.654222,0.191049,0.883537,-0.111823,0.571187,-0.97276
nonlens_0925,0,none,synthetic_lenses_images/non_lens/nonlens_0925.png,,0.316571,-0.908739,-0.949366,-0.696034,0.71267,-0.643637
nonlens_0898,0,none,synthetic_lenses_images/non_lens/nonlens_0898.png,,-0.322329,-0.521156,-0.732044,0.931388,0.978648,0.894469
nonlens_0350,0,none,synthetic_lenses_images/non_lens/nonlens_0350.png,,-0.740245,0.49882,-0.483614,0.314914,0.343622,-0.168849
nonlens_0309,0,none,synthetic_lenses_images/non_lens/nonlens_0309.png,,-0.897427,0.183386,0.603348,-0.484715,0.648138,0.110028
nonlens_0453,0,none,synthetic_lenses_images/non_lens/nonlens_0453.png,,0.450457,0.056642,-0.572251,-0.38083,0.55659,-0.835663
nonlens_0819,0,none,synthetic_lenses_images/non_lens/nonlens_0819.png,,-0.922164,-0.141466,-0.612488,0.095907,0.979453,0.992912
lens_0614,1,simple,synthetic_lenses_images/lens/simple/lens_0614.png,4.003579,1.053623,1.342838,1.164415,1.041206,0.9525,1.67862
nonlens_0555,0,none,synthetic_lenses_images/non_lens/nonlens_0555.png,,0.668176,-0.359767,0.153609,-0.012186,0.499529,0.581056
nonlens_0946,0,none,synthetic_lenses_images/non_lens/nonlens_0946.png,,-0.245946,0.642106,0.235865,0.986116,-0.577873,0.312179
lens_0049,1,compound,synthetic_lenses_images/lens/compound/lens_0049.png,0.382204,1.80055,1.627447,1.551636,1.621457,1.747071,2.45602
nonlens_0967,0,none,synthetic_lenses_images/non_lens/nonlens_0967.png,,-0.908639,-0.757897,-0.861494,0.68433,0.549191,-0.02742
lens_0873,1,simple,synthetic_lenses_images/lens/simple/lens_0873.png,1.570454,1.051035,0.986171,1.07748,0.715192,0.938619,1.489462
lens_0542,1,simple,synthetic_lenses_images/lens/simple/lens_0542.png,2.747274,1.151259,1.052302,0.76593,1.065807,0.988674,1.097246
lens_0054,1,compound,synthetic_lenses_images/lens/compound/lens_0054.png,4.279313,1.489447,1.31673,1.614702,1.412913,2.515796,2.201016
nonlens_0190,0,none,synthetic_lenses_images/non_lens/nonlens_0190.png,,0.126424,0.713996,0.117889,0.405894,0.583928,0.431139
nonlens_0395,0,none,synthetic_lenses_images/non_lens/nonlens_0395.png,,-0.460721,-0.039299,-0.123741,-0.733027,0.562016,0.290441
nonlens_0585,0,none,synthetic_lenses_images/non_lens/nonlens_0585.png,,0.820974,0.935269,0.624836,-0.143785,-0.33541,-0.727749
lens_0069,1,compound,synthetic_lenses_images/lens/compound/lens_0069.png,1.519046,1.891541,1.64989,1.812662,1.716557,1.967637,2.034894
nonlens_0845,0,none,synthetic_lenses_images/non_lens/nonlens_0845.png,,0.434258,-0.044999,-0.911822,0.390904,-0.516728,-0.042036
nonlens_0571,0,none,synthetic_lenses_images/non_lens/nonlens_0571.png,,-0.037565,-0.031502,-0.90622,0.043085,0.409372,0.163954
nonlens_0044,0,none,synthetic_lenses_images/non_lens/nonlens_0044.png,,0.61441,-0.376669,-0.417138,-0.301892,-0.639166,0.036978
nonlens_0056,0,none,synthetic_lenses_images/non_lens/nonlens_0056.png,,0.650789,0.74741,0.47708,0.047969,-0.64342,-0.258352
nonlens_0374,0,none,synthetic_lenses_images/non_lens/nonlens_0374.png,,0.104733,-0.404908,0.790652,0.504604,-0.918525,0.837677
nonlens_0994,0,none,synthetic_lenses_images/non_lens/nonlens_0994.png,,0.110754,-0.139512,0.612329,0.845396,0.218968,0.888764
lens_0515,1,simple,synthetic_lenses_images/lens/simple/lens_0515.png,2.544965,0.982293,1.177684,0.685606,1.117481,0.752285,0.97102
lens_0119,1,compound,synthetic_lenses_images/lens/compound/lens_0119.png,4.730462,1.959809,1.559298,1.707962,1.258936,2.038683,2.34733
lens_0416,1,compound,synthetic_lenses_images/lens/compound/lens_0416.png,0.596025,1.58542,1.770471,1.501977,1.811488,2.098495,2.299537
lens_0104,1,compound,synthetic_lenses_images/lens/compound/lens_0104.png,2.330923,1.237484,1.762907,1.087575,1.566535,1.383303,2.294782
lens_0321,1,compound,synthetic_lenses_images/lens/compound/lens_0321.png,3.657464,1.545573,1.838063,1.267689,1.677865,1.371018,2.026778
lens_0880,1,simple,synthetic_lenses_images/lens/simple/lens_0880.png,2.298486,1.121005,1.325327,0.770551,1.192982,0.870421,1.067009
lens_0975,1,simple,synthetic_lenses_images/lens/simple/lens_0975.png,1.629795,1.132313,1.181351,1.051363,0.805413,0.939871,1.540298
lens_0144,1,compound,synthetic_lenses_images/lens/compound/lens_0144.png,3.767448,1.949494,2.093773,1.760035,1.857,2.139252,1.845948
lens_0978,1,simple,synthetic_lenses_images/lens/simple/lens_0978.png,0.574866,1.208064,0.740072,1.063392,1.437329,1.468352,1.269953
lens_0862,1,simple,synthetic_lenses_images/lens/simple/lens_0862.png,3.799201,1.03349,1.009111,0.812904,0.856482,1.373727,1.677895
lens_0698,1,simple,synthetic_lenses_images/lens/simple/lens_0698.png,1.230399,1.001083,1.01712,0.974094,0.854867,1.376585,1.208303
lens_0175,1,compound,synthetic_lenses_images/lens/compound/lens_0175.png,2.462182,1.605098,1.787868,1.501284,2.000697,2.057514,2.305081
nonlens_0313,0,none,synthetic_lenses_images/non_lens/nonlens_0313.png,,-0.128753,0.630122,-0.691908,-0.053652,-0.938809,0.875188
lens_0685,1,simple,synthetic_lenses_images/lens/simple/lens_0685.png,3.771664,1.232191,1.190158,0.835714,0.889101,0.980644,1.309504
lens_0599,1,simple,synthetic_lenses_images/lens/simple/lens_0599.png,4.052567,1.309921,1.104321,1.244503,0.655805,1.586468,1.311297
lens_0186,1,compound,synthetic_lenses_images/lens/compound/lens_0186.png,0.913602,1.208912,1.455616,1.31542,1.435562,1.528944,1.765267
lens_0176,1,compound,synthetic_lenses_images/lens/compound/lens_0176.png,4.069813,1.730193,2.043219,1.076689,1.402822,2.093075,2.574377
nonlens_0240,0,none,synthetic_lenses_images/non_lens/nonlens_0240.png,,0.896992,0.02288,-0.227812,0.742318,0.376903,0.390499
lens_0568,1,simple,synthetic_lenses_images/lens/simple/lens_0568.png,1.732474,1.310429,0.962366,1.004171,0.837286,0.982155,1.084391
nonlens_0813,0,none,synthetic_lenses_images/non_lens/nonlens_0813.png,,0.531982,-0.173161,0.465405,0.918672,0.586063,0.029341
lens_0692,1,simple,synthetic_lenses_images/lens/simple/lens_0692.png,0.515449,0.724319,1.207054,1.265794,0.646633,1.047031,1.066828
lens_0730,1,simple,synthetic_lenses_images/lens/simple/lens_0730.png,0.459523,1.011622,1.342983,0.924131,0.586348,0.853911,1.164927
lens_0329,1,compound,synthetic_lenses_images/lens/compound/lens_0329.png,1.440202,1.310278,1.68871,0.95721,1.55409,1.8748,1.97364
nonlens_0879,0,none,synthetic_lenses_images/non_lens/nonlens_0879.png,,-0.90593,-0.493069,-0.605917,0.364364,0.649757,-0.311131
nonlens_0510,0,none,synthetic_lenses_images/non_lens/nonlens_0510.png,,0.54629,0.699527,-0.456197,0.797988,0.709274,0.66506
lens_0633,1,simple,synthetic_lenses_images/lens/simple/lens_0633.png,4.208297,0.867885,1.284033,0.96258,1.056203,0.878421,1.710412
lens_0253,1,compound,synthetic_lenses_images/lens/compound/lens_0253.png,0.325443,1.24025,1.520571,1.089886,1.510374,2.163515,2.461914
lens_0750,1,simple,synthetic_lenses_images/lens/simple/lens_0750.png,3.922518,1.298725,1.188283,1.373944,1.086916,0.904057,1.190463
nonlens_0235,0,none,synthetic_lenses_images/non_lens/nonlens_0235.png,,-0.218448,0.212873,0.733871,0.497217,-0.745347,0.229792
nonlens_0808,0,none,synthetic_lenses_images/non_lens/nonlens_0808.png,,0.58789,-0.89352,0.139024,-0.600781,-0.934344,-0.85824
nonlens_0606,0,none,synthetic_lenses_images/non_lens/nonlens_0606.png,,0.910684,0.46561,0.598806,0.314494,0.170353,0.280715
lens_0278,1,compound,synthetic_lenses_images/lens/compound/lens_0278.png,2.577176,1.870725,1.893274,0.962167,1.444127,1.911825,1.623232
lens_0791,1,simple,synthetic_lenses_images/lens/simple/lens_0791.png,2.836992,1.2595,1.143699,1.115257,1.526839,1.419801,1.543211
nonlens_0121,0,none,synthetic_lenses_images/non_lens/nonlens_0121.png,,-0.6054,0.975859,0.210916,-0.62787,-0.423873,0.352319
nonlens_0874,0,none,synthetic_lenses_images/non_lens/nonlens_0874.png,,0.049801,-0.780588,-0.15708,0.906973,-0.280197,0.204887
nonlens_0283,0,none,synthetic_lenses_images/non_lens/nonlens_0283.png,,-0.24515,-0.998853,-0.078455,0.597676,0.355051,-0.209966
nonlens_0032,0,none,synthetic_lenses_images/non_lens/nonlens_0032.png,,-0.283301,-0.760633,0.954708,0.227701,0.059544,0.460761
nonlens_0609,0,none,synthetic_lenses_images/non_lens/nonlens_0609.png,,-0.164249,-0.021794,0.289213,0.47423,0.765013,-0.562268
nonlens_0575,0,none,synthetic_lenses_images/non_lens/nonlens_0575.png,,-0.1475,0.703119,-0.908416,0.9196,-0.468491,0.69321
lens_0656,1,simple,synthetic_lenses_images/lens/simple/lens_0656.png,1.240406,0.934092,1.373601,0.619965,0.716403,0.940904,1.317543
nonlens_0979,0,none,synthetic_lenses_images/non_lens/nonlens_0979.png,,-0.130751,-0.402926,-0.339185,-0.47655,0.802253,0.846692
lens_0946,1,simple,synthetic_lenses_images/lens/simple/lens_0946.png,2.546399,0.973172,1.047444,0.979015,1.100056,0.858108,1.159137
nonlens_0496,0,none,synthetic_lenses_images/non_lens/nonlens_0496.png,,0.13068,-0.411185,0.544599,0.774677,0.138963,0.584597
nonlens_0051,0,none,synthetic_lenses_images/non_lens/nonlens_0051.png,,-0.104191,-0.603917,0.888495,-0.147362,-0.129722,-0.835222
nonlens_0482,0,none,synthetic_lenses_images/non_lens/nonlens_0482.png,,0.769079,-0.823241,0.74247,-0.945461,-0.692016,-0.088742
nonlens_0150,0,none,synthetic_lenses_images/non_lens/nonlens_0150.png,,-0.345571,0.649674,-0.034894,-0.70776,-0.454485,-0.359929
nonlens_0642,0,none,synthetic_lenses_images/non_lens/nonlens_0642.png,,-0.948709,0.9802,0.86037,-0.15508,-0.276355,-0.676092
lens_0070,1,compound,synthetic_lenses_images/lens/compound/lens_0070.png,1.692371,1.788226,2.043281,1.756585,1.377677,1.955506,2.301684
lens_0890,1,simple,synthetic_lenses_images/lens/simple/lens_0890.png,2.314229,1.191782,0.764852,1.110158,1.224138,0.714159,1.291256
lens_0953,1,simple,synthetic_lenses_images/lens/simple/lens_0953.png,1.710807,1.156208,1.035911,0.958232,0.833667,0.913924,0.991223
nonlens_0435,0,none,synthetic_lenses_images/non_lens/nonlens_0435.png,,0.906177,-0.803479,0.567299,0.078063,-0.256921,0.574932
lens_0970,1,simple,synthetic_lenses_images/lens/simple/lens_0970.png,1.611178,0.920247,0.793183,0.929972,0.621315,1.51494,0.863083
lens_0190,1,compound,synthetic_lenses_images/lens/compound/lens_0190.png,2.286733,2.166016,1.781213,1.205617,1.975826,1.706185,2.010492
lens_0675,1,simple,synthetic_lenses_images/lens/simple/lens_0675.png,1.635022,1.006393,1.325842,0.793613,1.060324,0.769372,1.410582
nonlens_0564,0,none,synthetic_lenses_images/non_lens/nonlens_0564.png,,0.831994,-0.626796,0.522996,0.444842,0.864322,-0.644203
lens_0404,1,compound,synthetic_lenses_images/lens/compound/lens_0404.png,1.157156,1.51727,2.126177,0.890271,1.606098,2.123249,2.484101
nonlens_0887,0,none,synthetic_lenses_images/non_lens/nonlens_0887.png,,0.682477,0.682869,0.814822,-0.078991,0.506286,0.781849
nonlens_0125,0,none,synthetic_lenses_images/non_lens/nonlens_0125.png,,0.203108,0.013309,-0.429194,-0.146953,0.648937,0.470886
nonlens_0535,0,none,synthetic_lenses_images/non_lens/nonlens_0535.png,,-0.147959,0.652667,0.749467,0.07872,0.753286,0.696152
nonlens_0411,0,none,synthetic_lenses_images/non_lens/nonlens_0411.png,,-0.445837,-0.665925,0.514653,0.457329,0.852456,-0.020901
nonlens_0826,0,none,synthetic_lenses_images/non_lens/nonlens_0826.png,,0.200177,0.778966,-0.80054,-0.833331,-0.799766,0.557818
lens_0922,1,simple,synthetic_lenses_images/lens/simple/lens_0922.png,4.838405,1.099244,0.977714,1.166154,0.87356,1.056189,1.511905
lens_0883,1,simple,synthetic_lenses_images/lens/simple/lens_0883.png,3.300179,1.190482,1.044756,0.780551,1.043553,0.905589,1.122094
nonlens_0180,0,none,synthetic_lenses_images/non_lens/nonlens_0180.png,,-0.999981,-0.109879,0.457496,0.922417,-0.805535,-0.2639
lens_0719,1,simple,synthetic_lenses_images/lens/simple/lens_0719.png,0.955155,0.976923,1.231914,0.818184,1.361324,1.112235,1.27005
nonlens_0339,0,none,synthetic_lenses_images/non_lens/nonlens_0339.png,,0.224928,0.224449,-0.130125,0.899634,0.600559,-0.090095
lens_0105,1,compound,synthetic_lenses_images/lens/compound/lens_0105.png,0.995227,2.05185,1.882886,1.569365,1.617225,1.904216,2.347487
lens_0224,1,compound,synthetic_lenses_images/lens/compound/lens_0224.png,4.132312,1.221802,2.268617,1.337048,1.946978,2.262328,1.646781
lens_0357,1,compound,synthetic_lenses_images/lens/compound/lens_0357.png,2.588745,1.640977,2.236215,1.268574,1.48464,2.091189,1.997884
lens_0747,1,simple,synthetic_lenses_images/lens/simple/lens_0747.png,4.228607,1.362593,1.171899,0.727652,1.031844,1.335146,1.062817
lens_0683,1,simple,synthetic_lenses_images/lens/simple/lens_0683.png,2.249467,1.410358,1.072633,0.955636,0.925489,1.640881,1.574495
lens_0589,1,simple,synthetic_lenses_images/lens/simple/lens_0589.png,1.346354,1.061885,1.005716,0.928459,1.301867,1.20007,1.39016
nonlens_0060,0,none,synthetic_lenses_images/non_lens/nonlens_0060.png,,0.662608,0.968804,0.974171,0.653144,-0.256432,0.675575
lens_0168,1,compound,synthetic_lenses_images/lens/compound/lens_0168.png,4.522382,1.3157,2.351495,1.889514,1.940209,2.193697,1.985191
nonlens_0002,0,none,synthetic_lenses_images/non_lens/nonlens_0002.png,,0.704466,0.14669,0.045531,0.880394,0.626321,0.256237
nonlens_0288,0,none,synthetic_lenses_images/non_lens/nonlens_0288.png,,-0.602594,-0.967917,-0.128925,0.276907,-0.70566,0.730394
lens_0641,1,simple,synthetic_lenses_images/lens/simple/lens_0641.png,2.605199,0.760544,1.236456,0.813053,1.48687,1.051169,1.663154
nonlens_0715,0,none,synthetic_lenses_images/non_lens/nonlens_0715.png,,0.785046,-0.819408,-0.31943,-0.477562,-0.372889,0.319813
lens_0475,1,compound,synthetic_lenses_images/lens/compound/lens_0475.png,1.785872,1.658105,1.645029,1.166974,2.057047,2.210411,2.170551
nonlens_0382,0,none,synthetic_lenses_images/non_lens/nonlens_0382.png,,-0.311464,-0.190959,0.18154,0.821492,-0.424674,-0.501939
nonlens_0252,0,none,synthetic_lenses_images/non_lens/nonlens_0252.png,,-0.445817,0.134907,-0.60162,-0.898014,-0.144585,0.963393
nonlens_0377,0,none,synthetic_lenses_images/non_lens/nonlens_0377.png,,-0.471435,0.181708,0.122381,0.588214,-0.835982,-0.66324
lens_0896,1,simple,synthetic_lenses_images/lens/simple/lens_0896.png,3.060244,1.134884,1.520263,1.20768,1.36578,1.643081,1.622494
nonlens_0527,0,none,synthetic_lenses_images/non_lens/nonlens_0527.png,,0.952866,-0.248038,-0.619226,-0.105021,0.782801,0.090378
nonlens_0097,0,none,synthetic_lenses_images/non_lens/nonlens_0097.png,,-0.27412,0.818491,0.166897,0.656509,-0.049825,0.407206
nonlens_0336,0,none,synthetic_lenses_images/non_lens/nonlens_0336.png,,-0.16426,0.54172,0.263076,0.42273,0.600417,-0.253952
lens_0591,1,simple,synthetic_lenses_images/lens/simple/lens_0591.png,4.146498,1.140859,1.492254,1.311878,1.277359,1.335047,1.479897
lens_0622,1,simple,synthetic_lenses_images/lens/simple/lens_0622.png,1.670086,1.058092,1.399462,0.810027,1.49841,1.193366,1.206619
lens_0797,1,simple,synthetic_lenses_images/lens/simple/lens_0797.png,1.788575,1.361903,1.30731,0.698067,1.453947,0.824844,0.902311
nonlens_0467,0,none,synthetic_lenses_images/non_lens/nonlens_0467.png,,0.22375,0.009773,0.516797,-0.345118,-0.221319,-0.076574
lens_0630,1,simple,synthetic_lenses_images/lens/simple/lens_0630.png,4.760024,1.34661,1.350424,0.91584,1.04651,1.538239,1.795417
nonlens_0022,0,none,synthetic_lenses_images/non_lens/nonlens_0022.png,,-0.285852,0.916182,-0.731014,0.719889,0.972512,-0.506209
nonlens_0871,0,none,synthetic_lenses_images/non_lens/nonlens_0871.png,,0.507986,-0.674973,-0.892051,0.1024,0.230084,0.073309
lens_0061,1,compound,synthetic_lenses_images/lens/compound/lens_0061.png,1.714105,1.416456,2.044618,1.453275,1.74296,2.295879,2.592837
lens_0901,1,simple,synthetic_lenses_images/lens/simple/lens_0901.png,2.336047,1.178337,0.771396,0.906926,1.437083,0.753093,1.444184
lens_0604,1,simple,synthetic_lenses_images/lens/simple/lens_0604.png,0.603158,1.154032,1.143856,0.540242,1.150304,1.506345,1.132652
nonlens_0920,0,none,synthetic_lenses_images/non_lens/nonlens_0920.png,,0.285632,-0.672799,0.296209,0.631736,-0.94937,0.058074
lens_0484,1,compound,synthetic_lenses_images/lens/compound/lens_0484.png,3.372872,1.888774,2.046393,1.084117,1.836022,2.16886,2.292369
lens_0680,1,simple,synthetic_lenses_images/lens/simple/lens_0680.png,4.877589,1.245777,1.057236,1.153999,0.956664,1.1162,1.31737
lens_0017,1,compound,synthetic_lenses_images/lens/compound/lens_0017.png,1.349468,1.674542,2.272498,1.59624,2.01981,2.164608,1.615311
lens_0256,1,compound,synthetic_lenses_images/lens/compound/lens_0256.png,2.480502,1.363076,1.681645,1.329965,1.791941,2.110776,1.946925
lens_0371,1,compound,synthetic_lenses_images/lens/compound/lens_0371.png,2.019235,1.335138,1.946576,1.578805,1.206294,1.784915,2.010346
lens_0378,1,compound,synthetic_lenses_images/lens/compound/lens_0378.png,0.856875,1.614568,2.108089,1.342438,1.78667,1.96542,1.925883
lens_0366,1,compound,synthetic_lenses_images/lens/compound/lens_0366.png,4.724842,1.856651,2.094144,1.261493,1.877677,1.53982,1.740404
lens_0872,1,simple,synthetic_lenses_images/lens/simple/lens_0872.png,3.314186,0.788171,1.006233,0.928297,1.084035,1.182904,1.514577
nonlens_0885,0,none,synthetic_lenses_images/non_lens/nonlens_0885.png,,-0.866238,-0.225801,-0.675595,0.134978,0.602917,-0.593952
lens_0281,1,compound,synthetic_lenses_images/lens/compound/lens_0281.png,0.926304,1.958298,1.77789,1.208919,1.278478,2.317772,1.827777
lens_0979,1,simple,synthetic_lenses_images/lens/simple/lens_0979.png,3.814085,1.209043,0.964724,1.338048,0.706129,0.876221,1.383025
nonlens_0363,0,none,synthetic_lenses_images/non_lens/nonlens_0363.png,,0.975325,0.86784,0.297434,-0.168933,0.675038,0.939167
lens_0705,1,simple,synthetic_lenses_images/lens/simple/lens_0705.png,1.607268,1.296921,1.405914,1.133201,0.903716,1.423399,1.800089
nonlens_0314,0,none,synthetic_lenses_images/non_lens/nonlens_0314.png,,-0.763547,-0.528635,0.758212,-0.016278,0.916549,0.176846
nonlens_0551,0,none,synthetic_lenses_images/non_lens/nonlens_0551.png,,-0.641915,0.790392,-0.196693,-0.219008,-0.608023,0.538215
lens_0259,1,compound,synthetic_lenses_images/lens/compound/lens_0259.png,0.697748,1.766154,1.978244,1.463703,1.762685,1.669372,2.352934
nonlens_0588,0,none,synthetic_lenses_images/non_lens/nonlens_0588.png,,0.654152,0.598624,0.73697,-0.861515,-0.988861,-0.32014
nonlens_0717,0,none,synthetic_lenses_images/non_lens/nonlens_0717.png,,-0.044487,-0.277368,0.393982,-0.23702,0.389533,-0.297478
lens_0080,1,compound,synthetic_lenses_images/lens/compound/lens_0080.png,2.65314,1.891149,2.207905,1.363215,1.927417,2.301209,2.446443
lens_0617,1,simple,synthetic_lenses_images/lens/simple/lens_0617.png,3.924565,1.087126,1.183432,0.550234,1.177526,1.553719,1.539427
lens_0338,1,compound,synthetic_lenses_images/lens/compound/lens_0338.png,4.059562,1.409488,1.976134,1.49268,1.427254,2.099209,2.203447
nonlens_0848,0,none,synthetic_lenses_images/non_lens/nonlens_0848.png,,-0.018447,-0.246046,0.696132,-0.685649,-0.343817,-0.564068
lens_0821,1,simple,synthetic_lenses_images/lens/simple/lens_0821.png,0.49669,1.022525,1.125781,0.860957,1.20762,0.739175,1.174346
nonlens_0398,0,none,synthetic_lenses_images/non_lens/nonlens_0398.png,,-0.192571,-0.874064,0.914308,-0.785762,0.797551,-0.495802
nonlens_0769,0,none,synthetic_lenses_images/non_lens/nonlens_0769.png,,-0.22812,-0.132059,-0.770771,0.820082,0.015846,0.262758
lens_0562,1,simple,synthetic_lenses_images/lens/simple/lens_0562.png,4.789372,1.303267,0.931973,1.084697,0.843834,0.923909,1.033405
lens_0992,1,simple,synthetic_lenses_images/lens/simple/lens_0992.png,0.74316,1.305805,1.442348,0.871085,0.9222,1.58445,1.038066
lens_0806,1,simple,synthetic_lenses_images/lens/simple/lens_0806.png,0.422885,0.956635,1.107502,1.160329,1.520939,1.200679,1.549133
nonlens_0379,0,none,synthetic_lenses_images/non_lens/nonlens_0379.png,,0.416323,-0.661261,0.914583,0.727651,0.019369,0.979294
nonlens_0855,0,none,synthetic_lenses_images/non_lens/nonlens_0855.png,,-0.214836,-0.560112,-0.727838,0.855037,-0.43682,0.356677
lens_0517,1,simple,synthetic_lenses_images/lens/simple/lens_0517.png,4.11436,1.299239,1.002655,0.762288,1.065013,1.452827,1.281664
lens_0621,1,simple,synthetic_lenses_images/lens/simple/lens_0621.png,4.09046,0.74204,0.77835,1.322632,1.32638,0.928152,1.39684
lens_0606,1,simple,synthetic_lenses_images/lens/simple/lens_0606.png,2.018602,0.996972,1.463656,1.017914,0.915416,1.129902,1.297386
lens_0556,1,simple,synthetic_lenses_images/lens/simple/lens_0556.png,3.67382,1.169821,1.313334,0.573807,1.093248,1.245503,1.548879
nonlens_0870,0,none,synthetic_lenses_images/non_lens/nonlens_0870.png,,0.92289,-0.378017,-0.893159,-0.808051,0.027827,-0.663757
lens_0098,1,compound,synthetic_lenses_images/lens/compound/lens_0098.png,4.233637,1.612048,1.343548,1.241668,1.567183,1.310015,2.077292
nonlens_0905,0,none,synthetic_lenses_images/non_lens/nonlens_0905.png,,-0.258562,-0.055624,0.714493,-0.213945,0.862387,0.189294
nonlens_0502,0,none,synthetic_lenses_images/non_lens/nonlens_0502.png,,0.81572,0.300379,0.797044,0.040417,0.314518,0.122307
lens_0876,1,simple,synthetic_lenses_images/lens/simple/lens_0876.png,2.814757,1.109691,0.949749,1.210553,1.050321,1.16184,1.30691
nonlens_0343,0,none,synthetic_lenses_images/non_lens/nonlens_0343.png,,-0.399435,0.304109,-0.922579,-0.541054,0.808761,-0.491716
nonlens_0678,0,none,synthetic_lenses_images/non_lens/nonlens_0678.png,,0.25554,-0.809844,0.861778,0.873025,0.887428,0.598372
lens_0064,1,compound,synthetic_lenses_images/lens/compound/lens_0064.png,2.903523,1.771811,1.630875,1.228457,1.670698,2.124213,2.31454
lens_0072,1,compound,synthetic_lenses_images/lens/compound/lens_0072.png,1.172204,1.142194,1.976999,1.887311,1.897853,2.244414,2.253718
nonlens_0608,0,none,synthetic_lenses_images/non_lens/nonlens_0608.png,,-0.510958,0.15521,0.789043,-0.593627,0.111888,-0.383877
nonlens_0367,0,none,synthetic_lenses_images/non_lens/nonlens_0367.png,,0.717314,-0.890174,-0.39959,0.928156,-0.726161,-0.483437
lens_0967,1,simple,synthetic_lenses_images/lens/simple/lens_0967.png,0.644594,1.428571,1.245624,0.608944,1.028489,0.865979,1.373699
nonlens_0488,0,none,synthetic_lenses_images/non_lens/nonlens_0488.png,,0.825449,0.473316,0.057216,-0.185086,-0.576079,0.290271
nonlens_0473,0,none,synthetic_lenses_images/non_lens/nonlens_0473.png,,0.584165,-0.732147,-0.88411,-0.377544,-0.858175,-0.753653
lens_0040,1,compound,synthetic_lenses_images/lens/compound/lens_0040.png,2.870379,1.733558,1.702138,1.398155,1.692813,2.060985,2.009985
lens_0983,1,simple,synthetic_lenses_images/lens/simple/lens_0983.png,0.972636,1.241171,0.875753,0.56292,0.814163,1.071659,1.751721
nonlens_0472,0,none,synthetic_lenses_images/non_lens/nonlens_0472.png,,0.449555,-0.168978,-0.993852,0.242116,-0.572596,-0.26419
nonlens_0832,0,none,synthetic_lenses_images/non_lens/nonlens_0832.png,,-0.164638,0.624912,0.837946,-0.84212,-0.778012,-0.570802
lens_0920,1,simple,synthetic_lenses_images/lens/simple/lens_0920.png,1.909589,1.290134,1.358327,0.746533,0.893829,1.341154,1.148079
nonlens_0399,0,none,synthetic_lenses_images/non_lens/nonlens_0399.png,,-0.511412,0.915358,0.862743,0.7117,0.148827,0.848861
nonlens_0656,0,none,synthetic_lenses_images/non_lens/nonlens_0656.png,,-0.506994,-0.076108,-0.541622,-0.840585,-0.904403,0.740458
nonlens_0978,0,none,synthetic_lenses_images/non_lens/nonlens_0978.png,,0.119182,0.139834,-0.329202,-0.213058,0.845206,-0.172105
lens_0393,1,compound,synthetic_lenses_images/lens/compound/lens_0393.png,2.015666,1.668363,1.918148,1.101716,1.577367,1.650655,1.976445
lens_0535,1,simple,synthetic_lenses_images/lens/simple/lens_0535.png,1.113684,1.496139,1.242334,1.245837,0.754389,1.352268,1.254709
nonlens_0532,0,none,synthetic_lenses_images/non_lens/nonlens_0532.png,,-0.849643,0.667916,0.278125,0.756363,0.788532,0.177986
nonlens_0181,0,none,synthetic_lenses_images/non_lens/nonlens_0181.png,,0.291544,0.94188,0.483693,-0.254358,-0.440043,0.307252
lens_0794,1,simple,synthetic_lenses_images/lens/simple/lens_0794.png,3.992588,1.23249,1.279091,0.915575,1.129528,1.060266,0.868789
lens_0733,1,simple,synthetic_lenses_images/lens/simple/lens_0733.png,4.595494,0.90306,1.251608,0.949274,0.701124,1.162883,0.904455
nonlens_0439,0,none,synthetic_lenses_images/non_lens/nonlens_0439.png,,-0.698846,0.648714,-0.422046,0.24331,-0.91508,-0.241109
lens_0417,1,compound,synthetic_lenses_images/lens/compound/lens_0417.png,2.074765,2.151485,2.099629,1.109402,1.679377,1.813044,2.204649
lens_0729,1,simple,synthetic_lenses_images/lens/simple/lens_0729.png,0.358832,1.386064,1.205136,0.613403,0.767715,1.489735,1.10157
nonlens_0697,0,none,synthetic_lenses_images/non_lens/nonlens_0697.png,,-0.795581,-0.715321,0.962453,-0.288857,0.520098,0.65104
lens_0826,1,simple,synthetic_lenses_images/lens/simple/lens_0826.png,3.764757,1.153427,1.234136,1.404672,1.342733,1.362134,0.958605
lens_0800,1,simple,synthetic_lenses_images/lens/simple/lens_0800.png,4.984067,0.972384,1.164635,1.012788,1.060054,0.835333,1.423537
lens_0707,1,simple,synthetic_lenses_images/lens/simple/lens_0707.png,2.50641,1.277895,0.888755,1.048791,1.257142,0.809531,1.080788
lens_0095,1,compound,synthetic_lenses_images/lens/compound/lens_0095.png,3.681113,1.628652,1.631136,1.522242,1.280133,1.888446,1.51868
lens_0436,1,compound,synthetic_lenses_images/lens/compound/lens_0436.png,4.686095,1.721703,1.882266,1.312198,1.1294,2.028235,2.448874
nonlens_0206,0,none,synthetic_lenses_images/non_lens/nonlens_0206.png,,-0.628572,0.552136,-0.857328,-0.493132,0.902025,-0.156165
nonlens_0742,0,none,synthetic_lenses_images/non_lens/nonlens_0742.png,,0.502357,0.006925,0.7573,-0.275942,0.504843,0.900047
lens_0027,1,compound,synthetic_lenses_images/lens/compound/lens_0027.png,1.747294,1.29422,1.740402,1.785154,2.058187,2.030488,2.393167
nonlens_0291,0,none,synthetic_lenses_images/non_lens/nonlens_0291.png,,-0.073401,-0.1684,-0.897307,0.895451,0.794078,0.845493
lens_0916,1,simple,synthetic_lenses_images/lens/simple/lens_0916.png,4.568543,1.246819,1.272001,1.176335,1.353546,0.972597,1.071914
lens_0306,1,compound,synthetic_lenses_images/lens/compound/lens_0306.png,1.029282,1.902513,2.237306,1.777171,1.585723,1.992799,2.244489
lens_0030,1,compound,synthetic_lenses_images/lens/compound/lens_0030.png,4.359672,1.935717,1.61013,1.969945,1.494811,2.105591,1.787827
lens_0485,1,compound,synthetic_lenses_images/lens/compound/lens_0485.png,2.759946,1.90191,1.845608,1.753948,1.35883,1.667339,2.493974
nonlens_0731,0,none,synthetic_lenses_images/non_lens/nonlens_0731.png,,-0.143636,0.762708,0.387899,-0.052103,-0.197528,0.527618
nonlens_0888,0,none,synthetic_lenses_images/non_lens/nonlens_0888.png,,-0.233671,0.400852,0.859723,-0.831775,0.02429,-0.212567
lens_0218,1,compound,synthetic_lenses_images/lens/compound/lens_0218.png,0.78721,1.554592,1.690526,1.53366,1.555748,2.044949,2.352461
nonlens_0581,0,none,synthetic_lenses_images/non_lens/nonlens_0581.png,,-0.35109,0.545851,0.012879,0.584591,-0.100441,-0.115597
lens_0971,1,simple,synthetic_lenses_images/lens/simple/lens_0971.png,4.157343,1.1306,1.161563,1.220847,1.01395,0.988192,1.462117
lens_0486,1,compound,synthetic_lenses_images/lens/compound/lens_0486.png,4.305589,1.457332,1.734726,1.197238,1.737054,2.138084,1.918475
nonlens_0534,0,none,synthetic_lenses_images/non_lens/nonlens_0534.png,,0.09225,0.469096,-0.017388,0.462457,0.212988,-0.532271
nonlens_0793,0,none,synthetic_lenses_images/non_lens/nonlens_0793.png,,0.669571,0.102852,-0.439338,0.217103,0.184441,0.879931
nonlens_0536,0,none,synthetic_lenses_images/non_lens/nonlens_0536.png,,-0.645567,0.363063,-0.363117,-0.941686,-0.542183,0.500542
lens_0989,1,simple,synthetic_lenses_images/lens/simple/lens_0989.png,2.168833,1.408881,1.069864,0.733306,1.428899,1.555017,1.086183
lens_0676,1,simple,synthetic_lenses_images/lens/simple/lens_0676.png,2.719066,1.128324,0.905055,1.36953,1.218783,1.303774,1.086664
lens_0085,1,compound,synthetic_lenses_images/lens/compound/lens_0085.png,0.516393,1.997681,1.677908,1.370604,1.703253,1.812022,1.861407
lens_0390,1,compound,synthetic_lenses_images/lens/compound/lens_0390.png,1.668703,1.418461,1.67546,1.352318,1.373743,2.210185,1.802415
nonlens_0138,0,none,synthetic_lenses_images/non_lens/nonlens_0138.png,,0.894662,-0.680359,0.9382,-0.880479,0.922879,-0.866188
nonlens_0660,0,none,synthetic_lenses_images/non_lens/nonlens_0660.png,,-0.989067,-0.60207,0.342102,0.744336,-0.599269,-0.19484
nonlens_0760,0,none,synthetic_lenses_images/non_lens/nonlens_0760.png,,-0.14883,0.172652,0.028985,-0.689993,0.77345,0.3812
nonlens_0322,0,none,synthetic_lenses_images/non_lens/nonlens_0322.png,,0.23087,0.052175,0.663604,-0.43111,-0.870115,0.212335
lens_0454,1,compound,synthetic_lenses_images/lens/compound/lens_0454.png,4.530052,2.01072,2.101612,1.600384,1.519208,2.433153,1.91697
lens_0214,1,compound,synthetic_lenses_images/lens/compound/lens_0214.png,1.326605,1.482532,1.527928,1.278419,1.549324,1.600411,2.33038
nonlens_0933,0,none,synthetic_lenses_images/non_lens/nonlens_0933.png,,-0.114612,0.398621,-0.619792,0.044425,0.215847,-0.997152
nonlens_0598,0,none,synthetic_lenses_images/non_lens/nonlens_0598.png,,-0.669882,-0.056679,0.037363,-0.825816,-0.087945,0.573846
lens_0518,1,simple,synthetic_lenses_images/lens/simple/lens_0518.png,2.202221,1.025253,1.119203,0.513348,1.154384,1.484525,1.02525
nonlens_0520,0,none,synthetic_lenses_images/non_lens/nonlens_0520.png,,0.744897,0.449976,0.652012,0.845658,0.84618,0.963965
nonlens_0643,0,none,synthetic_lenses_images/non_lens/nonlens_0643.png,,-0.538386,-0.010286,-0.879382,0.198134,-0.876963,0.437682
nonlens_0610,0,none,synthetic_lenses_images/non_lens/nonlens_0610.png,,0.616484,-0.420314,0.883797,0.142087,-0.477924,-0.492208
nonlens_0385,0,none,synthetic_lenses_images/non_lens/nonlens_0385.png,,-0.760046,0.342048,-0.735103,-0.919588,0.99629,0.48976
nonlens_0653,0,none,synthetic_lenses_images/non_lens/nonlens_0653.png,,0.526888,-0.820039,-0.676251,0.03256,0.088745,0.033704
lens_0126,1,compound,synthetic_lenses_images/lens/compound/lens_0126.png,2.681612,1.555842,2.267284,1.114793,1.597586,2.208672,1.800132
nonlens_0368,0,none,synthetic_lenses_images/non_lens/nonlens_0368.png,,-0.240838,-0.693926,-0.320118,-0.17594,-0.851205,0.061925
nonlens_0177,0,none,synthetic_lenses_images/non_lens/nonlens_0177.png,,0.439884,0.439939,-0.084231,-0.218491,0.507717,0.841638
lens_0820,1,simple,synthetic_lenses_images/lens/simple/lens_0820.png,1.298361,1.075147,1.259342,0.722213,1.209996,1.376233,1.174348
lens_0813,1,simple,synthetic_lenses_images/lens/simple/lens_0813.png,2.67341,1.02352,0.840986,0.888249,1.122394,1.180643,1.331237
lens_0081,1,compound,synthetic_lenses_images/lens/compound/lens_0081.png,2.753004,1.5319,2.057098,1.678325,2.070069,1.49736,1.715505
lens_0940,1,simple,synthetic_lenses_images/lens/simple/lens_0940.png,4.64209,1.383774,1.378744,0.938814,0.916552,1.13527,1.024704
lens_0286,1,compound,synthetic_lenses_images/lens/compound/lens_0286.png,1.48629,1.515712,1.652209,1.015041,1.368803,1.555398,2.524676
nonlens_0186,0,none,synthetic_lenses_images/non_lens/nonlens_0186.png,,0.383603,-0.569049,-0.204922,-0.24515,-0.925678,-0.135025
nonlens_0354,0,none,synthetic_lenses_images/non_lens/nonlens_0354.png,,-0.773258,-0.097417,-0.757122,0.532,0.559075,-0.069406
lens_0065,1,compound,synthetic_lenses_images/lens/compound/lens_0065.png,2.081763,1.383511,1.973147,1.722726,1.578327,1.657426,1.993531
lens_0243,1,compound,synthetic_lenses_images/lens/compound/lens_0243.png,3.518026,1.488523,2.091165,1.66797,1.741738,2.125301,1.967168
nonlens_0364,0,none,synthetic_lenses_images/non_lens/nonlens_0364.png,,0.724014,-0.829549,0.686045,0.189297,0.122825,-0.767012
nonlens_0487,0,none,synthetic_lenses_images/non_lens/nonlens_0487.png,,0.587623,0.970294,0.560487,-0.314781,-0.525149,0.725667
nonlens_0751,0,none,synthetic_lenses_images/non_lens/nonlens_0751.png,,-0.9336,0.217762,0.585652,-0.540911,0.438373,0.006083
nonlens_0767,0,none,synthetic_lenses_images/non_lens/nonlens_0767.png,,0.029368,-0.901248,0.156148,0.848246,-0.664434,-0.757747
nonlens_0055,0,none,synthetic_lenses_images/non_lens/nonlens_0055.png,,0.068584,-0.905585,-0.394108,-0.623522,0.928374,-0.895129
lens_0342,1,compound,synthetic_lenses_images/lens/compound/lens_0342.png,1.546284,1.689004,1.466432,0.981192,1.41979,1.791373,2.133904
nonlens_0917,0,none,synthetic_lenses_images/non_lens/nonlens_0917.png,,0.097966,-0.815244,0.865064,-0.438297,-0.687163,-0.274504
lens_0648,1,simple,synthetic_lenses_images/lens/simple/lens_0648.png,2.303416,1.299932,0.824382,0.629069,1.003487,1.017824,1.047954
nonlens_0657,0,none,synthetic_lenses_images/non_lens/nonlens_0657.png,,-0.277758,0.061388,-0.448904,-0.399527,0.602053,-0.650039
lens_0544,1,simple,synthetic_lenses_images/lens/simple/lens_0544.png,4.987192,1.333703,0.926617,1.109336,1.11503,1.087711,1.072034
lens_0058,1,compound,synthetic_lenses_images/lens/compound/lens_0058.png,0.710543,1.368217,1.769667,1.574991,1.619641,1.879095,2.346841
nonlens_0629,0,none,synthetic_lenses_images/non_lens/nonlens_0629.png,,-0.892993,0.211675,0.492042,-0.821527,-0.774581,-0.194607
nonlens_0833,0,none,synthetic_lenses_images/non_lens/nonlens_0833.png,,0.438949,-0.633814,0.757016,0.933225,0.309353,0.372787
lens_0780,1,simple,synthetic_lenses_images/lens/simple/lens_0780.png,1.056053,0.664389,1.07415,0.774965,1.438766,0.822108,1.068039
lens_0219,1,compound,synthetic_lenses_images/lens/compound/lens_0219.png,1.870992,1.624225,1.681692,1.155467,1.866268,2.552586,2.340007
nonlens_0267,0,none,synthetic_lenses_images/non_lens/nonlens_0267.png,,-0.189795,-0.502469,-0.418642,-0.538209,0.200871,-0.060574
nonlens_0963,0,none,synthetic_lenses_images/non_lens/nonlens_0963.png,,0.390906,0.927669,0.06953,-0.049691,0.089393,-0.295166
lens_0817,1,simple,synthetic_lenses_images/lens/simple/lens_0817.png,1.529357,1.17068,1.234617,0.689818,0.949222,0.855589,1.435607
lens_0423,1,compound,synthetic_lenses_images/lens/compound/lens_0423.png,1.462111,1.591212,1.536929,1.452876,1.82889,2.020053,2.267571
nonlens_0587,0,none,synthetic_lenses_images/non_lens/nonlens_0587.png,,0.29468,-0.535821,0.916923,-0.737744,0.754743,0.766168
nonlens_0650,0,none,synthetic_lenses_images/non_lens/nonlens_0650.png,,-0.507805,-0.040857,-0.78715,0.67354,-0.497801,-0.13163
nonlens_0850,0,none,synthetic_lenses_images/non_lens/nonlens_0850.png,,0.797688,-0.63271,-0.788464,0.074478,-0.632459,-0.877703
lens_0592,1,simple,synthetic_lenses_images/lens/simple/lens_0592.png,2.948955,0.998366,0.927449,1.152152,0.989884,0.973154,1.260119
lens_0497,1,compound,synthetic_lenses_images/lens/compound/lens_0497.png,0.739117,1.511956,1.88831,1.366178,1.900482,1.826834,1.785567
lens_0947,1,simple,synthetic_lenses_images/lens/simple/lens_0947.png,4.113752,0.782718,1.258062,1.018583,1.503065,1.068965,1.357077
lens_0842,1,simple,synthetic_lenses_images/lens/simple/lens_0842.png,2.261848,0.892511,1.046802,1.055737,0.799045,1.442455,1.392064
nonlens_0735,0,none,synthetic_lenses_images/non_lens/nonlens_0735.png,,0.032541,-0.207838,0.421934,0.983274,-0.744296,0.749238
lens_0620,1,simple,synthetic_lenses_images/lens/simple/lens_0620.png,1.267545,0.766144,1.401236,0.879678,0.831272,0.687186,0.851057
nonlens_0033,0,none,synthetic_lenses_images/non_lens/nonlens_0033.png,,0.465113,-0.502401,0.203051,0.517642,-0.641318,-0.637524
nonlens_0386,0,none,synthetic_lenses_images/non_lens/nonlens_0386.png,,0.462505,0.368136,-0.734076,-0.563729,0.9188,0.149149
nonlens_0043,0,none,synthetic_lenses_images/non_lens/nonlens_0043.png,,0.637991,-0.939317,-0.922451,0.07518,0.916063,0.881408
lens_0155,1,compound,synthetic_lenses_images/lens/compound/lens_0155.png,2.686302,1.484698,1.619248,1.512017,1.259058,1.877033,2.492964
lens_0565,1,simple,synthetic_lenses_images/lens/simple/lens_0565.png,1.720808,0.841842,0.817097,1.112648,1.474858,1.042468,1.440199
lens_0831,1,simple,synthetic_lenses_images/lens/simple/lens_0831.png,2.453689,0.703977,1.264878,0.940944,0.909231,0.909873,1.442174
nonlens_0434,0,none,synthetic_lenses_images/non_lens/nonlens_0434.png,,-0.355007,0.515117,0.615944,0.171681,-0.834735,-0.619156
nonlens_0170,0,none,synthetic_lenses_images/non_lens/nonlens_0170.png,,0.830401,0.488508,-0.437166,0.112525,0.021759,-0.680273
lens_0721,1,simple,synthetic_lenses_images/lens/simple/lens_0721.png,3.156526,0.954522,1.41057,0.752712,0.976733,1.35887,1.086565
nonlens_0953,0,none,synthetic_lenses_images/non_lens/nonlens_0953.png,,-0.909934,-0.363159,0.137354,0.598564,0.873567,0.319376
lens_0523,1,simple,synthetic_lenses_images/lens/simple/lens_0523.png,1.504041,0.804488,1.231578,0.815975,1.051023,1.516123,1.257776
nonlens_0471,0,none,synthetic_lenses_images/non_lens/nonlens_0471.png,,-0.055454,0.405677,-0.472226,-0.432702,0.958003,-0.760598
lens_0629,1,simple,synthetic_lenses_images/lens/simple/lens_0629.png,0.657172,1.161227,1.020438,0.96065,1.159105,1.490057,0.919542
nonlens_0821,0,none,synthetic_lenses_images/non_lens/nonlens_0821.png,,-0.544297,0.842275,0.595587,0.261244,0.699619,-0.188216
nonlens_0134,0,none,synthetic_lenses_images/non_lens/nonlens_0134.png,,-0.721136,-0.366553,0.979524,0.264386,-0.201163,-0.9721
nonlens_0381,0,none,synthetic_lenses_images/non_lens/nonlens_0381.png,,0.095128,-0.881257,-0.577985,0.333765,-0.615056,0.055562
nonlens_0152,0,none,synthetic_lenses_images/non_lens/nonlens_0152.png,,0.195174,-0.759275,0.46684,0.47099,-0.610114,0.597697
nonlens_0915,0,none,synthetic_lenses_images/non_lens/nonlens_0915.png,,0.922101,0.361339,-0.963856,0.068316,0.372517,-0.756036
nonlens_0721,0,none,synthetic_lenses_images/non_lens/nonlens_0721.png,,-0.901697,0.188235,0.302655,-0.397734,-0.728227,0.060706
nonlens_0384,0,none,synthetic_lenses_images/non_lens/nonlens_0384.png,,-0.18891,-0.61767,-0.494128,-0.743618,-0.631284,0.281641
nonlens_0521,0,none,synthetic_lenses_images/non_lens/nonlens_0521.png,,0.130843,0.86497,-0.866412,0.55548,-0.95453,0.873149
nonlens_0896,0,none,synthetic_lenses_images/non_lens/nonlens_0896.png,,0.235399,0.479811,0.86061,-0.704962,-0.519796,-0.37773
lens_0129,1,compound,synthetic_lenses_images/lens/compound/lens_0129.png,4.373194,1.835417,1.5908,1.155431,1.87845,2.402098,2.075984
lens_0624,1,simple,synthetic_lenses_images/lens/simple/lens_0624.png,3.607534,1.219903,1.044227,1.080279,1.393227,1.177895,0.855378
nonlens_0209,0,none,synthetic_lenses_images/non_lens/nonlens_0209.png,,-0.936964,-0.360736,-0.937919,0.401263,0.72235,-0.232489
lens_0867,1,simple,synthetic_lenses_images/lens/simple/lens_0867.png,2.684087,0.780681,1.342149,1.061712,1.315886,1.200037,1.54451
lens_0844,1,simple,synthetic_lenses_images/lens/simple/lens_0844.png,1.890516,0.854533,1.140413,1.101319,1.036536,0.848081,1.464167
lens_0293,1,compound,synthetic_lenses_images/lens/compound/lens_0293.png,1.481088,1.533475,1.467918,1.395184,1.854901,1.709801,2.370824
lens_0974,1,simple,synthetic_lenses_images/lens/simple/lens_0974.png,4.654925,0.915298,1.20341,0.811298,0.852865,1.528581,0.860389
lens_0550,1,simple,synthetic_lenses_images/lens/simple/lens_0550.png,0.527339,0.989064,0.687341,0.739113,1.256883,1.144704,1.694058
lens_0912,1,simple,synthetic_lenses_images/lens/simple/lens_0912.png,0.720811,1.056774,1.277077,0.786417,1.461758,1.638141,1.480763
lens_0047,1,compound,synthetic_lenses_images/lens/compound/lens_0047.png,3.984012,1.473517,1.946978,1.637975,1.587045,1.649824,2.44063
nonlens_0268,0,none,synthetic_lenses_images/non_lens/nonlens_0268.png,,-0.951448,0.870531,-0.511854,0.395162,-0.095508,0.600201
nonlens_0927,0,none,synthetic_lenses_images/non_lens/nonlens_0927.png,,-0.94706,-0.397752,0.935319,0.384599,-0.753164,0.836946
nonlens_0493,0,none,synthetic_lenses_images/non_lens/nonlens_0493.png,,0.61614,0.73916,0.313542,0.660564,0.283499,0.518989
nonlens_0539,0,none,synthetic_lenses_images/non_lens/nonlens_0539.png,,-0.5281,-0.189831,0.559772,-0.706912,0.584808,-0.269827
lens_0019,1,compound,synthetic_lenses_images/lens/compound/lens_0019.png,3.356759,1.683026,2.089475,0.984082,1.470575,2.326393,2.347068
nonlens_0454,0,none,synthetic_lenses_images/non_lens/nonlens_0454.png,,0.746888,0.644074,-0.416749,0.964417,-0.220238,-0.290648
nonlens_0729,0,none,synthetic_lenses_images/non_lens/nonlens_0729.png,,-0.331996,0.21648,-0.542196,-0.892602,0.389585,0.350535
nonlens_0234,0,none,synthetic_lenses_images/non_lens/nonlens_0234.png,,-0.136258,0.741337,0.561264,-0.94467,0.343312,0.86156
lens_0458,1,compound,synthetic_lenses_images/lens/compound/lens_0458.png,1.154963,1.561276,1.956823,1.734948,1.888184,1.758489,2.25627
lens_0668,1,simple,synthetic_lenses_images/lens/simple/lens_0668.png,2.587069,1.089741,1.433547,0.709657,0.957029,0.982426,0.989727
lens_0704,1,simple,synthetic_lenses_images/lens/simple/lens_0704.png,4.702759,1.113213,1.215442,1.0832,1.070645,1.335275,1.772139
lens_0333,1,compound,synthetic_lenses_images/lens/compound/lens_0333.png,4.615422,1.754245,1.890379,1.199777,1.337126,1.435005,1.87602
nonlens_0159,0,none,synthetic_lenses_images/non_lens/nonlens_0159.png,,-0.346779,0.672147,-0.930932,-0.434182,0.131234,0.137059
nonlens_0215,0,none,synthetic_lenses_images/non_lens/nonlens_0215.png,,0.56167,0.871076,-0.11114,0.004145,-0.07364,0.394262
nonlens_0761,0,none,synthetic_lenses_images/non_lens/nonlens_0761.png,,-0.878158,0.986415,-0.370996,0.15755,-0.73431,-0.041317
lens_0631,1,simple,synthetic_lenses_images/lens/simple/lens_0631.png,0.551927,1.251984,1.161016,0.778815,1.075219,1.242325,1.352344
nonlens_0919,0,none,synthetic_lenses_images/non_lens/nonlens_0919.png,,-0.480477,0.688283,0.300974,0.357425,-0.902781,-0.00556
nonlens_0856,0,none,synthetic_lenses_images/non_lens/nonlens_0856.png,,0.915376,0.847059,-0.086923,0.508474,0.992045,0.112967
lens_0663,1,simple,synthetic_lenses_images/lens/simple/lens_0663.png,0.466219,0.985386,0.972531,1.158038,0.921321,1.406784,1.630723
lens_0284,1,compound,synthetic_lenses_images/lens/compound/lens_0284.png,3.107851,1.457455,1.709665,1.411077,1.641177,1.53765,1.833759
lens_0193,1,compound,synthetic_lenses_images/lens/compound/lens_0193.png,3.859309,2.01653,1.613045,1.788131,1.691289,1.800409,2.308266
nonlens_0178,0,none,synthetic_lenses_images/non_lens/nonlens_0178.png,,-0.039649,0.193481,0.590006,0.334049,0.87565,-0.844652
lens_0725,1,simple,synthetic_lenses_images/lens/simple/lens_0725.png,4.469641,1.09022,1.301586,0.847951,0.663059,1.07776,0.973996
nonlens_0600,0,none,synthetic_lenses_images/non_lens/nonlens_0600.png,,-0.032333,-0.242181,0.725475,0.884275,-0.349132,0.237223
lens_0788,1,simple,synthetic_lenses_images/lens/simple/lens_0788.png,3.146292,1.516979,1.299886,0.842489,1.159986,1.000785,1.707418
nonlens_0836,0,none,synthetic_lenses_images/non_lens/nonlens_0836.png,,0.861501,0.416594,0.179774,-0.267685,-0.943899,-0.538801
nonlens_0458,0,none,synthetic_lenses_images/non_lens/nonlens_0458.png,,0.151419,0.629444,0.010433,0.836103,0.544074,0.46156
lens_0755,1,simple,synthetic_lenses_images/lens/simple/lens_0755.png,3.499613,1.132493,0.867751,0.951903,0.741096,1.609027,1.390515
nonlens_0675,0,none,synthetic_lenses_images/non_lens/nonlens_0675.png,,0.422974,0.822142,-0.669715,-0.138426,0.97609,0.320645
nonlens_0948,0,none,synthetic_lenses_images/non_lens/nonlens_0948.png,,-0.866662,0.295509,0.063145,-0.456888,0.367348,-0.016447
lens_0309,1,compound,synthetic_lenses_images/lens/compound/lens_0309.png,3.986976,1.278248,1.393733,1.352946,1.453511,1.838851,1.912252
lens_0035,1,compound,synthetic_lenses_images/lens/compound/lens_0035.png,0.48124,1.582667,1.495623,1.533076,1.739608,2.263105,1.712485
nonlens_0814,0,none,synthetic_lenses_images/non_lens/nonlens_0814.png,,-0.717499,-0.05173,0.609547,0.621874,-0.834715,0.803393
nonlens_0019,0,none,synthetic_lenses_images/non_lens/nonlens_0019.png,,-0.170948,0.102452,0.136171,-0.175353,0.69581,0.161791
lens_0717,1,simple,synthetic_lenses_images/lens/simple/lens_0717.png,1.923508,1.032327,1.196663,0.67727,0.750739,0.890084,1.254246
lens_0613,1,simple,synthetic_lenses_images/lens/simple/lens_0613.png,0.974317,1.017079,0.921642,0.994229,1.121353,1.083851,1.058346
nonlens_0109,0,none,synthetic_lenses_images/non_lens/nonlens_0109.png,,-0.134101,-0.919089,0.499995,0.51953,-0.083825,-0.839512
lens_0506,1,simple,synthetic_lenses_images/lens/simple/lens_0506.png,4.297905,0.617779,1.165918,1.236737,0.758458,1.287533,1.391544
nonlens_0093,0,none,synthetic_lenses_images/non_lens/nonlens_0093.png,,-0.604381,-0.177421,-0.06284,0.73606,-0.73889,0.862505
nonlens_0187,0,none,synthetic_lenses_images/non_lens/nonlens_0187.png,,-0.068597,-0.649954,-0.973462,0.794816,0.31322,0.918858
lens_0859,1,simple,synthetic_lenses_images/lens/simple/lens_0859.png,2.704645,1.071854,1.357225,1.358948,1.38634,0.700329,0.856854
nonlens_0216,0,none,synthetic_lenses_images/non_lens/nonlens_0216.png,,-0.223644,0.849961,0.307405,-0.90257,0.171322,0.396433
nonlens_0712,0,none,synthetic_lenses_images/non_lens/nonlens_0712.png,,0.574554,0.679469,0.245095,0.838233,0.25318,0.89437
lens_0227,1,compound,synthetic_lenses_images/lens/compound/lens_0227.png,4.506299,1.837555,1.961135,1.611829,1.553515,1.8219,1.98336
nonlens_0031,0,none,synthetic_lenses_images/non_lens/nonlens_0031.png,,0.079225,0.362643,-0.371083,-0.986449,0.219189,0.424227
lens_0944,1,simple,synthetic_lenses_images/lens/simple/lens_0944.png,3.756192,0.695988,1.188013,0.63525,1.415649,1.25313,1.116252
nonlens_0750,0,none,synthetic_lenses_images/non_lens/nonlens_0750.png,,0.213481,-0.22595,-0.506124,-0.916595,-0.342097,0.270683
nonlens_0624,0,none,synthetic_lenses_images/non_lens/nonlens_0624.png,,0.558441,0.459534,0.173759,-0.303505,-0.95194,-0.394419
lens_0911,1,simple,synthetic_lenses_images/lens/simple/lens_0911.png,0.90684,0.937183,1.107279,0.700113,0.815454,1.373149,1.227121
nonlens_0243,0,none,synthetic_lenses_images/non_lens/nonlens_0243.png,,-0.457498,-0.422106,0.027036,-0.373897,0.811622,0.814435
lens_0957,1,simple,synthetic_lenses_images/lens/simple/lens_0957.png,1.102929,1.023018,0.936979,1.026029,1.174015,1.003431,1.322726
nonlens_0853,0,none,synthetic_lenses_images/non_lens/nonlens_0853.png,,-0.15649,0.353534,-0.287661,-0.988763,0.528611,0.082028
nonlens_0273,0,none,synthetic_lenses_images/non_lens/nonlens_0273.png,,0.390626,-0.89987,-0.841489,0.86402,-0.093798,-0.413694
nonlens_0442,0,none,synthetic_lenses_images/non_lens/nonlens_0442.png,,-0.189633,0.126003,-0.528396,-0.701454,-0.461181,-0.54431
nonlens_0757,0,none,synthetic_lenses_images/non_lens/nonlens_0757.png,,-0.565115,0.409154,0.104942,-0.968861,0.372481,0.511304
lens_0546,1,simple,synthetic_lenses_images/lens/simple/lens_0546.png,0.705644,0.962473,1.038862,1.099412,1.323815,1.587355,1.61452
lens_0206,1,compound,synthetic_lenses_images/lens/compound/lens_0206.png,4.813225,1.705677,2.298553,1.271438,1.60882,2.247345,2.00904
nonlens_0071,0,none,synthetic_lenses_images/non_lens/nonlens_0071.png,,-0.714483,0.194003,-0.917896,0.867231,0.53358,-0.622061
nonlens_0501,0,none,synthetic_lenses_images/non_lens/nonlens_0501.png,,0.123319,0.989384,-0.543779,0.213462,-0.348444,0.325087
lens_0013,1,compound,synthetic_lenses_images/lens/compound/lens_0013.png,1.024565,1.794014,1.690704,1.424652,1.743861,1.521423,1.850487
lens_0343,1,compound,synthetic_lenses_images/lens/compound/lens_0343.png,0.605662,1.626649,1.537764,1.254622,1.78365,2.171699,2.246183
nonlens_0563,0,none,synthetic_lenses_images/non_lens/nonlens_0563.png,,0.803036,0.145189,-0.793795,-0.190198,-0.478543,0.368939
nonlens_0877,0,none,synthetic_lenses_images/non_lens/nonlens_0877.png,,0.433879,-0.003946,0.700973,-0.745616,0.751621,-0.512601
nonlens_0716,0,none,synthetic_lenses_images/non_lens/nonlens_0716.png,,-0.778708,0.227394,0.444763,0.359046,-0.882824,0.374905
lens_0866,1,simple,synthetic_lenses_images/lens/simple/lens_0866.png,0.922635,0.936659,0.956739,1.276851,1.080405,0.921631,1.479766
lens_0089,1,compound,synthetic_lenses_images/lens/compound/lens_0089.png,3.34349,1.421643,1.804866,1.359825,1.466945,2.344299,1.805553
lens_0195,1,compound,synthetic_lenses_images/lens/compound/lens_0195.png,4.848183,1.987235,1.810175,1.057984,1.357127,2.094712,2.179904
nonlens_0344,0,none,synthetic_lenses_images/non_lens/nonlens_0344.png,,-0.469268,0.061486,-0.918912,0.904017,-0.1015,-0.20604
nonlens_0010,0,none,synthetic_lenses_images/non_lens/nonlens_0010.png,,-0.627616,-0.234607,-0.470639,0.414792,-0.298812,0.611795
lens_0988,1,simple,synthetic_lenses_images/lens/simple/lens_0988.png,2.208055,1.314042,1.000352,0.701097,1.001053,1.034203,1.215262
lens_0832,1,simple,synthetic_lenses_images/lens/simple/lens_0832.png,4.974298,0.87711,1.410045,1.247446,0.619338,1.31954,1.465819
nonlens_0632,0,none,synthetic_lenses_images/non_lens/nonlens_0632.png,,0.459362,-0.925954,0.143768,-0.137103,-0.325374,0.072297
lens_0667,1,simple,synthetic_lenses_images/lens/simple/lens_0667.png,3.592054,0.732208,1.541688,0.843268,1.390741,0.921148,0.985237
lens_0977,1,simple,synthetic_lenses_images/lens/simple/lens_0977.png,4.818923,0.865001,1.054652,1.28529,0.780686,1.214615,1.217138
nonlens_0083,0,none,synthetic_lenses_images/non_lens/nonlens_0083.png,,0.998281,0.763875,-0.263844,-0.958126,0.610901,-0.712032
lens_0130,1,compound,synthetic_lenses_images/lens/compound/lens_0130.png,2.981499,1.761622,2.052058,1.417415,1.605439,1.581546,2.022432
nonlens_0229,0,none,synthetic_lenses_images/non_lens/nonlens_0229.png,,0.171146,-0.982285,0.760769,-0.725876,0.841463,0.721171
lens_0945,1,simple,synthetic_lenses_images/lens/simple/lens_0945.png,4.395566,1.074917,1.270291,0.837054,0.799392,1.016986,1.189266
lens_0383,1,compound,synthetic_lenses_images/lens/compound/lens_0383.png,3.843702,1.645576,1.57844,1.712837,2.090633,1.801153,2.502246
nonlens_0591,0,none,synthetic_lenses_images/non_lens/nonlens_0591.png,,-0.018741,-0.000831,0.700684,0.980926,-0.555829,-0.101991
lens_0459,1,compound,synthetic_lenses_images/lens/compound/lens_0459.png,4.088044,2.008924,2.013586,1.655027,1.798859,1.482105,2.57015
nonlens_0041,0,none,synthetic_lenses_images/non_lens/nonlens_0041.png,,-0.636427,-0.563252,-0.309504,0.744194,0.825229,0.199437
nonlens_0108,0,none,synthetic_lenses_images/non_lens/nonlens_0108.png,,-0.020782,0.811633,-0.895978,-0.522392,-0.386728,-0.102138
lens_0204,1,compound,synthetic_lenses_images/lens/compound/lens_0204.png,4.28513,1.183563,1.477397,1.716873,1.549127,1.794745,1.981032
lens_0313,1,compound,synthetic_lenses_images/lens/compound/lens_0313.png,1.318616,1.637899,1.745637,1.562529,1.56111,2.310592,2.269437
nonlens_0247,0,none,synthetic_lenses_images/non_lens/nonlens_0247.png,,0.596061,0.163498,-0.653169,0.449185,0.752291,0.277191
lens_0463,1,compound,synthetic_lenses_images/lens/compound/lens_0463.png,2.476257,1.473385,1.39976,1.675678,1.883289,1.685135,2.106178
nonlens_0935,0,none,synthetic_lenses_images/non_lens/nonlens_0935.png,,-0.548996,-0.546726,-0.146357,0.014552,0.943986,-0.060915
nonlens_0517,0,none,synthetic_lenses_images/non_lens/nonlens_0517.png,,0.459953,-0.558978,-0.4404,-0.966364,-0.009462,-0.11461
nonlens_0338,0,none,synthetic_lenses_images/non_lens/nonlens_0338.png,,0.317331,0.473091,0.009962,0.061738,0.779173,0.987262
nonlens_0988,0,none,synthetic_lenses_images/non_lens/nonlens_0988.png,,0.798476,0.037144,-0.614567,0.260595,0.568738,-0.258912
nonlens_0962,0,none,synthetic_lenses_images/non_lens/nonlens_0962.png,,0.540982,-0.736297,0.304069,0.3499,-0.943363,0.918288
lens_0153,1,compound,synthetic_lenses_images/lens/compound/lens_0153.png,4.759021,1.867908,1.595468,1.889045,1.556011,2.498728,2.692272
nonlens_0477,0,none,synthetic_lenses_images/non_lens/nonlens_0477.png,,-0.329617,-0.163462,-0.815551,0.867556,0.390834,0.714555
lens_0223,1,compound,synthetic_lenses_images/lens/compound/lens_0223.png,2.772334,1.781708,1.624296,1.243645,1.357888,2.016648,2.302741
nonlens_0652,0,none,synthetic_lenses_images/non_lens/nonlens_0652.png,,-0.946709,0.822936,0.58506,0.107687,-0.799246,-0.202723
nonlens_0131,0,none,synthetic_lenses_images/non_lens/nonlens_0131.png,,-0.373051,0.998195,-0.61943,0.174458,-0.914601,-0.29421
lens_0889,1,simple,synthetic_lenses_images/lens/simple/lens_0889.png,4.339935,1.160968,0.824434,0.95514,0.973984,1.419324,1.537619
lens_0508,1,simple,synthetic_lenses_images/lens/simple/lens_0508.png,0.37144,1.281838,1.485225,0.723217,0.83583,1.054703,1.397943
lens_0215,1,compound,synthetic_lenses_images/lens/compound/lens_0215.png,0.526747,1.088374,1.909299,1.75082,1.737801,1.794527,2.002185
lens_0932,1,simple,synthetic_lenses_images/lens/simple/lens_0932.png,4.355124,1.037529,1.09406,0.604155,1.426867,0.995373,1.088946
lens_0815,1,simple,synthetic_lenses_images/lens/simple/lens_0815.png,1.142271,0.946453,1.126343,0.659975,0.932075,1.344704,1.247148
nonlens_0513,0,none,synthetic_lenses_images/non_lens/nonlens_0513.png,,-0.595883,-0.837572,-0.613334,0.22378,0.647121,0.64665
lens_0825,1,simple,synthetic_lenses_images/lens/simple/lens_0825.png,2.332186,0.654074,1.132463,1.16639,0.822629,1.175846,1.353289
nonlens_0111,0,none,synthetic_lenses_images/non_lens/nonlens_0111.png,,-0.238658,0.80907,-0.239966,-0.928034,0.343808,0.393712
nonlens_0293,0,none,synthetic_lenses_images/non_lens/nonlens_0293.png,,0.196473,-0.290451,0.025123,-0.045784,0.867954,0.737258
lens_0234,1,compound,synthetic_lenses_images/lens/compound/lens_0234.png,1.002505,1.38852,1.696074,1.833969,1.517219,1.895085,1.730155
nonlens_0301,0,none,synthetic_lenses_images/non_lens/nonlens_0301.png,,-0.394179,0.907119,-0.611013,0.13859,-0.164822,0.651844
lens_0689,1,simple,synthetic_lenses_images/lens/simple/lens_0689.png,3.522413,0.779635,1.07457,1.141762,1.145127,0.72275,1.353643
nonlens_0780,0,none,synthetic_lenses_images/non_lens/nonlens_0780.png,,-0.550409,-0.435615,0.615526,0.083308,-0.798857,0.228237
lens_0171,1,compound,synthetic_lenses_images/lens/compound/lens_0171.png,0.547433,1.687773,2.252798,1.131548,1.963846,1.887111,2.368802
lens_0835,1,simple,synthetic_lenses_images/lens/simple/lens_0835.png,3.180835,0.989383,0.858697,1.031099,1.342075,0.957432,1.038343
lens_0991,1,simple,synthetic_lenses_images/lens/simple/lens_0991.png,4.908862,1.240218,1.323794,1.26349,0.941105,1.492703,1.508019
lens_0440,1,compound,synthetic_lenses_images/lens/compound/lens_0440.png,3.07233,1.379641,1.929423,1.445042,1.43259,2.341316,2.232584
lens_0418,1,compound,synthetic_lenses_images/lens/compound/lens_0418.png,0.389196,1.405547,1.657392,1.329651,1.877642,2.483188,1.950809
nonlens_0768,0,none,synthetic_lenses_images/non_lens/nonlens_0768.png,,0.632429,-0.970194,-0.539961,0.777927,-0.967445,0.38333
nonlens_0415,0,none,synthetic_lenses_images/non_lens/nonlens_0415.png,,0.644628,-0.531561,-0.909592,-0.641217,0.654555,-0.604711
nonlens_0028,0,none,synthetic_lenses_images/non_lens/nonlens_0028.png,,0.437738,0.139507,0.894702,0.455521,0.427224,-0.01838
lens_0424,1,compound,synthetic_lenses_images/lens/compound/lens_0424.png,1.884553,2.126518,1.600996,1.072843,1.29576,2.177982,2.207828
nonlens_0867,0,none,synthetic_lenses_images/non_lens/nonlens_0867.png,,0.112026,-0.911086,-0.899312,0.984831,-0.320661,-0.527334
nonlens_0474,0,none,synthetic_lenses_images/non_lens/nonlens_0474.png,,0.051923,0.543735,-0.426328,0.078459,-0.548312,-0.205996
nonlens_0791,0,none,synthetic_lenses_images/non_lens/nonlens_0791.png,,-0.371291,0.914674,-0.078859,-0.086164,0.412133,0.341928
lens_0500,1,compound,synthetic_lenses_images/lens/compound/lens_0500.png,4.78291,1.562301,1.477565,1.604011,1.463658,2.057878,1.752979
nonlens_0445,0,none,synthetic_lenses_images/non_lens/nonlens_0445.png,,0.712051,0.116525,0.236182,0.573046,-0.966011,0.248796
lens_0937,1,simple,synthetic_lenses_images/lens/simple/lens_0937.png,3.715818,1.531646,1.117076,1.115136,1.26686,0.858364,1.320918
lens_0336,1,compound,synthetic_lenses_images/lens/compound/lens_0336.png,3.874427,1.512947,1.527609,1.269058,1.481876,2.381954,1.986708
lens_0886,1,simple,synthetic_lenses_images/lens/simple/lens_0886.png,0.546942,1.291187,1.360616,1.089508,1.066938,1.196037,1.038984
nonlens_0765,0,none,synthetic_lenses_images/non_lens/nonlens_0765.png,,0.136026,-0.793593,0.951572,0.970661,0.319062,-6.2e-05
lens_0816,1,simple,synthetic_lenses_images/lens/simple/lens_0816.png,4.096798,0.901374,0.775215,0.632725,1.230318,1.188163,1.238929
lens_0924,1,simple,synthetic_lenses_images/lens/simple/lens_0924.png,3.338435,0.810803,0.883867,0.751831,1.020402,1.154995,1.253832
lens_0123,1,compound,synthetic_lenses_images/lens/compound/lens_0123.png,1.037862,1.575308,1.730905,1.696526,1.936255,2.275348,2.169832
nonlens_0393,0,none,synthetic_lenses_images/non_lens/nonlens_0393.png,,-0.64588,0.538107,-0.053532,0.525267,-0.86941,-0.091142
nonlens_0432,0,none,synthetic_lenses_images/non_lens/nonlens_0432.png,,0.520279,-0.078202,0.362678,0.985504,-0.324637,-0.933788
nonlens_0157,0,none,synthetic_lenses_images/non_lens/nonlens_0157.png,,-0.742929,0.912211,-0.75217,0.735475,0.10515,-0.262356
nonlens_0352,0,none,synthetic_lenses_images/non_lens/nonlens_0352.png,,0.084639,0.097361,-0.86282,0.965627,0.746442,0.706061
lens_0351,1,compound,synthetic_lenses_images/lens/compound/lens_0351.png,2.331017,1.608764,1.835747,1.335756,1.217199,2.37171,2.205042
nonlens_0262,0,none,synthetic_lenses_images/non_lens/nonlens_0262.png,,0.199433,-0.226593,-0.573224,-0.799267,-0.836006,0.42485
lens_0856,1,simple,synthetic_lenses_images/lens/simple/lens_0856.png,1.444334,0.847017,1.371953,0.879602,0.755445,0.916773,1.583954
nonlens_0955,0,none,synthetic_lenses_images/non_lens/nonlens_0955.png,,-0.315558,-0.14347,-0.966186,0.86669,-0.817352,0.441793
nonlens_0732,0,none,synthetic_lenses_images/non_lens/nonlens_0732.png,,0.226546,-0.219713,-0.792687,-0.646245,0.418282,-0.800171
lens_0728,1,simple,synthetic_lenses_images/lens/simple/lens_0728.png,0.473207,1.286651,0.889773,1.217093,0.883578,1.253698,1.62052
nonlens_0662,0,none,synthetic_lenses_images/non_lens/nonlens_0662.png,,0.646386,-0.842133,0.170294,0.049232,0.661386,0.398955
nonlens_0127,0,none,synthetic_lenses_images/non_lens/nonlens_0127.png,,-0.874434,-0.311553,0.465828,0.239691,0.635407,-0.840097
nonlens_0861,0,none,synthetic_lenses_images/non_lens/nonlens_0861.png,,-0.997805,-0.110165,-0.818332,-0.311496,-0.675795,0.427389
nonlens_0085,0,none,synthetic_lenses_images/non_lens/nonlens_0085.png,,-0.294117,0.883762,-0.157719,-0.164549,0.466899,-0.112214
nonlens_0466,0,none,synthetic_lenses_images/non_lens/nonlens_0466.png,,-0.548565,0.764766,0.709627,0.446722,0.912421,0.836261
lens_0554,1,simple,synthetic_lenses_images/lens/simple/lens_0554.png,4.496225,1.180068,1.379037,0.692046,1.255175,1.334407,1.532583
lens_0368,1,compound,synthetic_lenses_images/lens/compound/lens_0368.png,0.726349,2.037863,1.973792,1.523623,1.58612,1.799272,2.261324
lens_0669,1,simple,synthetic_lenses_images/lens/simple/lens_0669.png,3.74399,1.078438,0.835954,1.153781,1.469742,1.007112,1.309837
nonlens_0854,0,none,synthetic_lenses_images/non_lens/nonlens_0854.png,,0.827049,0.020873,-0.514049,-0.697066,0.805706,-0.823228
nonlens_0294,0,none,synthetic_lenses_images/non_lens/nonlens_0294.png,,-0.041083,-0.295035,-0.613041,0.843971,-0.668109,0.984199
lens_0659,1,simple,synthetic_lenses_images/lens/simple/lens_0659.png,3.385448,1.079172,0.938767,0.980236,0.771101,1.161699,1.1593
lens_0008,1,compound,synthetic_lenses_images/lens/compound/lens_0008.png,0.658649,1.378922,1.685875,1.904712,1.54664,1.404491,1.709422
nonlens_0409,0,none,synthetic_lenses_images/non_lens/nonlens_0409.png,,0.779603,0.786205,-0.813034,0.847134,0.223548,-0.81298
lens_0387,1,compound,synthetic_lenses_images/lens/compound/lens_0387.png,3.769554,1.48055,1.891654,1.387302,1.843035,1.638935,2.544103
lens_0812,1,simple,synthetic_lenses_images/lens/simple/lens_0812.png,3.089447,0.715441,1.006333,0.866412,0.827367,1.141833,1.459424
nonlens_0115,0,none,synthetic_lenses_images/non_lens/nonlens_0115.png,,0.62151,0.612453,-0.785901,-0.851171,-0.253223,-0.691988
lens_0397,1,compound,synthetic_lenses_images/lens/compound/lens_0397.png,1.747957,1.701945,1.589791,1.56559,1.335467,1.98337,2.063137
nonlens_0943,0,none,synthetic_lenses_images/non_lens/nonlens_0943.png,,0.904568,0.839285,0.016717,0.269481,0.508763,-0.415926
nonlens_0105,0,none,synthetic_lenses_images/non_lens/nonlens_0105.png,,0.581935,0.337808,0.92315,-0.358603,0.422816,0.897524
lens_0331,1,compound,synthetic_lenses_images/lens/compound/lens_0331.png,2.630173,1.097517,1.754578,1.273812,1.798321,1.82236,2.153025
lens_0403,1,compound,synthetic_lenses_images/lens/compound/lens_0403.png,0.539031,1.851573,1.669765,1.715157,1.554772,1.770616,2.070736
lens_0713,1,simple,synthetic_lenses_images/lens/simple/lens_0713.png,3.442878,0.697764,0.929009,0.567449,0.951811,1.27123,1.494207
lens_0012,1,compound,synthetic_lenses_images/lens/compound/lens_0012.png,1.147268,2.009232,1.970641,1.123834,1.587605,1.487898,2.501077
lens_0128,1,compound,synthetic_lenses_images/lens/compound/lens_0128.png,2.762017,1.449401,2.055586,1.254284,1.23739,2.083432,2.500511
lens_0005,1,compound,synthetic_lenses_images/lens/compound/lens_0005.png,4.84504,1.786595,1.779491,1.186139,1.474762,1.595284,2.420079
lens_0345,1,compound,synthetic_lenses_images/lens/compound/lens_0345.png,1.775263,2.046785,2.173122,1.809764,1.910066,2.240534,2.261835
nonlens_0641,0,none,synthetic_lenses_images/non_lens/nonlens_0641.png,,0.84804,-0.575975,-0.945916,0.883025,0.776205,0.557042
lens_0840,1,simple,synthetic_lenses_images/lens/simple/lens_0840.png,3.550212,1.178879,1.398716,0.787676,1.386664,0.984283,1.400768
nonlens_0949,0,none,synthetic_lenses_images/non_lens/nonlens_0949.png,,-0.790917,-0.52737,-0.028866,-0.369489,0.713544,0.899556
lens_0885,1,simple,synthetic_lenses_images/lens/simple/lens_0885.png,3.038407,0.991831,0.909134,1.15678,0.848377,0.900835,1.227414
nonlens_0914,0,none,synthetic_lenses_images/non_lens/nonlens_0914.png,,0.436789,-0.888327,0.133142,-0.559979,0.54064,-0.547989
nonlens_0881,0,none,synthetic_lenses_images/non_lens/nonlens_0881.png,,-0.808092,0.074538,-0.735962,-0.857925,-0.954164,-0.676202
lens_0041,1,compound,synthetic_lenses_images/lens/compound/lens_0041.png,2.216129,1.504826,1.590509,1.341991,1.798896,2.093028,2.361484
nonlens_0126,0,none,synthetic_lenses_images/non_lens/nonlens_0126.png,,0.061102,0.309684,0.936278,-0.496664,0.508594,-0.870693
lens_0228,1,compound,synthetic_lenses_images/lens/compound/lens_0228.png,0.899116,1.890651,1.502579,1.793218,1.834275,2.339809,1.558727
nonlens_0936,0,none,synthetic_lenses_images/non_lens/nonlens_0936.png,,-0.816724,-0.90209,0.952246,-0.908877,-0.625125,0.214269
nonlens_0053,0,none,synthetic_lenses_images/non_lens/nonlens_0053.png,,0.541482,0.541685,0.397803,0.0551,-0.916735,0.89356
lens_0330,1,compound,synthetic_lenses_images/lens/compound/lens_0330.png,2.996971,1.406477,1.843239,1.070001,1.396166,1.986287,1.775478
nonlens_0335,0,none,synthetic_lenses_images/non_lens/nonlens_0335.png,,0.768438,-0.519953,0.207844,0.914125,0.814614,0.441569
lens_0198,1,compound,synthetic_lenses_images/lens/compound/lens_0198.png,4.379162,1.843065,1.60301,1.055121,1.40031,1.963946,2.279907
nonlens_0079,0,none,synthetic_lenses_images/non_lens/nonlens_0079.png,,0.256573,0.127278,-0.852152,0.297725,0.821623,0.874422
nonlens_0179,0,none,synthetic_lenses_images/non_lens/nonlens_0179.png,,-0.785477,-0.999459,-0.9376,-0.899944,-0.977576,-0.451537
lens_0569,1,simple,synthetic_lenses_images/lens/simple/lens_0569.png,1.745774,1.389651,1.311803,0.762186,0.994168,1.459035,1.771202
nonlens_0256,0,none,synthetic_lenses_images/non_lens/nonlens_0256.png,,-0.980288,-0.324788,0.24872,-0.445652,-0.140395,-0.539023
nonlens_0217,0,none,synthetic_lenses_images/non_lens/nonlens_0217.png,,-0.017802,0.804523,-0.413221,-0.674508,-0.419427,-0.337169
nonlens_0890,0,none,synthetic_lenses_images/non_lens/nonlens_0890.png,,-0.118049,-0.13703,0.959393,0.369716,0.209318,-0.622871
nonlens_0205,0,none,synthetic_lenses_images/non_lens/nonlens_0205.png,,0.083934,-0.806826,0.628989,-0.952989,-0.937805,-0.757849
lens_0833,1,simple,synthetic_lenses_images/lens/simple/lens_0833.png,4.735561,0.980047,1.521595,0.675924,0.735111,1.140598,1.235957
nonlens_0500,0,none,synthetic_lenses_images/non_lens/nonlens_0500.png,,-0.085637,-0.164593,0.783215,0.283872,-0.652171,-0.568186
lens_0915,1,simple,synthetic_lenses_images/lens/simple/lens_0915.png,1.765734,0.835529,0.81653,0.762553,1.235335,1.536169,1.323256
nonlens_0260,0,none,synthetic_lenses_images/non_lens/nonlens_0260.png,,-0.027486,-0.808633,0.690765,-0.558053,-0.080987,-0.668715
lens_0965,1,simple,synthetic_lenses_images/lens/simple/lens_0965.png,2.738403,1.362002,0.831355,1.265506,1.103224,1.041667,1.570988
lens_0185,1,compound,synthetic_lenses_images/lens/compound/lens_0185.png,0.621743,1.562704,1.78187,1.230241,1.718287,2.308272,2.212992
lens_0230,1,compound,synthetic_lenses_images/lens/compound/lens_0230.png,0.756017,1.48241,1.537683,1.308885,1.624549,2.335267,2.248536
nonlens_0164,0,none,synthetic_lenses_images/non_lens/nonlens_0164.png,,-0.769502,0.822849,-0.478491,-0.521469,0.289517,0.115369
nonlens_0047,0,none,synthetic_lenses_images/non_lens/nonlens_0047.png,,-0.323312,-0.268613,-0.521097,0.635171,-0.62332,-0.191431
nonlens_0756,0,none,synthetic_lenses_images/non_lens/nonlens_0756.png,,0.651704,-0.579468,0.07016,-0.276736,-0.868085,0.205535
lens_0577,1,simple,synthetic_lenses_images/lens/simple/lens_0577.png,3.278675,0.665275,1.046492,0.506262,1.132813,1.632672,1.015875
nonlens_0907,0,none,synthetic_lenses_images/non_lens/nonlens_0907.png,,-0.313485,-0.260122,0.070973,0.816517,0.145373,0.850586
lens_0445,1,compound,synthetic_lenses_images/lens/compound/lens_0445.png,4.244997,1.539008,1.594359,1.778959,1.631953,2.431951,2.392246
nonlens_0090,0,none,synthetic_lenses_images/non_lens/nonlens_0090.png,,0.247192,-0.898229,-0.565644,0.103386,-0.686561,-0.231419
lens_0519,1,simple,synthetic_lenses_images/lens/simple/lens_0519.png,0.371965,1.174523,1.22947,1.078169,1.241808,1.215811,1.53931
nonlens_0253,0,none,synthetic_lenses_images/non_lens/nonlens_0253.png,,0.190544,-0.047264,-0.226231,-0.76111,-0.637791,-0.27733
nonlens_0684,0,none,synthetic_lenses_images/non_lens/nonlens_0684.png,,0.854205,0.142175,-0.119293,0.013696,-0.124664,-0.976932
lens_0583,1,simple,synthetic_lenses_images/lens/simple/lens_0583.png,4.297587,1.398052,1.392436,1.247401,1.031279,1.600908,1.466652
lens_0094,1,compound,synthetic_lenses_images/lens/compound/lens_0094.png,3.149865,1.675585,2.059932,1.541085,1.576869,2.440666,2.652895
lens_0131,1,compound,synthetic_lenses_images/lens/compound/lens_0131.png,0.965662,1.672716,2.024488,1.280854,1.249691,2.585866,2.364148
nonlens_0414,0,none,synthetic_lenses_images/non_lens/nonlens_0414.png,,-0.671411,0.477801,0.96141,0.143408,0.334597,-0.614911
nonlens_0825,0,none,synthetic_lenses_images/non_lens/nonlens_0825.png,,0.53132,-0.78572,-0.013231,0.399674,0.46124,0.332165
nonlens_0595,0,none,synthetic_lenses_images/non_lens/nonlens_0595.png,,0.474092,-0.619153,-0.874169,-0.599638,-0.713575,0.682334
nonlens_0918,0,none,synthetic_lenses_images/non_lens/nonlens_0918.png,,0.938922,-0.44128,0.792522,-0.134109,0.811687,0.595021
lens_0396,1,compound,synthetic_lenses_images/lens/compound/lens_0396.png,2.583819,1.400379,2.158921,1.125816,1.637677,2.004162,2.036575
lens_0154,1,compound,synthetic_lenses_images/lens/compound/lens_0154.png,0.994189,1.300972,1.869834,1.347463,2.071073,1.76166,2.378045
lens_0367,1,compound,synthetic_lenses_images/lens/compound/lens_0367.png,0.79276,1.411941,1.729244,1.047964,1.293702,1.686313,2.212366
lens_0297,1,compound,synthetic_lenses_images/lens/compound/lens_0297.png,1.731954,1.887663,1.942009,1.546792,1.811959,2.259503,1.78894
lens_0894,1,simple,synthetic_lenses_images/lens/simple/lens_0894.png,4.286364,0.925332,0.817115,1.26074,1.339362,0.991857,1.40834
nonlens_0995,0,none,synthetic_lenses_images/non_lens/nonlens_0995.png,,-0.477817,-0.279008,-0.403311,-0.48125,-0.345488,-0.224227
nonlens_0251,0,none,synthetic_lenses_images/non_lens/nonlens_0251.png,,-0.622144,0.868244,0.855611,-0.090479,0.981708,0.167167
lens_0229,1,compound,synthetic_lenses_images/lens/compound/lens_0229.png,2.291911,1.412482,1.992341,1.150677,1.841102,2.051382,2.08366
lens_0370,1,compound,synthetic_lenses_images/lens/compound/lens_0370.png,3.354997,1.697921,1.956465,1.602817,1.711426,1.676344,2.045785
nonlens_0349,0,none,synthetic_lenses_images/non_lens/nonlens_0349.png,,-0.599486,0.370168,-0.840646,0.293686,0.893157,-0.958618
nonlens_0507,0,none,synthetic_lenses_images/non_lens/nonlens_0507.png,,0.846923,-0.566736,0.123588,0.617484,-0.803494,0.661228
lens_0446,1,compound,synthetic_lenses_images/lens/compound/lens_0446.png,3.323329,1.373935,1.710279,1.005485,1.263652,2.518014,2.272149
lens_0265,1,compound,synthetic_lenses_images/lens/compound/lens_0265.png,3.94939,1.758177,2.070935,1.283378,1.45202,2.103333,2.540159
nonlens_0499,0,none,synthetic_lenses_images/non_lens/nonlens_0499.png,,-0.890455,0.244436,-0.954079,0.115817,-0.689998,0.280479
nonlens_0221,0,none,synthetic_lenses_images/non_lens/nonlens_0221.png,,0.82331,-0.796925,-0.721589,0.480713,0.893345,0.125542
lens_0244,1,compound,synthetic_lenses_images/lens/compound/lens_0244.png,1.275886,1.765602,1.831461,1.066645,1.756359,1.472938,1.744819
lens_0637,1,simple,synthetic_lenses_images/lens/simple/lens_0637.png,2.394835,0.62344,1.173908,0.713753,1.172424,1.265218,1.135338
nonlens_0592,0,none,synthetic_lenses_images/non_lens/nonlens_0592.png,,0.274644,-0.117872,0.898915,0.286291,-0.700591,-0.987269
nonlens_0764,0,none,synthetic_lenses_images/non_lens/nonlens_0764.png,,0.809117,0.663283,0.297395,0.184786,-0.674532,-0.529068
nonlens_0494,0,none,synthetic_lenses_images/non_lens/nonlens_0494.png,,0.492038,0.351817,0.522169,0.708404,-0.820691,0.044425
nonlens_0307,0,none,synthetic_lenses_images/non_lens/nonlens_0307.png,,0.179559,0.365203,0.612378,0.556592,-0.509407,0.629864
nonlens_0692,0,none,synthetic_lenses_images/non_lens/nonlens_0692.png,,-0.645941,-0.431765,0.787526,0.381861,0.116375,-0.333386
lens_0671,1,simple,synthetic_lenses_images/lens/simple/lens_0671.png,0.567067,0.800697,1.230545,1.022656,1.267434,1.604892,0.971619
nonlens_0067,0,none,synthetic_lenses_images/non_lens/nonlens_0067.png,,0.861239,-0.203591,0.07252,-0.43059,0.140217,-0.783016
nonlens_0999,0,none,synthetic_lenses_images/non_lens/nonlens_0999.png,,-0.536019,-0.098476,0.158891,0.008869,0.386293,0.601992
nonlens_0559,0,none,synthetic_lenses_images/non_lens/nonlens_0559.png,,-0.664161,0.799534,-0.648186,0.492946,0.704963,-0.463355
lens_0984,1,simple,synthetic_lenses_images/lens/simple/lens_0984.png,0.831122,1.144456,1.212302,1.027828,1.448895,1.268182,1.12717
nonlens_0075,0,none,synthetic_lenses_images/non_lens/nonlens_0075.png,,0.742675,-0.861234,-0.508448,0.057113,0.113706,-0.713273
nonlens_0308,0,none,synthetic_lenses_images/non_lens/nonlens_0308.png,,-0.132253,-0.455623,0.87988,-0.398862,0.945522,0.982626
lens_0906,1,simple,synthetic_lenses_images/lens/simple/lens_0906.png,0.739434,1.234437,0.825888,1.073745,0.710702,0.749142,1.579802
nonlens_0603,0,none,synthetic_lenses_images/non_lens/nonlens_0603.png,,-0.062455,-0.873356,0.374966,-0.603358,0.574423,0.456607
nonlens_0030,0,none,synthetic_lenses_images/non_lens/nonlens_0030.png,,0.349335,-0.338934,0.139715,0.751937,0.892536,-0.711534
nonlens_0168,0,none,synthetic_lenses_images/non_lens/nonlens_0168.png,,-0.91974,0.179337,-0.582327,0.165478,-0.985695,0.403648
lens_0364,1,compound,synthetic_lenses_images/lens/compound/lens_0364.png,0.795415,1.799509,1.916118,1.352087,1.191674,1.924625,1.911977
lens_0796,1,simple,synthetic_lenses_images/lens/simple/lens_0796.png,4.313051,0.887902,1.381804,1.149645,1.170374,1.468532,0.94455
nonlens_0546,0,none,synthetic_lenses_images/non_lens/nonlens_0546.png,,-0.683326,0.784353,-0.924424,-0.338237,-0.932178,0.210333
lens_0002,1,compound,synthetic_lenses_images/lens/compound/lens_0002.png,2.260003,1.432819,1.392111,1.667538,1.695622,1.646478,2.041378
nonlens_0380,0,none,synthetic_lenses_images/non_lens/nonlens_0380.png,,-0.989427,0.04595,-0.453371,0.589322,0.552525,-0.6249
nonlens_0951,0,none,synthetic_lenses_images/non_lens/nonlens_0951.png,,-0.229266,-0.197415,-0.885336,0.56909,0.32794,-0.541523
lens_0626,1,simple,synthetic_lenses_images/lens/simple/lens_0626.png,1.533856,1.211352,1.161936,0.862212,0.798735,1.229707,1.605718
lens_0634,1,simple,synthetic_lenses_images/lens/simple/lens_0634.png,1.26091,1.109001,1.241158,1.112114,0.877331,0.857544,1.559187
lens_0798,1,simple,synthetic_lenses_images/lens/simple/lens_0798.png,1.545118,0.850021,1.221134,0.932325,0.675412,0.988879,1.006465
nonlens_0829,0,none,synthetic_lenses_images/non_lens/nonlens_0829.png,,0.434174,-0.258102,-0.532384,0.635145,0.864335,0.397265
nonlens_0101,0,none,synthetic_lenses_images/non_lens/nonlens_0101.png,,0.511347,-0.728803,-0.238102,-0.24126,-0.659084,-0.960092
nonlens_0140,0,none,synthetic_lenses_images/non_lens/nonlens_0140.png,,-0.167309,-0.974065,-0.383985,-0.682795,0.260918,0.368115
lens_0537,1,simple,synthetic_lenses_images/lens/simple/lens_0537.png,0.33741,1.447776,1.328046,0.858291,0.826066,1.558371,1.671587
lens_0670,1,simple,synthetic_lenses_images/lens/simple/lens_0670.png,3.088964,1.068218,1.150141,0.82308,1.190279,1.556365,1.502554
nonlens_0740,0,none,synthetic_lenses_images/non_lens/nonlens_0740.png,,-0.228261,0.505118,-0.903813,0.108215,0.947406,0.271116
nonlens_0699,0,none,synthetic_lenses_images/non_lens/nonlens_0699.png,,-0.555995,0.069244,0.065407,0.003618,0.22816,0.760669
nonlens_0989,0,none,synthetic_lenses_images/non_lens/nonlens_0989.png,,-0.054765,0.17121,0.718287,-0.748678,-0.511132,-0.914179
nonlens_0711,0,none,synthetic_lenses_images/non_lens/nonlens_0711.png,,0.102306,-0.806204,-0.840761,-0.45826,0.033943,0.990553
lens_0018,1,compound,synthetic_lenses_images/lens/compound/lens_0018.png,1.684926,1.50929,1.752455,1.335482,1.231398,2.081837,2.736187
lens_0611,1,simple,synthetic_lenses_images/lens/simple/lens_0611.png,1.891742,0.884088,1.06352,0.808553,0.949576,1.108512,1.022776
lens_0823,1,simple,synthetic_lenses_images/lens/simple/lens_0823.png,1.241408,1.007804,1.109947,1.046145,1.037992,0.936222,1.358237
nonlens_0984,0,none,synthetic_lenses_images/non_lens/nonlens_0984.png,,-0.904512,-0.343624,-0.159744,0.210878,-0.045944,0.870359
nonlens_0098,0,none,synthetic_lenses_images/non_lens/nonlens_0098.png,,-0.420518,-0.797001,0.123775,0.801634,-0.695966,-0.169628
lens_0855,1,simple,synthetic_lenses_images/lens/simple/lens_0855.png,2.732459,0.961485,1.160774,0.867537,1.075462,1.141799,1.468742
nonlens_0113,0,none,synthetic_lenses_images/non_lens/nonlens_0113.png,,0.885813,0.438234,0.104765,-0.022339,-0.466655,0.826715
lens_0892,1,simple,synthetic_lenses_images/lens/simple/lens_0892.png,2.460171,1.31997,1.256938,0.687268,1.032877,1.191812,1.037795
nonlens_0596,0,none,synthetic_lenses_images/non_lens/nonlens_0596.png,,-0.985831,-0.390261,-0.814792,-0.245687,-0.98377,-0.820298
nonlens_0525,0,none,synthetic_lenses_images/non_lens/nonlens_0525.png,,0.815276,0.356065,-0.842811,-0.673234,-0.240341,-0.562258
nonlens_0663,0,none,synthetic_lenses_images/non_lens/nonlens_0663.png,,-0.049993,-0.935831,0.959646,-0.194031,-0.148873,-0.378797
nonlens_0457,0,none,synthetic_lenses_images/non_lens/nonlens_0457.png,,-0.953472,-0.830786,-0.245458,-0.177617,-0.440425,-0.418798
lens_0231,1,compound,synthetic_lenses_images/lens/compound/lens_0231.png,3.2657,1.462732,1.831291,1.5982,1.275818,2.447991,2.236943
nonlens_0980,0,none,synthetic_lenses_images/non_lens/nonlens_0980.png,,0.490658,-0.385217,-0.485204,-0.854012,0.793376,0.223973
nonlens_0048,0,none,synthetic_lenses_images/non_lens/nonlens_0048.png,,-0.283357,0.833221,0.842249,0.621815,0.819336,0.415275
nonlens_0873,0,none,synthetic_lenses_images/non_lens/nonlens_0873.png,,-0.445151,-0.025451,-0.442478,-0.577155,-0.736642,0.498612
lens_0763,1,simple,synthetic_lenses_images/lens/simple/lens_0763.png,3.496289,1.00735,0.754072,1.294061,1.249681,0.935098,1.505386
nonlens_0749,0,none,synthetic_lenses_images/non_lens/nonlens_0749.png,,-0.854448,-0.050534,0.428434,0.31011,-0.878444,0.69359
nonlens_0872,0,none,synthetic_lenses_images/non_lens/nonlens_0872.png,,0.250544,0.677365,-0.542723,0.324971,-0.689026,-0.496076
lens_0194,1,compound,synthetic_lenses_images/lens/compound/lens_0194.png,2.189347,1.716984,1.71666,1.352111,1.84313,2.02589,2.122714
nonlens_0570,0,none,synthetic_lenses_images/non_lens/nonlens_0570.png,,-0.760044,0.350853,0.02462,0.153929,0.852637,-0.773606
lens_0363,1,compound,synthetic_lenses_images/lens/compound/lens_0363.png,0.37497,1.427809,2.180216,1.540878,1.410797,1.742445,1.746601
nonlens_0589,0,none,synthetic_lenses_images/non_lens/nonlens_0589.png,,-0.932421,-0.591817,0.26601,0.111092,-0.635702,-0.799261
nonlens_0812,0,none,synthetic_lenses_images/non_lens/nonlens_0812.png,,0.146169,0.730409,-0.17575,-0.73699,-0.485818,0.9131
nonlens_0779,0,none,synthetic_lenses_images/non_lens/nonlens_0779.png,,0.83228,-0.401818,-0.826917,-0.819407,0.681447,0.986235
lens_0322,1,compound,synthetic_lenses_images/lens/compound/lens_0322.png,4.463955,1.937503,1.952801,1.48754,1.276831,2.010646,1.759072
nonlens_0443,0,none,synthetic_lenses_images/non_lens/nonlens_0443.png,,-0.356719,0.322648,-0.267579,0.643156,0.57028,-0.249349
lens_0460,1,compound,synthetic_lenses_images/lens/compound/lens_0460.png,2.068718,1.366636,1.899428,1.866105,1.354974,1.81601,2.286439
nonlens_0095,0,none,synthetic_lenses_images/non_lens/nonlens_0095.png,,0.573925,-0.8285,-0.982663,0.724499,-0.894495,0.705202
nonlens_0176,0,none,synthetic_lenses_images/non_lens/nonlens_0176.png,,0.022199,-0.380197,-0.567153,-0.638162,-0.332136,-0.000815
lens_0559,1,simple,synthetic_lenses_images/lens/simple/lens_0559.png,0.871179,0.662413,1.295561,1.071366,1.043638,0.914731,0.986439
lens_0090,1,compound,synthetic_lenses_images/lens/compound/lens_0090.png,2.648563,1.593431,2.329996,1.514302,1.663634,2.144761,1.676103
nonlens_0774,0,none,synthetic_lenses_images/non_lens/nonlens_0774.png,,0.283029,-0.610025,-0.38134,0.732709,0.177403,0.664115
nonlens_0103,0,none,synthetic_lenses_images/non_lens/nonlens_0103.png,,0.940593,0.893208,0.133566,0.771208,0.975631,0.772981
nonlens_0341,0,none,synthetic_lenses_images/non_lens/nonlens_0341.png,,-0.185327,0.254085,0.583677,-0.050965,0.756469,0.858097
lens_0457,1,compound,synthetic_lenses_images/lens/compound/lens_0457.png,1.469153,1.19719,1.820909,1.259976,1.563105,2.253028,2.475751
lens_0220,1,compound,synthetic_lenses_images/lens/compound/lens_0220.png,0.363419,2.046974,1.771892,1.799235,1.405377,1.626096,2.164337
nonlens_0483,0,none,synthetic_lenses_images/non_lens/nonlens_0483.png,,-0.359244,0.490323,-0.800109,-0.648984,-0.562792,0.794987
lens_0420,1,compound,synthetic_lenses_images/lens/compound/lens_0420.png,1.663794,1.678817,1.641025,1.65969,1.843469,1.721921,1.931047
lens_0399,1,compound,synthetic_lenses_images/lens/compound/lens_0399.png,3.784293,1.888095,1.836045,1.253205,1.261293,1.491488,2.520039
lens_0199,1,compound,synthetic_lenses_images/lens/compound/lens_0199.png,3.166067,1.818421,1.752056,1.292696,1.317973,2.299778,1.74876
nonlens_0781,0,none,synthetic_lenses_images/non_lens/nonlens_0781.png,,0.84479,0.182963,0.544852,-0.061132,0.045585,-0.969911
nonlens_0129,0,none,synthetic_lenses_images/non_lens/nonlens_0129.png,,0.832667,-0.27704,0.362162,0.356391,-0.868242,-0.475125
nonlens_0370,0,none,synthetic_lenses_images/non_lens/nonlens_0370.png,,0.423601,0.73901,0.862821,0.205813,0.70314,-0.274936
nonlens_0827,0,none,synthetic_lenses_images/non_lens/nonlens_0827.png,,0.882808,-0.810491,0.97256,-0.961807,-0.342932,-0.410136
lens_0056,1,compound,synthetic_lenses_images/lens/compound/lens_0056.png,0.737609,1.799821,1.564244,1.7809,1.285648,2.132915,2.372129
nonlens_0054,0,none,synthetic_lenses_images/non_lens/nonlens_0054.png,,-0.38576,0.17494,0.800553,0.085574,0.281865,0.478514
nonlens_0277,0,none,synthetic_lenses_images/non_lens/nonlens_0277.png,,0.615457,-0.60923,0.425058,-0.865236,-0.796979,0.63458
nonlens_0977,0,none,synthetic_lenses_images/non_lens/nonlens_0977.png,,-0.400581,0.974896,0.706651,0.228163,0.83233,0.24153
nonlens_0359,0,none,synthetic_lenses_images/non_lens/nonlens_0359.png,,-0.221444,0.513513,-0.792861,0.02484,0.623619,-0.57528
lens_0687,1,simple,synthetic_lenses_images/lens/simple/lens_0687.png,1.817847,0.707929,1.346392,0.977325,1.111962,1.632177,1.537945
lens_0156,1,compound,synthetic_lenses_images/lens/compound/lens_0156.png,3.365934,1.774514,1.722318,1.02807,1.574464,1.824703,2.041805
lens_0773,1,simple,synthetic_lenses_images/lens/simple/lens_0773.png,1.553713,1.109681,0.87143,0.925265,1.474501,0.940251,1.662769
lens_0884,1,simple,synthetic_lenses_images/lens/simple/lens_0884.png,0.812259,0.929648,1.291767,1.175471,0.801719,0.927459,1.658772
lens_0088,1,compound,synthetic_lenses_images/lens/compound/lens_0088.png,3.384442,1.947064,1.999408,1.160991,1.558806,2.538346,1.562063
nonlens_0778,0,none,synthetic_lenses_images/non_lens/nonlens_0778.png,,0.944888,0.336884,-0.155836,-0.815945,-0.973916,0.29461
nonlens_0361,0,none,synthetic_lenses_images/non_lens/nonlens_0361.png,,-0.546498,0.314051,0.825766,-0.01125,0.541678,-0.225449
lens_0608,1,simple,synthetic_lenses_images/lens/simple/lens_0608.png,4.643477,0.997513,1.605055,0.980887,1.414204,0.831466,1.609449
nonlens_0481,0,none,synthetic_lenses_images/non_lens/nonlens_0481.png,,-0.915683,-0.614123,0.980517,0.040513,-0.593636,-0.218821
nonlens_0803,0,none,synthetic_lenses_images/non_lens/nonlens_0803.png,,0.434154,-0.519259,-0.727501,-0.160629,-0.221028,0.867921
lens_0353,1,compound,synthetic_lenses_images/lens/compound/lens_0353.png,4.402793,1.367218,1.482035,1.136296,1.574522,1.555775,2.011512
nonlens_0911,0,none,synthetic_lenses_images/non_lens/nonlens_0911.png,,-0.264115,0.434809,0.974598,-0.46861,-0.230388,0.86625
nonlens_0323,0,none,synthetic_lenses_images/non_lens/nonlens_0323.png,,-0.480036,0.286928,0.399885,-0.80776,0.212967,0.378064
nonlens_0789,0,none,synthetic_lenses_images/non_lens/nonlens_0789.png,,-0.626456,-0.970615,0.955556,0.106592,-0.988311,0.887216
nonlens_0475,0,none,synthetic_lenses_images/non_lens/nonlens_0475.png,,-0.045306,0.67613,0.173114,0.513042,-0.185442,-0.658799
nonlens_0369,0,none,synthetic_lenses_images/non_lens/nonlens_0369.png,,-0.849777,-0.38323,-0.40036,-0.954536,0.962508,-0.344492
lens_0949,1,simple,synthetic_lenses_images/lens/simple/lens_0949.png,1.533257,1.366501,1.454485,1.158721,1.034477,1.174693,1.548673
lens_0501,1,simple,synthetic_lenses_images/lens/simple/lens_0501.png,3.560294,0.99782,1.518406,0.754163,0.781252,1.299478,1.662167
lens_0893,1,simple,synthetic_lenses_images/lens/simple/lens_0893.png,4.061011,0.96565,0.899276,1.09099,1.203312,1.524244,1.214677
lens_0477,1,compound,synthetic_lenses_images/lens/compound/lens_0477.png,3.526575,1.676034,1.700152,1.26672,1.242559,2.323782,1.891155
lens_0824,1,simple,synthetic_lenses_images/lens/simple/lens_0824.png,0.513511,1.225351,1.059742,0.898562,1.469536,1.398727,1.208848
nonlens_0868,0,none,synthetic_lenses_images/non_lens/nonlens_0868.png,,0.069956,0.616592,0.207748,-0.568106,0.094978,-0.249125
nonlens_0436,0,none,synthetic_lenses_images/non_lens/nonlens_0436.png,,0.496943,0.209742,0.438451,0.976806,-0.374312,0.344357
nonlens_0362,0,none,synthetic_lenses_images/non_lens/nonlens_0362.png,,0.285055,-0.601774,-0.916071,-0.094181,-0.992557,-0.289157
nonlens_0552,0,none,synthetic_lenses_images/non_lens/nonlens_0552.png,,0.313453,-0.947564,0.231166,-0.4502,0.560496,0.927047
lens_0647,1,simple,synthetic_lenses_images/lens/simple/lens_0647.png,4.857008,1.301309,0.969897,0.817663,0.680141,1.252032,1.78051
lens_0651,1,simple,synthetic_lenses_images/lens/simple/lens_0651.png,4.435713,1.302611,1.21992,1.386123,1.180244,1.016169,1.440843
nonlens_0212,0,none,synthetic_lenses_images/non_lens/nonlens_0212.png,,0.08747,-0.834071,0.448557,0.431217,0.844622,-0.090628
lens_0311,1,compound,synthetic_lenses_images/lens/compound/lens_0311.png,4.147041,1.684757,2.261102,1.680222,1.631381,1.954968,1.745996
lens_0087,1,compound,synthetic_lenses_images/lens/compound/lens_0087.png,1.252253,1.591151,1.291626,1.194175,1.789728,1.863178,1.973328
lens_0448,1,compound,synthetic_lenses_images/lens/compound/lens_0448.png,1.773685,1.809717,1.878928,1.676587,1.687107,1.752705,1.723133
lens_0841,1,simple,synthetic_lenses_images/lens/simple/lens_0841.png,1.915223,1.122375,1.063478,0.528938,1.473079,1.283562,1.47007
lens_0661,1,simple,synthetic_lenses_images/lens/simple/lens_0661.png,3.567266,0.967041,0.753756,1.369048,1.036052,1.255369,1.051969
nonlens_0630,0,none,synthetic_lenses_images/non_lens/nonlens_0630.png,,-0.740995,-0.638586,-0.758086,0.443341,-0.107018,0.445999
lens_0240,1,compound,synthetic_lenses_images/lens/compound/lens_0240.png,1.756207,1.57967,1.936561,1.629623,1.967097,2.34272,2.300304
nonlens_0976,0,none,synthetic_lenses_images/non_lens/nonlens_0976.png,,-0.641507,-0.300471,-0.676976,-0.677795,-0.172949,-0.58726
nonlens_0214,0,none,synthetic_lenses_images/non_lens/nonlens_0214.png,,0.709284,-0.566889,-0.178786,-0.979412,-0.743232,0.725433
nonlens_0713,0,none,synthetic_lenses_images/non_lens/nonlens_0713.png,,0.09183,0.232936,0.076808,0.609533,-0.502048,0.950512
lens_0323,1,compound,synthetic_lenses_images/lens/compound/lens_0323.png,2.2391,1.932286,1.485834,1.168296,1.420878,1.98154,1.769517
nonlens_0486,0,none,synthetic_lenses_images/non_lens/nonlens_0486.png,,0.662783,-0.419198,0.926258,-0.768343,-0.391988,0.109061
nonlens_0173,0,none,synthetic_lenses_images/non_lens/nonlens_0173.png,,-0.630336,-0.91668,0.609272,0.485627,0.748469,-0.599715
lens_0756,1,simple,synthetic_lenses_images/lens/simple/lens_0756.png,4.440508,1.262006,1.496658,0.692072,0.885561,1.588529,1.716403
nonlens_0983,0,none,synthetic_lenses_images/non_lens/nonlens_0983.png,,-0.472411,0.051649,0.352043,0.314765,0.122714,-0.707792
lens_0057,1,compound,synthetic_lenses_images/lens/compound/lens_0057.png,4.925702,1.836526,1.558728,1.581912,1.497417,1.978978,2.291851
lens_0275,1,compound,synthetic_lenses_images/lens/compound/lens_0275.png,1.627728,1.60459,2.246849,1.430253,1.795271,1.384004,2.595949
nonlens_0239,0,none,synthetic_lenses_images/non_lens/nonlens_0239.png,,0.613623,0.834222,-0.393006,0.070582,-0.345824,-0.383716
nonlens_0893,0,none,synthetic_lenses_images/non_lens/nonlens_0893.png,,-0.706284,-0.567116,-0.178129,-0.725109,0.657497,-0.312955
lens_0172,1,compound,synthetic_lenses_images/lens/compound/lens_0172.png,3.391407,1.815485,1.743928,1.798136,1.684226,1.684405,2.223664
nonlens_0112,0,none,synthetic_lenses_images/non_lens/nonlens_0112.png,,-0.32873,0.606292,0.707253,0.568241,-0.18561,-0.315743
nonlens_0631,0,none,synthetic_lenses_images/non_lens/nonlens_0631.png,,0.323435,0.851061,0.519904,0.864805,-0.604097,0.245948
lens_0818,1,simple,synthetic_lenses_images/lens/simple/lens_0818.png,2.641263,1.423548,0.690826,0.818528,1.09273,0.88389,0.999847
lens_0165,1,compound,synthetic_lenses_images/lens/compound/lens_0165.png,1.977819,1.587524,1.68097,1.387679,2.053878,1.887842,1.683012
lens_0857,1,simple,synthetic_lenses_images/lens/simple/lens_0857.png,2.052601,1.347724,1.038007,0.822044,1.074753,1.629744,1.310248
lens_0036,1,compound,synthetic_lenses_images/lens/compound/lens_0036.png,2.452858,1.635335,1.693331,1.324039,1.833969,1.748795,1.886503
lens_0315,1,compound,synthetic_lenses_images/lens/compound/lens_0315.png,4.609306,1.457049,2.116617,1.330606,1.883274,1.919162,2.099633
nonlens_0162,0,none,synthetic_lenses_images/non_lens/nonlens_0162.png,,-0.323684,-0.174716,0.501701,-0.015089,0.090223,0.049359
lens_0735,1,simple,synthetic_lenses_images/lens/simple/lens_0735.png,4.015282,1.455711,1.333142,0.713395,0.704197,1.015104,1.107351
nonlens_0802,0,none,synthetic_lenses_images/non_lens/nonlens_0802.png,,-0.822081,0.040341,0.89064,0.633654,-0.634464,0.377695
nonlens_0862,0,none,synthetic_lenses_images/non_lens/nonlens_0862.png,,0.101462,-0.638135,-0.137102,0.91487,-0.802051,0.590523
lens_0654,1,simple,synthetic_lenses_images/lens/simple/lens_0654.png,2.61261,0.831225,1.107629,1.236426,1.013992,1.504729,1.430231
lens_0972,1,simple,synthetic_lenses_images/lens/simple/lens_0972.png,3.31782,1.065946,1.31032,1.058266,1.018932,1.541014,1.093292
nonlens_0020,0,none,synthetic_lenses_images/non_lens/nonlens_0020.png,,0.25451,0.777208,0.958262,0.493586,0.413492,0.963832
lens_0927,1,simple,synthetic_lenses_images/lens/simple/lens_0927.png,2.667911,1.250179,0.887294,0.98532,1.259008,1.473695,1.353021
lens_0379,1,compound,synthetic_lenses_images/lens/compound/lens_0379.png,3.093324,1.860016,1.472051,1.729509,1.413129,1.879324,2.268889
lens_0549,1,simple,synthetic_lenses_images/lens/simple/lens_0549.png,2.409056,0.78001,1.125017,1.272096,1.010346,1.461619,1.405527
lens_0478,1,compound,synthetic_lenses_images/lens/compound/lens_0478.png,1.298907,2.052374,1.626429,1.151464,1.682379,1.355303,2.301331
lens_0849,1,simple,synthetic_lenses_images/lens/simple/lens_0849.png,2.421007,0.644951,1.536977,0.726355,1.237947,0.939388,0.990336
nonlens_0776,0,none,synthetic_lenses_images/non_lens/nonlens_0776.png,,-0.191445,-0.635241,-0.259883,0.631161,0.886917,0.904994
nonlens_0518,0,none,synthetic_lenses_images/non_lens/nonlens_0518.png,,-0.436998,-0.675375,0.428631,-0.10195,-0.720539,-0.193562
nonlens_0225,0,none,synthetic_lenses_images/non_lens/nonlens_0225.png,,0.813232,0.751066,-0.757978,-0.676009,0.140841,0.329282
lens_0328,1,compound,synthetic_lenses_images/lens/compound/lens_0328.png,2.405405,1.66614,2.225302,1.430752,1.48038,2.327899,2.138924
lens_0429,1,compound,synthetic_lenses_images/lens/compound/lens_0429.png,4.146593,1.552463,1.421594,1.44777,1.739587,1.802829,1.857754
nonlens_0348,0,none,synthetic_lenses_images/non_lens/nonlens_0348.png,,-0.768257,-0.530333,0.978554,0.121509,-0.342825,0.090127
nonlens_0300,0,none,synthetic_lenses_images/non_lens/nonlens_0300.png,,-0.715578,0.82999,-0.813621,-0.232221,-0.211201,-0.916217
nonlens_0894,0,none,synthetic_lenses_images/non_lens/nonlens_0894.png,,0.309092,0.390853,-0.46689,-0.697389,0.358356,0.700301
lens_0814,1,simple,synthetic_lenses_images/lens/simple/lens_0814.png,4.907603,1.216492,1.265113,0.875644,1.071111,1.162769,0.862855
nonlens_0685,0,none,synthetic_lenses_images/non_lens/nonlens_0685.png,,-0.65485,0.623741,-0.480999,-0.906355,-0.051385,-0.053449
nonlens_0438,0,none,synthetic_lenses_images/non_lens/nonlens_0438.png,,-0.704113,0.336287,0.080027,-0.425632,0.044444,0.535974
nonlens_0931,0,none,synthetic_lenses_images/non_lens/nonlens_0931.png,,0.568186,-0.312061,0.438273,0.93272,-0.295502,0.786503
lens_0528,1,simple,synthetic_lenses_images/lens/simple/lens_0528.png,4.965843,0.883924,1.201885,0.86687,1.208084,0.881912,1.034606
nonlens_0018,0,none,synthetic_lenses_images/non_lens/nonlens_0018.png,,-0.568064,-0.975163,-0.51264,-0.958452,0.224441,0.675861
lens_0918,1,simple,synthetic_lenses_images/lens/simple/lens_0918.png,1.207397,1.040766,1.306799,1.192086,1.198118,0.888177,0.985866
nonlens_0397,0,none,synthetic_lenses_images/non_lens/nonlens_0397.png,,-0.258332,-0.490378,-0.802331,0.724005,0.032961,-0.379566
nonlens_0614,0,none,synthetic_lenses_images/non_lens/nonlens_0614.png,,-0.774974,-0.019345,0.790765,-0.346246,0.159157,0.116625
lens_0389,1,compound,synthetic_lenses_images/lens/compound/lens_0389.png,1.874681,1.660459,1.42765,1.232484,1.314311,1.656663,1.914257
lens_0642,1,simple,synthetic_lenses_images/lens/simple/lens_0642.png,1.114418,0.733646,1.225403,1.242477,1.072258,1.522083,0.963046
nonlens_0634,0,none,synthetic_lenses_images/non_lens/nonlens_0634.png,,0.52872,-0.43591,-0.799083,-0.431099,0.579674,0.366083
nonlens_0254,0,none,synthetic_lenses_images/non_lens/nonlens_0254.png,,0.6026,-0.890996,0.694349,-0.445288,0.096981,-0.463171
lens_0147,1,compound,synthetic_lenses_images/lens/compound/lens_0147.png,2.641114,1.765229,1.794043,1.260717,1.950478,1.8789,1.869948
lens_0716,1,simple,synthetic_lenses_images/lens/simple/lens_0716.png,2.152024,1.365468,1.392303,0.938405,1.050955,0.823602,0.934523
nonlens_0402,0,none,synthetic_lenses_images/non_lens/nonlens_0402.png,,-0.387324,0.528324,-0.497665,0.609186,0.172385,0.257694
nonlens_0040,0,none,synthetic_lenses_images/non_lens/nonlens_0040.png,,0.81029,0.126729,0.718717,0.911423,-0.623036,0.241745
nonlens_0569,0,none,synthetic_lenses_images/non_lens/nonlens_0569.png,,-0.024463,0.360206,0.649724,-0.551587,-0.611681,0.256256
lens_0774,1,simple,synthetic_lenses_images/lens/simple/lens_0774.png,4.495972,1.160126,1.268101,1.020349,0.920829,1.270311,1.517306
nonlens_0400,0,none,synthetic_lenses_images/non_lens/nonlens_0400.png,,0.843655,0.255039,0.954903,-0.993258,0.917243,-0.345247
nonlens_0728,0,none,synthetic_lenses_images/non_lens/nonlens_0728.png,,0.708576,-0.631349,-0.162532,0.401197,-0.891615,-0.207019
lens_0767,1,simple,synthetic_lenses_images/lens/simple/lens_0767.png,3.068693,0.925063,1.082795,0.994686,1.248386,0.855173,1.144179
nonlens_0897,0,none,synthetic_lenses_images/non_lens/nonlens_0897.png,,0.641321,-0.830729,0.20157,0.365397,-0.472661,-0.597974
lens_0341,1,compound,synthetic_lenses_images/lens/compound/lens_0341.png,1.622674,1.7446,2.308217,1.567907,1.562241,1.970138,2.273576
lens_0043,1,compound,synthetic_lenses_images/lens/compound/lens_0043.png,2.060339,1.164219,1.847005,1.287543,1.493796,1.716233,2.177649
lens_0952,1,simple,synthetic_lenses_images/lens/simple/lens_0952.png,3.024988,0.632211,0.851286,1.207188,0.768949,1.511788,1.329126
nonlens_0858,0,none,synthetic_lenses_images/non_lens/nonlens_0858.png,,0.187193,-0.153005,-0.665026,-0.907148,0.906503,-0.519461
lens_0025,1,compound,synthetic_lenses_images/lens/compound/lens_0025.png,4.812081,1.680057,1.691932,1.044941,1.544135,1.847313,2.106962
lens_0678,1,simple,synthetic_lenses_images/lens/simple/lens_0678.png,1.500934,1.025776,1.070072,1.271473,1.397076,1.052226,0.877384
nonlens_0189,0,none,synthetic_lenses_images/non_lens/nonlens_0189.png,,0.926379,-0.62386,0.37935,0.620708,0.991675,-0.911754
nonlens_0228,0,none,synthetic_lenses_images/non_lens/nonlens_0228.png,,0.402948,-0.977613,-0.880012,0.576174,-0.774495,0.331822
nonlens_0042,0,none,synthetic_lenses_images/non_lens/nonlens_0042.png,,0.14797,0.782874,0.412735,0.759344,-0.645016,-0.7023
nonlens_0023,0,none,synthetic_lenses_images/non_lens/nonlens_0023.png,,0.076551,-0.742471,0.962022,0.568437,0.014908,-0.048525
nonlens_0063,0,none,synthetic_lenses_images/non_lens/nonlens_0063.png,,-0.45477,0.380563,-0.168225,-0.17272,-0.443827,0.802152
nonlens_0029,0,none,synthetic_lenses_images/non_lens/nonlens_0029.png,,0.408436,0.885496,0.972413,-0.569592,-0.095777,0.076791
lens_0625,1,simple,synthetic_lenses_images/lens/simple/lens_0625.png,0.794724,0.800507,1.132215,1.064028,0.734691,1.153438,1.46321
lens_0038,1,compound,synthetic_lenses_images/lens/compound/lens_0038.png,4.739134,2.077742,2.013502,1.567095,1.469981,2.088075,2.225245
lens_0907,1,simple,synthetic_lenses_images/lens/simple/lens_0907.png,3.154732,0.778636,1.049,1.073193,0.92449,1.291428,1.223976
nonlens_0970,0,none,synthetic_lenses_images/non_lens/nonlens_0970.png,,0.330763,-0.129483,-0.198173,0.144792,0.186172,0.846714
lens_0603,1,simple,synthetic_lenses_images/lens/simple/lens_0603.png,2.513889,1.302787,1.210267,0.748101,0.819903,1.423057,1.340446
lens_0594,1,simple,synthetic_lenses_images/lens/simple/lens_0594.png,0.854135,0.885712,0.990902,1.094964,0.848834,0.882631,0.933754
lens_0415,1,compound,synthetic_lenses_images/lens/compound/lens_0415.png,0.435044,1.539259,1.685726,1.694332,1.3129,1.685852,1.855401
lens_0401,1,compound,synthetic_lenses_images/lens/compound/lens_0401.png,3.443026,1.784584,2.31008,1.119189,1.407382,2.225213,2.501859
nonlens_0106,0,none,synthetic_lenses_images/non_lens/nonlens_0106.png,,-0.833855,0.205625,0.598635,-0.968089,0.782095,-0.164523
nonlens_0906,0,none,synthetic_lenses_images/non_lens/nonlens_0906.png,,0.00558,0.92455,-0.872836,-0.582757,-0.439286,-0.841843
lens_0004,1,compound,synthetic_lenses_images/lens/compound/lens_0004.png,2.88875,1.733137,1.813188,1.489101,1.508902,1.914158,1.661748
nonlens_0508,0,none,synthetic_lenses_images/non_lens/nonlens_0508.png,,0.764574,0.532982,0.614465,-0.372611,-0.326295,0.847652
nonlens_0516,0,none,synthetic_lenses_images/non_lens/nonlens_0516.png,,0.259074,-0.608201,0.164925,-0.113373,-0.17773,-0.712704
lens_0400,1,compound,synthetic_lenses_images/lens/compound/lens_0400.png,2.062773,2.058132,2.292911,1.131617,1.913459,2.1776,1.751075
lens_0394,1,compound,synthetic_lenses_images/lens/compound/lens_0394.png,1.2373,1.686706,1.780513,1.025587,1.616935,1.709305,2.244488
lens_0784,1,simple,synthetic_lenses_images/lens/simple/lens_0784.png,2.264675,1.225485,1.338837,1.232925,0.818369,0.871038,1.005513
nonlens_0324,0,none,synthetic_lenses_images/non_lens/nonlens_0324.png,,-0.935933,0.704313,0.330017,0.389818,0.620542,-0.282496
nonlens_0211,0,none,synthetic_lenses_images/non_lens/nonlens_0211.png,,-0.019383,-0.945344,-0.922657,-0.025103,0.811751,-0.050256
nonlens_0806,0,none,synthetic_lenses_images/non_lens/nonlens_0806.png,,0.220837,0.687681,0.771817,-0.781585,0.632563,-0.827653
nonlens_0661,0,none,synthetic_lenses_images/non_lens/nonlens_0661.png,,0.645171,0.838912,-0.121048,-0.491558,-0.12505,-0.212752
nonlens_0404,0,none,synthetic_lenses_images/non_lens/nonlens_0404.png,,0.780514,-0.35057,0.715593,-0.286239,0.517853,0.064972
lens_0657,1,simple,synthetic_lenses_images/lens/simple/lens_0657.png,1.754193,1.245853,0.903006,0.807892,0.748283,1.170049,1.22809
nonlens_0391,0,none,synthetic_lenses_images/non_lens/nonlens_0391.png,,-0.125098,-0.495777,-0.133413,-0.68279,0.562786,0.66738
lens_0772,1,simple,synthetic_lenses_images/lens/simple/lens_0772.png,2.088129,1.194244,1.516071,0.92776,0.977893,1.665893,1.784663
lens_0361,1,compound,synthetic_lenses_images/lens/compound/lens_0361.png,2.639558,1.636089,1.834877,1.156164,2.025704,1.593149,2.153426
lens_0770,1,simple,synthetic_lenses_images/lens/simple/lens_0770.png,1.173277,0.933018,1.189852,0.759454,1.229613,1.493617,1.147529
lens_0232,1,compound,synthetic_lenses_images/lens/compound/lens_0232.png,3.973022,1.987708,1.505174,1.350802,1.200007,2.086466,1.701618
lens_0296,1,compound,synthetic_lenses_images/lens/compound/lens_0296.png,3.224121,1.788306,1.776974,1.540091,1.5396,1.642048,1.715719
lens_0307,1,compound,synthetic_lenses_images/lens/compound/lens_0307.png,1.663397,1.239414,1.63445,1.32445,1.412792,1.997651,2.014941
lens_0593,1,simple,synthetic_lenses_images/lens/simple/lens_0593.png,0.900624,0.805358,1.382786,0.74224,1.057427,1.618717,1.112363
lens_0739,1,simple,synthetic_lenses_images/lens/simple/lens_0739.png,1.915751,1.042869,1.209167,0.865359,1.254582,1.076903,1.551455
lens_0044,1,compound,synthetic_lenses_images/lens/compound/lens_0044.png,0.840756,1.519155,1.658889,1.156858,1.716998,2.574732,1.869681
nonlens_0837,0,none,synthetic_lenses_images/non_lens/nonlens_0837.png,,0.501992,-0.868474,-0.980555,-0.214659,0.914785,0.244081
lens_0373,1,compound,synthetic_lenses_images/lens/compound/lens_0373.png,1.380312,1.533597,2.056055,1.681444,1.916513,1.620021,1.772974
nonlens_0968,0,none,synthetic_lenses_images/non_lens/nonlens_0968.png,,-0.243728,0.986375,0.126081,-0.08781,0.843322,-0.040124
nonlens_0142,0,none,synthetic_lenses_images/non_lens/nonlens_0142.png,,0.728195,-0.260865,0.940861,-0.87375,-0.105844,-0.165999
lens_0452,1,compound,synthetic_lenses_images/lens/compound/lens_0452.png,3.933046,1.475641,2.101831,1.455326,1.760445,2.10738,2.030201
lens_0512,1,simple,synthetic_lenses_images/lens/simple/lens_0512.png,1.566004,1.202545,1.081766,0.646221,1.170292,1.161959,1.490869
nonlens_0762,0,none,synthetic_lenses_images/non_lens/nonlens_0762.png,,-0.451518,-0.101172,-0.724939,-0.246316,-0.927142,-0.820917
nonlens_0882,0,none,synthetic_lenses_images/non_lens/nonlens_0882.png,,0.19643,-0.168579,0.766921,0.371575,0.484593,-0.060647
lens_0795,1,simple,synthetic_lenses_images/lens/simple/lens_0795.png,4.238663,0.716722,0.93227,0.909566,1.070705,1.611005,1.424026
nonlens_0009,0,none,synthetic_lenses_images/non_lens/nonlens_0009.png,,0.657366,-0.797404,0.443881,0.278903,-0.374151,-0.005615
lens_0292,1,compound,synthetic_lenses_images/lens/compound/lens_0292.png,0.762102,1.721621,1.46825,1.880757,1.618968,2.106886,1.849385
lens_0360,1,compound,synthetic_lenses_images/lens/compound/lens_0360.png,4.431044,1.783187,1.703777,1.16313,1.676371,2.066682,1.677929
lens_0354,1,compound,synthetic_lenses_images/lens/compound/lens_0354.png,2.350046,1.387337,2.13822,1.327025,1.484734,2.377519,2.435037
nonlens_0985,0,none,synthetic_lenses_images/non_lens/nonlens_0985.png,,0.976654,0.338016,0.066357,0.541074,0.04477,0.716267
nonlens_0012,0,none,synthetic_lenses_images/non_lens/nonlens_0012.png,,0.817661,0.400457,0.120971,0.513541,0.076509,-0.204058
lens_0225,1,compound,synthetic_lenses_images/lens/compound/lens_0225.png,2.562745,1.819814,1.602442,1.119535,1.753725,1.945165,1.676458
nonlens_0566,0,none,synthetic_lenses_images/non_lens/nonlens_0566.png,,0.389195,-0.31335,0.215875,0.372875,-0.795559,0.7209
nonlens_0506,0,none,synthetic_lenses_images/non_lens/nonlens_0506.png,,0.321837,-0.813005,0.101228,0.145827,-0.310565,0.260706
lens_0652,1,simple,synthetic_lenses_images/lens/simple/lens_0652.png,1.824431,1.029308,1.102565,1.167448,0.805352,1.341349,1.767878
nonlens_0714,0,none,synthetic_lenses_images/non_lens/nonlens_0714.png,,-0.208345,0.23709,-0.119307,0.86062,-0.237675,-0.375299
lens_0365,1,compound,synthetic_lenses_images/lens/compound/lens_0365.png,2.29861,1.272091,2.110025,1.532286,1.628259,1.852704,1.965896
lens_0727,1,simple,synthetic_lenses_images/lens/simple/lens_0727.png,3.97108,1.267606,0.930265,0.781566,1.282362,1.602774,1.158879
nonlens_0423,0,none,synthetic_lenses_images/non_lens/nonlens_0423.png,,-0.101883,-0.65573,0.67338,-0.109848,-0.36854,0.212563
lens_0516,1,simple,synthetic_lenses_images/lens/simple/lens_0516.png,2.62444,1.053575,1.353406,0.943326,1.255715,1.010009,1.308153
nonlens_0265,0,none,synthetic_lenses_images/non_lens/nonlens_0265.png,,-0.001936,0.231276,0.676438,0.213108,-0.254078,0.406913
nonlens_0269,0,none,synthetic_lenses_images/non_lens/nonlens_0269.png,,-0.22226,-0.309632,-0.238058,-0.018085,0.448357,0.818376
nonlens_0204,0,none,synthetic_lenses_images/non_lens/nonlens_0204.png,,-0.711289,-0.855587,0.900221,-0.516333,-0.18776,0.650464
lens_0213,1,compound,synthetic_lenses_images/lens/compound/lens_0213.png,1.394638,2.140349,1.514932,1.626579,1.205014,2.00592,2.033892
lens_0722,1,simple,synthetic_lenses_images/lens/simple/lens_0722.png,0.64399,1.058691,1.467341,0.706408,0.881983,1.408699,1.322948
lens_0310,1,compound,synthetic_lenses_images/lens/compound/lens_0310.png,4.003374,1.621899,2.354665,1.702747,1.966303,1.786491,2.342299
nonlens_0226,0,none,synthetic_lenses_images/non_lens/nonlens_0226.png,,-0.107796,0.993041,-0.253366,-0.473987,-0.866362,0.579996
lens_0462,1,compound,synthetic_lenses_images/lens/compound/lens_0462.png,1.943405,1.840474,1.794651,1.34222,1.395056,1.574212,2.281652
nonlens_0783,0,none,synthetic_lenses_images/non_lens/nonlens_0783.png,,0.068592,0.134936,0.24366,-0.681389,0.213866,0.569823
nonlens_0635,0,none,synthetic_lenses_images/non_lens/nonlens_0635.png,,0.250697,-0.718778,-0.325689,-0.982516,0.329847,0.963968
lens_0074,1,compound,synthetic_lenses_images/lens/compound/lens_0074.png,3.320643,1.22281,2.251065,1.355727,1.62773,1.58217,1.90304
nonlens_0421,0,none,synthetic_lenses_images/non_lens/nonlens_0421.png,,0.767657,0.061732,0.801828,0.183366,0.923782,0.171241
lens_0597,1,simple,synthetic_lenses_images/lens/simple/lens_0597.png,1.0087,0.90914,0.980031,1.305873,0.829796,1.542804,1.31525
lens_0993,1,simple,synthetic_lenses_images/lens/simple/lens_0993.png,0.584016,0.876729,1.010002,0.786548,1.319534,1.378974,1.453602
nonlens_0689,0,none,synthetic_lenses_images/non_lens/nonlens_0689.png,,0.452411,-0.215791,0.88654,0.340552,0.695865,0.329167
lens_0102,1,compound,synthetic_lenses_images/lens/compound/lens_0102.png,2.727074,1.750046,1.583335,1.630245,1.915361,2.279784,1.768731
nonlens_0840,0,none,synthetic_lenses_images/non_lens/nonlens_0840.png,,0.520634,-0.871181,0.085522,0.253722,0.819715,0.910824
lens_0152,1,compound,synthetic_lenses_images/lens/compound/lens_0152.png,3.918033,2.073451,1.624471,1.247979,1.915558,1.918493,2.43822
nonlens_0372,0,none,synthetic_lenses_images/non_lens/nonlens_0372.png,,0.600743,-0.536961,-0.44697,0.682934,0.100417,0.082613
nonlens_0796,0,none,synthetic_lenses_images/non_lens/nonlens_0796.png,,-0.467198,-0.736219,0.646615,-0.306777,-0.412703,-0.027787
nonlens_0258,0,none,synthetic_lenses_images/non_lens/nonlens_0258.png,,0.10742,-0.366564,-0.560255,0.611421,0.650239,-0.593718
nonlens_0522,0,none,synthetic_lenses_images/non_lens/nonlens_0522.png,,0.349265,-0.474402,0.940594,-0.603122,-0.092267,-0.821626
nonlens_0654,0,none,synthetic_lenses_images/non_lens/nonlens_0654.png,,0.624672,0.340389,-0.104478,-0.703736,-0.939036,0.439585
lens_0852,1,simple,synthetic_lenses_images/lens/simple/lens_0852.png,1.828678,0.820976,1.007914,1.262334,0.941675,1.285951,1.646276
nonlens_0133,0,none,synthetic_lenses_images/non_lens/nonlens_0133.png,,0.798179,-0.095647,-0.715834,0.501104,-0.160806,-0.95104
nonlens_0770,0,none,synthetic_lenses_images/non_lens/nonlens_0770.png,,0.342946,0.116217,0.604076,-0.038307,-0.227532,-0.977592
lens_0710,1,simple,synthetic_lenses_images/lens/simple/lens_0710.png,3.819878,0.740875,1.058323,0.911307,0.898389,0.901867,1.529423
nonlens_0428,0,none,synthetic_lenses_images/non_lens/nonlens_0428.png,,-0.519034,-0.898484,0.716606,0.087341,-0.851654,0.078006
lens_0483,1,compound,synthetic_lenses_images/lens/compound/lens_0483.png,4.370592,1.600028,1.563158,1.3157,1.424158,1.905536,2.041138
lens_0086,1,compound,synthetic_lenses_images/lens/compound/lens_0086.png,3.215757,1.196286,1.787449,1.523896,1.288488,1.54337,2.298949
nonlens_0052,0,none,synthetic_lenses_images/non_lens/nonlens_0052.png,,-0.952332,-0.791363,0.122506,0.219326,-0.388205,0.984575
lens_0938,1,simple,synthetic_lenses_images/lens/simple/lens_0938.png,1.563809,1.144749,1.145957,0.772708,1.0643,1.292786,1.567529
nonlens_0088,0,none,synthetic_lenses_images/non_lens/nonlens_0088.png,,0.800709,0.096411,0.527953,-0.183584,0.288,-0.572973
lens_0245,1,compound,synthetic_lenses_images/lens/compound/lens_0245.png,1.666185,1.964607,2.241611,1.821915,1.613813,1.79781,2.137403
nonlens_0957,0,none,synthetic_lenses_images/non_lens/nonlens_0957.png,,-0.045679,-0.998944,-0.725824,-0.492758,-0.130806,-0.683409
lens_0177,1,compound,synthetic_lenses_images/lens/compound/lens_0177.png,1.979958,1.273841,1.823548,1.114216,1.680724,1.839329,2.231453
lens_0174,1,compound,synthetic_lenses_images/lens/compound/lens_0174.png,0.73831,1.273477,1.500585,1.20347,2.029344,2.012965,2.128636
lens_0267,1,compound,synthetic_lenses_images/lens/compound/lens_0267.png,0.674421,2.008486,2.117895,1.34087,1.575559,1.564868,2.142085
lens_0205,1,compound,synthetic_lenses_images/lens/compound/lens_0205.png,4.673616,1.453486,2.038438,1.871697,1.302891,2.373124,1.871394
lens_0382,1,compound,synthetic_lenses_images/lens/compound/lens_0382.png,3.050921,1.306818,2.116177,1.503991,1.440391,1.915058,2.566956
nonlens_0627,0,none,synthetic_lenses_images/non_lens/nonlens_0627.png,,0.934829,-0.709632,-0.903167,-0.698137,-0.696425,-0.585509
lens_0157,1,compound,synthetic_lenses_images/lens/compound/lens_0157.png,1.774012,1.314563,1.894081,1.040442,1.683713,2.301774,1.8663
nonlens_0576,0,none,synthetic_lenses_images/non_lens/nonlens_0576.png,,0.394252,0.286624,-0.781791,0.900774,0.584909,-0.929616
nonlens_0922,0,none,synthetic_lenses_images/non_lens/nonlens_0922.png,,0.154609,-0.19939,-0.352172,-0.623399,-0.063939,-0.77705
lens_0925,1,simple,synthetic_lenses_images/lens/simple/lens_0925.png,2.317525,1.240715,1.202246,0.862094,1.387365,1.338719,0.968241
lens_0385,1,compound,synthetic_lenses_images/lens/compound/lens_0385.png,3.99231,1.263148,1.641399,1.140316,1.276795,2.052607,2.296144
nonlens_0285,0,none,synthetic_lenses_images/non_lens/nonlens_0285.png,,0.211034,0.436712,0.498687,0.503263,0.046941,-0.184643
nonlens_0884,0,none,synthetic_lenses_images/non_lens/nonlens_0884.png,,-0.761337,0.570316,-0.472659,0.684294,0.483748,0.642356
lens_0995,1,simple,synthetic_lenses_images/lens/simple/lens_0995.png,2.128985,0.755665,0.821751,0.705272,0.844702,1.289147,1.148008
lens_0507,1,simple,synthetic_lenses_images/lens/simple/lens_0507.png,4.285074,0.788729,0.966726,0.972745,1.183645,1.30313,1.739837
lens_0302,1,compound,synthetic_lenses_images/lens/compound/lens_0302.png,1.885216,1.467325,1.875192,1.314927,1.780732,2.237878,2.069211
nonlens_0515,0,none,synthetic_lenses_images/non_lens/nonlens_0515.png,,0.259724,-0.853674,0.475461,-0.891353,-0.184418,-0.645622
nonlens_0485,0,none,synthetic_lenses_images/non_lens/nonlens_0485.png,,0.694863,-0.151053,0.122742,0.804836,0.242357,0.96784
nonlens_0039,0,none,synthetic_lenses_images/non_lens/nonlens_0039.png,,-0.662974,0.9272,0.058242,-0.990678,-0.230493,-0.944693
lens_0522,1,simple,synthetic_lenses_images/lens/simple/lens_0522.png,3.619217,1.049033,1.550087,0.960956,1.298077,1.035057,1.549265
nonlens_0460,0,none,synthetic_lenses_images/non_lens/nonlens_0460.png,,0.944952,-0.068635,0.663507,-0.87694,0.376515,-0.924918
lens_0578,1,simple,synthetic_lenses_images/lens/simple/lens_0578.png,3.636833,1.15496,1.370475,0.611068,1.196386,1.386779,1.369586
nonlens_0094,0,none,synthetic_lenses_images/non_lens/nonlens_0094.png,,-0.367571,0.86604,0.22465,0.470635,0.751833,0.352379
nonlens_0553,0,none,synthetic_lenses_images/non_lens/nonlens_0553.png,,-0.873038,0.255638,0.946715,-0.010203,0.064395,-0.231051
lens_0808,1,simple,synthetic_lenses_images/lens/simple/lens_0808.png,4.489378,1.151757,0.976815,1.169498,1.0031,1.21968,1.664418
lens_0790,1,simple,synthetic_lenses_images/lens/simple/lens_0790.png,1.819674,0.66653,1.008592,1.088864,0.701206,0.739325,0.815665
lens_0703,1,simple,synthetic_lenses_images/lens/simple/lens_0703.png,1.027441,0.786139,0.936121,0.67188,1.208822,1.668199,1.17074
nonlens_0410,0,none,synthetic_lenses_images/non_lens/nonlens_0410.png,,-0.499367,0.196647,0.492835,0.876543,-0.51758,-0.047975
nonlens_0602,0,none,synthetic_lenses_images/non_lens/nonlens_0602.png,,0.459113,-0.215009,0.098748,-0.636695,-0.120927,-0.75814
nonlens_0198,0,none,synthetic_lenses_images/non_lens/nonlens_0198.png,,0.584556,0.649371,-0.2073,0.646887,0.761446,0.981008
nonlens_0644,0,none,synthetic_lenses_images/non_lens/nonlens_0644.png,,0.927988,-0.137556,0.723929,-0.955239,-0.543598,-0.747034
lens_0083,1,compound,synthetic_lenses_images/lens/compound/lens_0083.png,1.593561,1.706038,1.814758,1.732388,1.477041,2.369576,1.638341
nonlens_0227,0,none,synthetic_lenses_images/non_lens/nonlens_0227.png,,-0.62898,-0.173488,0.119333,-0.535503,-0.705226,-0.73357
lens_0649,1,simple,synthetic_lenses_images/lens/simple/lens_0649.png,2.177465,0.837279,0.919408,0.816061,1.026481,1.013686,1.081549
lens_0319,1,compound,synthetic_lenses_images/lens/compound/lens_0319.png,3.057623,1.38452,2.057111,1.577369,1.626285,2.094997,2.621966
lens_0369,1,compound,synthetic_lenses_images/lens/compound/lens_0369.png,2.251249,1.986129,2.021408,1.761705,1.100453,2.144934,2.046118
nonlens_0975,0,none,synthetic_lenses_images/non_lens/nonlens_0975.png,,0.391891,-0.55452,-0.588223,0.389443,0.187129,0.438032
nonlens_0036,0,none,synthetic_lenses_images/non_lens/nonlens_0036.png,,-0.808273,-0.289686,0.414526,0.758129,-0.000636,-0.630867
lens_0696,1,simple,synthetic_lenses_images/lens/simple/lens_0696.png,3.729145,1.026533,1.156781,0.993949,1.036776,0.903642,1.582292
lens_0304,1,compound,synthetic_lenses_images/lens/compound/lens_0304.png,3.825698,1.4067,2.07239,1.028654,1.960563,2.291005,2.321311
nonlens_0289,0,none,synthetic_lenses_images/non_lens/nonlens_0289.png,,0.581049,0.498451,0.298143,-0.396056,-0.511016,-0.967244
lens_0961,1,simple,synthetic_lenses_images/lens/simple/lens_0961.png,4.195906,0.816193,0.975927,0.826175,1.360565,0.942598,1.270919
nonlens_0388,0,none,synthetic_lenses_images/non_lens/nonlens_0388.png,,-0.711233,0.448628,0.571195,0.737602,-0.349777,-0.177746
nonlens_0616,0,none,synthetic_lenses_images/non_lens/nonlens_0616.png,,0.586467,-0.205737,0.581171,0.725956,0.095959,-0.653467
lens_0316,1,compound,synthetic_lenses_images/lens/compound/lens_0316.png,3.198392,1.647064,1.73232,1.485447,1.708082,2.159257,1.991608
lens_0903,1,simple,synthetic_lenses_images/lens/simple/lens_0903.png,0.381334,1.151768,0.778126,1.087138,1.052708,1.285056,1.041223
nonlens_0941,0,none,synthetic_lenses_images/non_lens/nonlens_0941.png,,-0.475723,0.719059,0.558701,-0.043047,-0.351376,0.507503
nonlens_0100,0,none,synthetic_lenses_images/non_lens/nonlens_0100.png,,0.379927,0.807303,0.952249,0.327738,-0.706707,-0.110192
lens_0466,1,compound,synthetic_lenses_images/lens/compound/lens_0466.png,4.369522,1.999986,1.804154,1.000466,1.649056,2.142058,2.424715
nonlens_0110,0,none,synthetic_lenses_images/non_lens/nonlens_0110.png,,0.102548,-0.7387,0.956497,0.248339,0.469283,-0.961576
nonlens_0311,0,none,synthetic_lenses_images/non_lens/nonlens_0311.png,,0.084419,-0.274014,0.485047,-0.161417,-0.337574,-0.837742
lens_0737,1,simple,synthetic_lenses_images/lens/simple/lens_0737.png,2.221543,1.192018,1.393141,1.14761,1.31426,1.315122,0.928275
lens_0792,1,simple,synthetic_lenses_images/lens/simple/lens_0792.png,3.629538,1.016812,1.477308,0.864849,0.935577,1.049962,1.242543
nonlens_0987,0,none,synthetic_lenses_images/non_lens/nonlens_0987.png,,-0.741822,0.382544,-0.769713,-0.042526,-0.913297,-0.346353
lens_0541,1,simple,synthetic_lenses_images/lens/simple/lens_0541.png,3.669344,0.954256,1.457605,1.299318,1.441092,1.121828,1.567967
lens_0375,1,compound,synthetic_lenses_images/lens/compound/lens_0375.png,0.937409,1.37578,1.950452,1.655333,1.388488,1.674114,1.79459
nonlens_0766,0,none,synthetic_lenses_images/non_lens/nonlens_0766.png,,-0.216206,0.633823,0.887403,0.133162,0.966811,0.034162
nonlens_0231,0,none,synthetic_lenses_images/non_lens/nonlens_0231.png,,0.266793,0.082806,0.60774,-0.707775,-0.746089,0.019736
nonlens_0705,0,none,synthetic_lenses_images/non_lens/nonlens_0705.png,,-0.490975,0.112588,-0.811209,-0.335099,0.660118,-0.956138
nonlens_0612,0,none,synthetic_lenses_images/non_lens/nonlens_0612.png,,0.649738,0.721228,-0.122408,-0.626411,-0.651339,-0.860235
nonlens_0275,0,none,synthetic_lenses_images/non_lens/nonlens_0275.png,,-0.536369,-0.815458,-0.895707,0.309244,0.568526,0.907678
lens_0217,1,compound,synthetic_lenses_images/lens/compound/lens_0217.png,0.467268,1.494562,1.803505,1.503411,2.035436,1.526602,1.643296
nonlens_0824,0,none,synthetic_lenses_images/non_lens/nonlens_0824.png,,-0.58802,-0.634455,0.649304,0.188133,0.081684,-0.333387
lens_0534,1,simple,synthetic_lenses_images/lens/simple/lens_0534.png,4.466762,1.274327,1.330643,1.355645,1.387625,1.19284,1.521204
nonlens_0690,0,none,synthetic_lenses_images/non_lens/nonlens_0690.png,,-0.899949,-0.913731,-0.290718,0.426764,-0.482697,0.580942
lens_0658,1,simple,synthetic_lenses_images/lens/simple/lens_0658.png,2.087157,0.905504,0.964907,0.918131,1.320662,1.485917,1.682143
nonlens_0015,0,none,synthetic_lenses_images/non_lens/nonlens_0015.png,,0.91215,0.629146,0.774902,-0.412175,0.140214,-0.835577
nonlens_0416,0,none,synthetic_lenses_images/non_lens/nonlens_0416.png,,-0.41,-0.87745,-0.101066,0.237292,-0.937018,0.451488
nonlens_0303,0,none,synthetic_lenses_images/non_lens/nonlens_0303.png,,0.717681,-0.468985,-0.034671,-0.867822,-0.063387,0.962395
nonlens_0316,0,none,synthetic_lenses_images/non_lens/nonlens_0316.png,,-0.345714,-0.246305,-0.834243,-0.83581,0.592389,-0.98302
lens_0976,1,simple,synthetic_lenses_images/lens/simple/lens_0976.png,3.92677,1.242633,1.184558,1.140453,1.098189,1.431921,1.612302
nonlens_0704,0,none,synthetic_lenses_images/non_lens/nonlens_0704.png,,-0.573312,0.439429,0.788885,-0.316542,0.962025,-0.912418
lens_0209,1,compound,synthetic_lenses_images/lens/compound/lens_0209.png,0.82126,1.876512,1.684616,1.468899,1.766339,2.135175,2.32612
nonlens_0892,0,none,synthetic_lenses_images/non_lens/nonlens_0892.png,,-0.741048,-0.662113,-0.730621,0.764128,-0.765058,-0.408965
nonlens_0942,0,none,synthetic_lenses_images/non_lens/nonlens_0942.png,,-0.737952,-0.58036,0.939729,-0.566618,0.381703,-0.694467
lens_0948,1,simple,synthetic_lenses_images/lens/simple/lens_0948.png,4.511035,1.160056,1.273757,0.671095,1.010458,0.857603,1.551202
nonlens_0120,0,none,synthetic_lenses_images/non_lens/nonlens_0120.png,,-0.533849,-0.900003,-0.841176,-0.35919,0.058667,-0.047912
nonlens_0809,0,none,synthetic_lenses_images/non_lens/nonlens_0809.png,,-0.139624,-0.37218,-0.970588,0.913962,-0.487149,0.401322
nonlens_0353,0,none,synthetic_lenses_images/non_lens/nonlens_0353.png,,-0.993344,-0.520897,0.55733,0.588853,0.888728,0.930287
lens_0531,1,simple,synthetic_lenses_images/lens/simple/lens_0531.png,4.104497,0.877073,0.937984,1.130546,0.893095,1.561117,1.578082
nonlens_0703,0,none,synthetic_lenses_images/non_lens/nonlens_0703.png,,0.19938,0.629727,0.997158,0.746266,0.42947,-0.784079
lens_0848,1,simple,synthetic_lenses_images/lens/simple/lens_0848.png,4.710032,0.768987,1.187841,0.964458,0.879225,1.046325,1.185532
nonlens_0480,0,none,synthetic_lenses_images/non_lens/nonlens_0480.png,,-0.907283,0.387373,-0.766975,-0.742427,0.560614,-0.964062
nonlens_0800,0,none,synthetic_lenses_images/non_lens/nonlens_0800.png,,-0.081284,-0.577456,-0.727975,0.695237,-0.059995,-0.644749
nonlens_0668,0,none,synthetic_lenses_images/non_lens/nonlens_0668.png,,0.568915,-0.915406,0.221117,0.003672,0.615664,-0.404742
lens_0900,1,simple,synthetic_lenses_images/lens/simple/lens_0900.png,2.283433,1.490291,1.104026,0.801861,1.149693,1.395907,1.571328
nonlens_0966,0,none,synthetic_lenses_images/non_lens/nonlens_0966.png,,0.907626,0.344227,0.571275,0.273868,-0.636622,-0.750622
lens_0765,1,simple,synthetic_lenses_images/lens/simple/lens_0765.png,2.479664,0.764055,1.128356,1.178451,0.731479,0.929324,1.818939
nonlens_0805,0,none,synthetic_lenses_images/non_lens/nonlens_0805.png,,0.124917,0.39603,0.897583,-0.817066,0.148722,0.949449
lens_0107,1,compound,synthetic_lenses_images/lens/compound/lens_0107.png,0.340255,1.516274,1.802284,1.077686,1.328666,1.909883,2.106175
lens_0600,1,simple,synthetic_lenses_images/lens/simple/lens_0600.png,3.599039,0.944123,0.723734,1.134372,1.027995,1.020099,1.249378
lens_0272,1,compound,synthetic_lenses_images/lens/compound/lens_0272.png,3.302758,2.005647,1.51706,1.469943,1.371856,1.595573,2.419659
nonlens_0844,0,none,synthetic_lenses_images/non_lens/nonlens_0844.png,,-0.204433,-0.143054,0.828014,0.648496,-0.88242,0.093471
nonlens_0356,0,none,synthetic_lenses_images/non_lens/nonlens_0356.png,,-0.224239,-0.6214,0.889881,0.45063,0.82184,0.240684
nonlens_0956,0,none,synthetic_lenses_images/non_lens/nonlens_0956.png,,0.18485,-0.57696,-0.357919,0.094244,-0.284495,-0.630274
lens_0334,1,compound,synthetic_lenses_images/lens/compound/lens_0334.png,2.853468,1.538972,1.548889,1.771093,1.755966,1.781448,2.177947
nonlens_0470,0,none,synthetic_lenses_images/non_lens/nonlens_0470.png,,-0.775971,-0.744186,0.194393,0.848653,-0.511228,-0.245418
lens_0931,1,simple,synthetic_lenses_images/lens/simple/lens_0931.png,3.539635,0.994352,1.037776,0.783043,1.325487,1.108827,1.497596
lens_0187,1,compound,synthetic_lenses_images/lens/compound/lens_0187.png,2.850684,1.15326,2.074142,1.484445,1.709844,1.819458,1.886552
nonlens_0926,0,none,synthetic_lenses_images/non_lens/nonlens_0926.png,,-0.743953,-0.381622,-0.360423,0.325136,0.890726,-0.76017
nonlens_0579,0,none,synthetic_lenses_images/non_lens/nonlens_0579.png,,-0.740448,0.689404,0.053566,0.712907,-0.303367,-0.674421
nonlens_0633,0,none,synthetic_lenses_images/non_lens/nonlens_0633.png,,0.320674,-0.089313,0.753745,0.622518,0.553298,-0.792741
nonlens_0519,0,none,synthetic_lenses_images/non_lens/nonlens_0519.png,,0.726033,0.342787,0.192624,-0.310899,0.110929,-0.815861
nonlens_0658,0,none,synthetic_lenses_images/non_lens/nonlens_0658.png,,0.408129,-0.95042,0.130262,-0.636548,0.063383,0.056245
nonlens_0191,0,none,synthetic_lenses_images/non_lens/nonlens_0191.png,,0.485052,-0.426966,-0.823168,-0.265406,0.641428,0.089181
nonlens_0638,0,none,synthetic_lenses_images/non_lens/nonlens_0638.png,,0.310313,0.610724,-0.570764,0.333901,0.192405,-0.743593
lens_0140,1,compound,synthetic_lenses_images/lens/compound/lens_0140.png,2.607523,1.590355,2.023282,1.408276,1.705314,2.158618,2.144175
lens_0939,1,simple,synthetic_lenses_images/lens/simple/lens_0939.png,3.907743,1.430589,0.83475,1.244352,1.268484,1.089154,1.2813
lens_0607,1,simple,synthetic_lenses_images/lens/simple/lens_0607.png,1.420401,0.935131,1.346518,0.817471,1.076038,1.351678,1.071516
nonlens_0107,0,none,synthetic_lenses_images/non_lens/nonlens_0107.png,,-0.66188,0.702506,-0.615954,-0.439508,0.040863,0.83185
lens_0261,1,compound,synthetic_lenses_images/lens/compound/lens_0261.png,0.754075,1.616248,1.539206,1.324298,1.391803,1.712802,1.893446
lens_0096,1,compound,synthetic_lenses_images/lens/compound/lens_0096.png,1.375376,1.921854,1.65601,1.182113,1.262301,1.674747,2.355304
lens_0270,1,compound,synthetic_lenses_images/lens/compound/lens_0270.png,1.514096,1.669025,1.956723,1.591407,1.814006,1.669354,1.906476
nonlens_0623,0,none,synthetic_lenses_images/non_lens/nonlens_0623.png,,0.455916,0.797079,0.735185,-0.954319,-0.701569,0.154377
nonlens_0468,0,none,synthetic_lenses_images/non_lens/nonlens_0468.png,,0.001367,-0.185605,0.1051,0.728032,0.783648,-0.978656
lens_0555,1,simple,synthetic_lenses_images/lens/simple/lens_0555.png,2.356272,0.859162,1.343087,0.972677,0.878083,1.026256,1.60752
lens_0444,1,compound,synthetic_lenses_images/lens/compound/lens_0444.png,3.595005,1.471057,1.721341,1.392929,1.826884,1.751729,2.217941
lens_0060,1,compound,synthetic_lenses_images/lens/compound/lens_0060.png,4.642965,1.474235,1.373246,1.350012,1.684226,2.215302,2.013043
lens_0482,1,compound,synthetic_lenses_images/lens/compound/lens_0482.png,0.335503,1.492254,1.512226,1.769153,1.404353,2.564553,1.785313
lens_0350,1,compound,synthetic_lenses_images/lens/compound/lens_0350.png,1.306033,1.777842,2.117638,1.21793,2.048748,2.271966,1.967559
lens_0999,1,simple,synthetic_lenses_images/lens/simple/lens_0999.png,4.795844,0.651981,1.448471,0.83248,1.064684,1.374091,1.395249
nonlens_0672,0,none,synthetic_lenses_images/non_lens/nonlens_0672.png,,-0.567433,-0.42669,-0.901792,-0.040216,-0.467652,-0.533402
lens_0530,1,simple,synthetic_lenses_images/lens/simple/lens_0530.png,1.359974,1.118449,1.368945,0.598369,1.327245,1.681181,1.408846
nonlens_0577,0,none,synthetic_lenses_images/non_lens/nonlens_0577.png,,-0.292281,-0.086734,0.231438,0.89595,-0.755973,0.18347
nonlens_0139,0,none,synthetic_lenses_images/non_lens/nonlens_0139.png,,-0.353435,-0.046599,-0.421356,-0.529695,0.886676,0.607244
nonlens_0192,0,none,synthetic_lenses_images/non_lens/nonlens_0192.png,,-0.253465,0.803642,0.452397,0.081534,-0.358578,0.278628
nonlens_0505,0,none,synthetic_lenses_images/non_lens/nonlens_0505.png,,0.609171,0.568152,-0.187538,0.526211,0.089001,-0.706775
lens_0473,1,compound,synthetic_lenses_images/lens/compound/lens_0473.png,3.319002,1.694581,1.690238,1.136628,1.917143,2.06838,2.217975
nonlens_0865,0,none,synthetic_lenses_images/non_lens/nonlens_0865.png,,0.006266,-0.577128,-0.257143,0.100476,-0.836894,0.177083
lens_0355,1,compound,synthetic_lenses_images/lens/compound/lens_0355.png,3.737941,1.531316,1.883976,1.054458,1.82183,2.147154,2.119861
nonlens_0851,0,none,synthetic_lenses_images/non_lens/nonlens_0851.png,,-0.62646,0.89405,0.404913,-0.701097,0.578554,-0.384569
lens_0161,1,compound,synthetic_lenses_images/lens/compound/lens_0161.png,4.216946,1.979196,1.892879,1.38745,1.687163,1.719092,2.130143
lens_0115,1,compound,synthetic_lenses_images/lens/compound/lens_0115.png,1.01267,1.380196,2.138392,1.111527,1.763326,1.767124,1.534021
lens_0432,1,compound,synthetic_lenses_images/lens/compound/lens_0432.png,4.645477,1.673775,2.009704,1.544543,1.662872,1.626431,1.937595
lens_0759,1,simple,synthetic_lenses_images/lens/simple/lens_0759.png,1.745288,0.863617,0.883584,1.194229,1.031397,1.403898,1.227032
nonlens_0315,0,none,synthetic_lenses_images/non_lens/nonlens_0315.png,,-0.189365,0.6989,-0.427065,0.221145,-0.670211,-0.681616
lens_0570,1,simple,synthetic_lenses_images/lens/simple/lens_0570.png,4.417733,1.167014,0.877991,1.099273,1.31507,0.844373,0.972417
lens_0356,1,compound,synthetic_lenses_images/lens/compound/lens_0356.png,1.386779,1.355994,1.413409,1.808297,1.833981,1.795763,2.180088
lens_0117,1,compound,synthetic_lenses_images/lens/compound/lens_0117.png,2.063293,1.155492,1.558792,1.569992,1.40565,2.091701,2.279472
nonlens_0533,0,none,synthetic_lenses_images/non_lens/nonlens_0533.png,,0.654646,-0.795324,-0.613229,0.038849,0.947357,-0.656761
nonlens_0841,0,none,synthetic_lenses_images/non_lens/nonlens_0841.png,,0.980971,-0.326379,0.230747,0.783814,0.919689,-0.281652
lens_0511,1,simple,synthetic_lenses_images/lens/simple/lens_0511.png,2.931231,1.223428,1.133595,0.77128,0.912868,0.908753,1.064066
lens_0646,1,simple,synthetic_lenses_images/lens/simple/lens_0646.png,4.111407,1.154905,1.328048,1.033783,1.000108,1.454851,1.697742
nonlens_0667,0,none,synthetic_lenses_images/non_lens/nonlens_0667.png,,0.262149,-0.460887,-0.993946,-0.501419,0.99497,-0.868442
nonlens_0538,0,none,synthetic_lenses_images/non_lens/nonlens_0538.png,,0.361491,0.988935,-0.092853,0.400223,-0.194681,0.876389
lens_0712,1,simple,synthetic_lenses_images/lens/simple/lens_0712.png,2.919575,0.965378,1.209297,0.985644,1.386942,1.474376,1.126565
nonlens_0250,0,none,synthetic_lenses_images/non_lens/nonlens_0250.png,,0.211968,-0.494929,0.933027,0.626229,0.967735,-0.993466
nonlens_0952,0,none,synthetic_lenses_images/non_lens/nonlens_0952.png,,0.656344,-0.052947,-0.26925,-0.873485,0.460995,0.581508
lens_0980,1,simple,synthetic_lenses_images/lens/simple/lens_0980.png,1.782596,0.895218,1.451727,0.631517,1.207872,1.385343,1.056356
nonlens_0590,0,none,synthetic_lenses_images/non_lens/nonlens_0590.png,,-0.393475,0.702244,0.049584,-0.233865,0.172867,0.990201
lens_0291,1,compound,synthetic_lenses_images/lens/compound/lens_0291.png,1.585039,1.720505,1.913601,1.294234,1.714454,1.992757,1.801154
lens_0875,1,simple,synthetic_lenses_images/lens/simple/lens_0875.png,4.674562,1.000527,1.390281,1.130565,0.712166,1.54115,1.039779
nonlens_0753,0,none,synthetic_lenses_images/non_lens/nonlens_0753.png,,0.715677,0.726446,0.575679,0.480613,0.029404,0.430311
lens_0897,1,simple,synthetic_lenses_images/lens/simple/lens_0897.png,2.431168,1.141545,1.173337,0.75786,0.735645,1.24192,1.404683
lens_0022,1,compound,synthetic_lenses_images/lens/compound/lens_0022.png,0.529007,1.22012,1.990767,1.945307,2.092939,1.543372,1.74151
nonlens_0671,0,none,synthetic_lenses_images/non_lens/nonlens_0671.png,,-0.235558,0.113084,-0.414768,-0.178226,-0.235992,-0.800846
lens_0748,1,simple,synthetic_lenses_images/lens/simple/lens_0748.png,2.30536,1.369583,0.76237,0.813052,1.120614,0.711965,1.308439
lens_0935,1,simple,synthetic_lenses_images/lens/simple/lens_0935.png,1.37502,0.868915,1.06491,0.641599,1.427047,1.566641,1.498577
nonlens_0605,0,none,synthetic_lenses_images/non_lens/nonlens_0605.png,,-0.654912,0.153296,0.133749,0.229618,0.481989,0.763117
lens_0877,1,simple,synthetic_lenses_images/lens/simple/lens_0877.png,3.675967,1.247141,0.893997,1.121428,1.308168,0.877797,1.422414
nonlens_0846,0,none,synthetic_lenses_images/non_lens/nonlens_0846.png,,-0.465888,0.360436,0.433313,0.912833,0.324425,0.140552
nonlens_0373,0,none,synthetic_lenses_images/non_lens/nonlens_0373.png,,0.718505,0.623154,0.097873,0.154724,0.380964,-0.405587
lens_0252,1,compound,synthetic_lenses_images/lens/compound/lens_0252.png,3.296773,1.779621,1.646879,1.902786,1.139422,2.220101,2.061612
nonlens_0418,0,none,synthetic_lenses_images/non_lens/nonlens_0418.png,,0.375834,0.667239,-0.681862,-0.243828,-0.65725,-0.929741
nonlens_0504,0,none,synthetic_lenses_images/non_lens/nonlens_0504.png,,0.327166,0.963196,0.804497,0.132536,-0.131704,-0.94012
lens_0139,1,compound,synthetic_lenses_images/lens/compound/lens_0139.png,3.821909,1.424781,1.288967,1.734365,1.750864,2.400479,1.88388
lens_0904,1,simple,synthetic_lenses_images/lens/simple/lens_0904.png,3.439407,1.345389,0.822114,0.780536,0.830358,0.950331,1.423404
lens_0960,1,simple,synthetic_lenses_images/lens/simple/lens_0960.png,2.46869,1.134482,1.413671,0.738701,1.439378,0.995472,1.609298
lens_0837,1,simple,synthetic_lenses_images/lens/simple/lens_0837.png,4.381736,1.331569,1.061116,0.806877,0.777397,1.017739,1.537327
lens_0520,1,simple,synthetic_lenses_images/lens/simple/lens_0520.png,3.206835,1.457065,0.882408,0.737106,0.68396,1.348752,1.132644
lens_0405,1,compound,synthetic_lenses_images/lens/compound/lens_0405.png,3.443478,1.723859,1.648595,1.311085,1.447926,1.995127,1.800674
lens_0450,1,compound,synthetic_lenses_images/lens/compound/lens_0450.png,2.925565,1.968324,1.628103,1.533111,1.695895,2.018918,2.048913
lens_0045,1,compound,synthetic_lenses_images/lens/compound/lens_0045.png,4.223758,1.379025,1.701772,1.01386,1.741883,2.125138,1.725911
lens_0471,1,compound,synthetic_lenses_images/lens/compound/lens_0471.png,0.394819,1.577691,1.523859,1.681419,1.371465,1.837547,2.061239
lens_0021,1,compound,synthetic_lenses_images/lens/compound/lens_0021.png,3.064215,1.450866,1.836674,1.518209,1.789293,1.621496,2.411292
nonlens_0798,0,none,synthetic_lenses_images/non_lens/nonlens_0798.png,,0.689128,-0.265662,0.661009,0.420613,-0.963876,0.468635
lens_0419,1,compound,synthetic_lenses_images/lens/compound/lens_0419.png,1.806467,1.466561,1.839243,1.380789,1.674263,1.471,1.663709
lens_0442,1,compound,synthetic_lenses_images/lens/compound/lens_0442.png,4.864353,1.524493,1.564931,1.518976,1.569693,2.46656,1.945067
lens_0221,1,compound,synthetic_lenses_images/lens/compound/lens_0221.png,1.992715,1.264823,1.608143,1.439596,1.596082,2.11088,2.0257
nonlens_0175,0,none,synthetic_lenses_images/non_lens/nonlens_0175.png,,-0.278123,-0.891265,0.252235,0.133693,0.768761,-0.495335
lens_0822,1,simple,synthetic_lenses_images/lens/simple/lens_0822.png,2.707241,1.141948,1.492174,0.966985,0.874368,1.482971,1.776989
lens_0677,1,simple,synthetic_lenses_images/lens/simple/lens_0677.png,4.985804,1.237994,0.906505,1.047352,1.375591,1.616225,1.477565
lens_0276,1,compound,synthetic_lenses_images/lens/compound/lens_0276.png,2.355413,1.288528,1.712258,1.486958,1.617994,2.340813,1.945628
lens_0034,1,compound,synthetic_lenses_images/lens/compound/lens_0034.png,1.467998,1.563855,2.061521,1.666505,1.401853,1.696126,1.902915
lens_0280,1,compound,synthetic_lenses_images/lens/compound/lens_0280.png,3.053201,2.09822,2.360023,1.271439,1.733757,1.950985,1.709783
lens_0020,1,compound,synthetic_lenses_images/lens/compound/lens_0020.png,0.758408,1.266045,1.976494,1.306707,1.240874,2.073288,2.318892
lens_0479,1,compound,synthetic_lenses_images/lens/compound/lens_0479.png,4.660768,1.610711,2.135703,1.632958,1.878537,1.504741,2.072806
nonlens_0625,0,none,synthetic_lenses_images/non_lens/nonlens_0625.png,,-0.044063,0.307509,0.469844,-0.614297,0.22416,-0.607335
nonlens_0278,0,none,synthetic_lenses_images/non_lens/nonlens_0278.png,,-0.642539,-0.751725,-0.074926,0.521721,0.446417,-0.694563
nonlens_0986,0,none,synthetic_lenses_images/non_lens/nonlens_0986.png,,-0.460783,-0.501646,-0.792777,-0.984048,0.788432,0.142014
nonlens_0066,0,none,synthetic_lenses_images/non_lens/nonlens_0066.png,,-0.022926,-0.633283,-0.345243,0.887006,-0.487002,0.361811
lens_0274,1,compound,synthetic_lenses_images/lens/compound/lens_0274.png,0.641824,1.316336,2.080439,1.234035,1.179762,1.731252,2.478414
lens_0412,1,compound,synthetic_lenses_images/lens/compound/lens_0412.png,4.273199,1.883009,1.534223,1.436038,1.812858,1.939877,1.540333
lens_0408,1,compound,synthetic_lenses_images/lens/compound/lens_0408.png,4.306148,1.571597,2.144177,1.227077,1.691954,1.61598,2.20348
lens_0327,1,compound,synthetic_lenses_images/lens/compound/lens_0327.png,2.741753,1.458199,2.054905,1.321807,1.570848,2.043936,2.328101
nonlens_0554,0,none,synthetic_lenses_images/non_lens/nonlens_0554.png,,-0.700166,0.247282,0.830637,0.011611,0.437079,-0.692169
nonlens_0889,0,none,synthetic_lenses_images/non_lens/nonlens_0889.png,,-0.276659,-0.393607,-0.426121,0.526134,-0.490529,0.312054
nonlens_0544,0,none,synthetic_lenses_images/non_lens/nonlens_0544.png,,-0.204139,-0.086549,0.188342,-0.92113,0.181265,0.545142
nonlens_0787,0,none,synthetic_lenses_images/non_lens/nonlens_0787.png,,-0.953253,0.189403,-0.746992,0.886536,-0.734598,0.762359
nonlens_0495,0,none,synthetic_lenses_images/non_lens/nonlens_0495.png,,-0.709638,0.567062,0.158559,0.273554,0.137522,-0.706136
lens_0690,1,simple,synthetic_lenses_images/lens/simple/lens_0690.png,1.605171,1.239785,1.009026,1.093857,0.625533,0.867617,1.638029
nonlens_0540,0,none,synthetic_lenses_images/non_lens/nonlens_0540.png,,-0.995497,0.081241,-0.831295,0.681361,-0.639102,0.25835
lens_0919,1,simple,synthetic_lenses_images/lens/simple/lens_0919.png,3.827841,1.025473,1.475162,0.613855,1.245751,1.193209,0.911256
lens_0372,1,compound,synthetic_lenses_images/lens/compound/lens_0372.png,3.45256,1.15036,1.839563,1.46108,1.836231,2.095605,1.852893
lens_0693,1,simple,synthetic_lenses_images/lens/simple/lens_0693.png,0.485073,1.088356,1.186932,0.980976,1.409407,0.783545,1.163601
lens_0801,1,simple,synthetic_lenses_images/lens/simple/lens_0801.png,0.68248,1.059017,1.435718,0.587556,0.996802,1.231213,1.18761
lens_0865,1,simple,synthetic_lenses_images/lens/simple/lens_0865.png,3.311937,0.70617,1.124662,0.829627,0.967735,1.278488,1.658209
nonlens_0992,0,none,synthetic_lenses_images/non_lens/nonlens_0992.png,,-0.770403,0.467678,-0.077058,0.716943,0.728638,0.05753
nonlens_0934,0,none,synthetic_lenses_images/non_lens/nonlens_0934.png,,-0.272819,-0.052637,0.386985,0.788804,0.663193,0.563717
nonlens_0249,0,none,synthetic_lenses_images/non_lens/nonlens_0249.png,,-0.508732,-0.031313,-0.458519,0.136379,0.074817,-0.70732
nonlens_0146,0,none,synthetic_lenses_images/non_lens/nonlens_0146.png,,-0.525964,0.639314,-0.022824,-0.060495,-0.961205,0.021921
nonlens_0670,0,none,synthetic_lenses_images/non_lens/nonlens_0670.png,,0.277763,0.296054,-0.602672,0.180634,0.370311,0.627331
lens_0332,1,compound,synthetic_lenses_images/lens/compound/lens_0332.png,4.749358,2.114147,1.93896,1.266239,1.700289,2.142764,2.289895
lens_0335,1,compound,synthetic_lenses_images/lens/compound/lens_0335.png,1.419242,1.770731,1.680821,1.145478,1.704499,1.864359,2.455359
lens_0097,1,compound,synthetic_lenses_images/lens/compound/lens_0097.png,1.309028,1.861503,1.49169,1.506818,1.467424,1.992878,1.937518
nonlens_0940,0,none,synthetic_lenses_images/non_lens/nonlens_0940.png,,-0.820719,0.71806,0.332441,0.683629,-0.130516,0.414903
lens_0751,1,simple,synthetic_lenses_images/lens/simple/lens_0751.png,4.804564,0.988438,1.461958,0.918404,0.898319,1.216751,1.688811
nonlens_0710,0,none,synthetic_lenses_images/non_lens/nonlens_0710.png,,0.260974,0.093409,0.912852,0.458972,0.732598,-0.07655
nonlens_0621,0,none,synthetic_lenses_images/non_lens/nonlens_0621.png,,-0.44374,-0.395793,0.845089,0.290814,0.629345,0.710371
nonlens_0626,0,none,synthetic_lenses_images/non_lens/nonlens_0626.png,,-0.990175,-0.168831,-0.059807,-0.579166,0.18697,-0.814142
nonlens_0099,0,none,synthetic_lenses_images/non_lens/nonlens_0099.png,,0.06461,0.236578,-0.683439,0.104642,-0.060865,0.966606
lens_0468,1,compound,synthetic_lenses_images/lens/compound/lens_0468.png,3.838517,1.42396,1.799001,1.758762,1.526745,2.151945,2.54019
lens_0318,1,compound,synthetic_lenses_images/lens/compound/lens_0318.png,1.730446,2.003555,1.693933,1.446237,1.731837,1.992456,1.91757
lens_0120,1,compound,synthetic_lenses_images/lens/compound/lens_0120.png,4.284866,1.574731,1.592204,1.551597,1.261313,2.15936,2.368685
lens_0653,1,simple,synthetic_lenses_images/lens/simple/lens_0653.png,2.284776,0.995208,0.968969,0.891589,1.041393,0.993113,1.012115
nonlens_0724,0,none,synthetic_lenses_images/non_lens/nonlens_0724.png,,0.578356,-0.475738,-0.97129,0.581006,-0.378516,-0.152819
lens_0426,1,compound,synthetic_lenses_images/lens/compound/lens_0426.png,3.862856,1.588758,1.825736,0.87364,1.886896,2.179134,2.116046
lens_0619,1,simple,synthetic_lenses_images/lens/simple/lens_0619.png,0.510668,0.65124,1.02396,0.738364,0.805572,1.056244,1.310731
lens_0077,1,compound,synthetic_lenses_images/lens/compound/lens_0077.png,1.7609,1.55533,2.13362,1.571577,1.623876,2.123418,2.403245
lens_0386,1,compound,synthetic_lenses_images/lens/compound/lens_0386.png,0.690217,1.964951,2.072887,1.106209,1.906849,2.139818,1.996301
lens_0540,1,simple,synthetic_lenses_images/lens/simple/lens_0540.png,0.823496,1.221076,1.336267,1.25288,1.013438,1.092291,1.462487
lens_0954,1,simple,synthetic_lenses_images/lens/simple/lens_0954.png,4.664057,1.337121,0.864943,1.070711,1.320545,0.986245,1.542394
lens_0132,1,compound,synthetic_lenses_images/lens/compound/lens_0132.png,3.355722,1.446866,2.160895,1.285839,2.024393,1.951917,2.067708
lens_0586,1,simple,synthetic_lenses_images/lens/simple/lens_0586.png,1.653023,0.896193,1.51507,0.831494,1.442648,1.568031,0.900894
nonlens_0822,0,none,synthetic_lenses_images/non_lens/nonlens_0822.png,,-0.724201,-0.905134,-0.332015,-0.108968,-0.111333,-0.4466
lens_0898,1,simple,synthetic_lenses_images/lens/simple/lens_0898.png,1.291123,0.819405,0.868421,1.001572,0.668131,1.079793,1.447271
lens_0998,1,simple,synthetic_lenses_images/lens/simple/lens_0998.png,2.39434,0.920673,1.248989,1.181511,0.997031,1.524168,0.995621
nonlens_0358,0,none,synthetic_lenses_images/non_lens/nonlens_0358.png,,0.37906,-0.611659,0.982227,0.514629,-0.297235,-0.319638
nonlens_0325,0,none,synthetic_lenses_images/non_lens/nonlens_0325.png,,0.017752,-0.412693,0.411315,-0.197812,0.613932,-0.52975
lens_0184,1,compound,synthetic_lenses_images/lens/compound/lens_0184.png,4.169761,1.411412,2.234968,1.739172,1.437807,2.389415,1.718032
nonlens_0340,0,none,synthetic_lenses_images/non_lens/nonlens_0340.png,,0.438214,0.094246,0.077585,0.511547,-0.910973,-0.334789
nonlens_0649,0,none,synthetic_lenses_images/non_lens/nonlens_0649.png,,-0.114375,0.354137,0.996079,-0.25606,-0.14966,-0.655035
nonlens_0815,0,none,synthetic_lenses_images/non_lens/nonlens_0815.png,,0.450706,-0.858554,-0.484366,-0.909192,-0.29641,0.122961
lens_0314,1,compound,synthetic_lenses_images/lens/compound/lens_0314.png,1.078036,1.227656,1.462602,1.689548,1.58552,1.768415,1.985101
lens_0103,1,compound,synthetic_lenses_images/lens/compound/lens_0103.png,3.109103,1.845015,1.881766,1.659147,1.920825,1.972733,2.307254
nonlens_0965,0,none,synthetic_lenses_images/non_lens/nonlens_0965.png,,-0.382465,-0.769424,-0.816609,0.539927,-0.342369,-0.623248
nonlens_0194,0,none,synthetic_lenses_images/non_lens/nonlens_0194.png,,0.345316,0.778858,0.351421,-0.184348,0.922773,-0.827109
nonlens_0543,0,none,synthetic_lenses_images/non_lens/nonlens_0543.png,,-0.854276,0.302603,0.874134,-0.854493,0.141237,-0.345215
lens_0782,1,simple,synthetic_lenses_images/lens/simple/lens_0782.png,3.58778,1.032887,1.071328,1.123411,1.213635,1.123392,1.630047
lens_0575,1,simple,synthetic_lenses_images/lens/simple/lens_0575.png,2.920515,1.246413,1.108883,0.766595,1.200054,1.072706,1.505509
nonlens_0763,0,none,synthetic_lenses_images/non_lens/nonlens_0763.png,,0.457799,0.196435,0.495398,-0.237323,-0.494734,-0.464401
nonlens_0166,0,none,synthetic_lenses_images/non_lens/nonlens_0166.png,,-0.694739,0.740966,0.001168,-0.354099,0.511926,0.340526
lens_0289,1,compound,synthetic_lenses_images/lens/compound/lens_0289.png,2.900367,1.919594,2.102217,1.414932,1.32462,2.047078,1.573875
nonlens_0838,0,none,synthetic_lenses_images/non_lens/nonlens_0838.png,,0.939669,0.545723,-0.97559,0.380059,0.157956,-0.993992
nonlens_0450,0,none,synthetic_lenses_images/non_lens/nonlens_0450.png,,0.056643,-0.871668,-0.464401,-0.690278,-0.868939,0.393289
nonlens_0456,0,none,synthetic_lenses_images/non_lens/nonlens_0456.png,,0.351502,-0.320139,0.366367,-0.412334,0.918437,0.822866
lens_0643,1,simple,synthetic_lenses_images/lens/simple/lens_0643.png,2.819725,1.130249,0.820239,0.939361,1.10922,1.230066,1.444899
nonlens_0334,0,none,synthetic_lenses_images/non_lens/nonlens_0334.png,,0.566413,0.908579,-0.168398,-0.026212,0.976738,-0.703664
