subset,id_str,object_id,tile_index,right_ascension,declination,segmentation_area,flux_vis_1fwhm_aper,expert_score,grade,expert_total_votes,notes,references
discovery_engine,102018212_NEG586875228512840674,-586875228512840674,102018212,58.68752285840514,-51.28406747996632,425.0,2.567460775375366,0.6584918212909718,C,10,,
discovery_engine,102018213_NEG593949378513971816,-593949378513971816,102018213,59.39493785416396,-51.39718166352838,549.0,1.1068698167800903,0.5149714036347836,C,10,,
discovery_engine,102018664_NEG563268036507955941,-563268036507955941,102018664,56.32680360592957,-50.79559419182407,1517.0,3.184283494949341,0.9703103131506292,C,10,,
discovery_engine,102018664_NEG567205315507560472,-567205315507560472,102018664,56.720531512617406,-50.75604726730761,506.0,0.7606031894683838,0.6794671545997987,C,10,,
discovery_engine,102018664_NEG568184936507936305,-568184936507936305,102018664,56.818493694336254,-50.79363056556148,567.0,1.659345269203186,0.6853498741657789,C,10,,
discovery_engine,102018664_NEG569003084507675615,-569003084507675615,102018664,56.90030849946102,-50.76756153887766,1885.0,3.5574445724487305,1.3745666841435602,C,10,,
discovery_engine,102018665_NEG570040238507752998,-570040238507752998,102018665,57.00402384909541,-50.77529982012066,393.0,1.1681909561157229,2.045863187728441,A,10,,
discovery_engine,102018665_NEG571106993507626859,-571106993507626859,102018665,57.11069931823008,-50.762685951295566,340.0,1.5840332508087158,1.027504789170005,C,10,,
discovery_engine,102018665_NEG574743096508780858,-574743096508780858,102018665,57.47430967033932,-50.87808583470103,2567.0,12.808072090148926,0.5844855757912324,C,10,,
discovery_engine,102018665_NEG574956642507568427,-574956642507568427,102018665,57.49566422966296,-50.75684277550965,670.0,3.480233907699585,0.5319197060311607,C,10,,
discovery_engine,102018665_NEG575039102511275503,-575039102511275503,102018665,57.50391021201791,-51.12755037361557,344.0,1.056502103805542,0.7089882831740365,C,10,,
discovery_engine,102018665_NEG575708432507600685,-575708432507600685,102018665,57.57084324086648,-50.76006850541351,2700.0,13.524538040161133,0.9228008884342984,C,10,,
discovery_engine,102018665_NEG575758716509311713,-575758716509311713,102018665,57.57587163373043,-50.93117135678407,594.0,1.5869077444076538,1.834982189460089,B,10,,
discovery_engine,102018665_NEG576638285511377541,-576638285511377541,102018665,57.66382858460346,-51.13775413003074,404.0,1.7504115104675293,1.2223935098615324,C,9,,
discovery_engine,102018665_NEG576731213511114485,-576731213511114485,102018665,57.673121347036805,-51.11144854158032,945.0,5.481800079345703,1.599934149349789,B,10,,
discovery_engine,102018665_NEG577180676510017164,-577180676510017164,102018665,57.71806767526709,-51.00171647049535,887.0,3.613680601119995,0.9775671352935849,C,9,,
discovery_engine,102018666_NEG579569691510614428,-579569691510614428,102018666,57.95696913266014,-51.06144285150396,6682.0,27.66232109069824,0.8363538773658231,C,10,,
discovery_engine,102018666_NEG579803985510296346,-579803985510296346,102018666,57.980398532025646,-51.02963460927528,627.0,3.137413740158081,0.962951061209633,C,10,,
discovery_engine,102018666_NEG579859279508531437,-579859279508531437,102018666,57.9859279150053,-50.8531437640506,2184.0,9.095101356506348,2.548566338693304,A,8,,
discovery_engine,102018666_NEG580139125507654891,-580139125507654891,102018666,58.01391258234002,-50.76548915494569,269.0,2.0099682807922363,0.6109084925331717,C,10,,
discovery_engine,102018666_NEG580195664508124988,-580195664508124988,102018666,58.01956646581446,-50.81249880450096,751.0,1.6644482612609863,0.9120639096000124,C,10,,
discovery_engine,102018666_NEG582914420511863290,-582914420511863290,102018666,58.291442016610894,-51.18632902696886,2582.0,12.655329704284668,0.6381299095040164,C,9,,
discovery_engine,102018666_NEG584983484511170507,-584983484511170507,102018666,58.49834843429984,-51.1170507495606,242.0,2.2322216033935547,0.5825307735007618,C,10,,
discovery_engine,102018667_NEG587746535508057234,-587746535508057234,102018667,58.77465354947828,-50.80572343047943,747.0,3.162593364715576,2.2442814828449515,A,10,,
discovery_engine,102018667_NEG589105921512438416,-589105921512438416,102018667,58.9105921712665,-51.24384165288845,1065.0,5.121453762054443,0.6319197060311605,C,10,,
discovery_engine,102018667_NEG589417021511139044,-589417021511139044,102018667,58.94170210042575,-51.11390440493658,924.0,2.997748613357544,1.1101066752335118,C,9,,
discovery_engine,102018667_NEG589550018511894248,-589550018511894248,102018667,58.9550018014418,-51.18942481131185,2574.0,13.770560264587402,0.5319197060311607,C,10,,
discovery_engine,102018667_NEG589887101511102716,-589887101511102716,102018667,58.98871016138621,-51.11027164213072,480.0,3.635968208312988,1.3319197060311605,C,10,,
discovery_engine,102018667_NEG590185750511098713,-590185750511098713,102018667,59.01857502554681,-51.10987133174612,610.0,1.690346121788025,0.9101882891410524,C,9,,
discovery_engine,102018667_NEG591597186512015445,-591597186512015445,102018667,59.15971860720444,-51.20154451507061,548.0,5.200730323791504,0.7419375908488515,C,10,,
discovery_engine,102018667_NEG591758931510313586,-591758931510313586,102018667,59.17589319211659,-51.0313586995926,1537.0,3.6001687049865723,0.7080834989151169,C,10,,
discovery_engine,102018668_NEG593675473508702104,-593675473508702104,102018668,59.36754734951189,-50.870210403628136,2428.0,6.125396251678467,0.5656804633480639,C,10,,
discovery_engine,102018668_NEG595634377509589463,-595634377509589463,102018668,59.56343777735957,-50.95894636337111,561.0,2.973397254943848,1.1394373509384912,C,10,,
discovery_engine,102018668_NEG595646727509469177,-595646727509469177,102018668,59.56467277951752,-50.94691775377698,1555.0,4.433065414428711,2.528274627926784,A,11,dspl,
discovery_engine,102018668_NEG597908760511024082,-597908760511024082,102018668,59.79087607554281,-51.10240825240414,831.0,2.3246712684631348,0.7581050924301495,C,10,,
discovery_engine,102018668_NEG598923486510538443,-598923486510538443,102018668,59.89234864727691,-51.05384439760103,429.0,0.9563918113708496,0.9104652275350532,C,10,,
discovery_engine,102018669_NEG601684435509816335,-601684435509816335,102018669,60.1684435174116,-50.981633515521466,615.0,5.010748863220215,0.7459147093843239,C,9,,
discovery_engine,102018669_NEG601964314507851429,-601964314507851429,102018669,60.19643143166767,-50.78514291282703,1207.0,4.581732749938965,1.1863591377597245,C,10,,
discovery_engine,102018669_NEG604403093508670222,-604403093508670222,102018669,60.44030936725343,-50.86702224808167,336.0,1.2720738649368286,0.6063353068514583,C,10,,
discovery_engine,102018669_NEG604678157511451264,-604678157511451264,102018669,60.46781574265805,-51.14512642201725,443.0,2.784095525741577,0.8130398539557093,C,9,,
discovery_engine,102018669_NEG605783133510521407,-605783133510521407,102018669,60.57831333806972,-51.05214070110254,1604.0,5.46549654006958,0.5457433156163584,C,10,,
discovery_engine,102018669_NEG605929929511225883,-605929929511225883,102018669,60.5929929426505,-51.12258839207081,471.0,2.667868137359619,1.4714659863586923,C,9,,
discovery_engine,102018669_NEG605949431508197817,-605949431508197817,102018669,60.59494315401936,-50.81978179314192,504.0,1.4274859428405762,0.6468176130644135,C,8,,
discovery_engine,102018669_NEG607000407509212555,-607000407509212555,102018669,60.700040749125485,-50.921255533784446,4684.0,13.872017860412598,1.2039162899234843,C,10,,
discovery_engine,102019122_NEG563284076503466227,-563284076503466227,102019122,56.32840765927215,-50.3466227102413,490.0,2.576726198196411,0.7104652275350531,C,10,,
discovery_engine,102019123_NEG564667438505382529,-564667438505382529,102019123,56.46674380313999,-50.538252942693255,5915.0,12.500985145568848,2.803750875856505,A,10,,
discovery_engine,102019123_NEG565989866504244155,-565989866504244155,102019123,56.59898669770685,-50.42441556247881,655.0,2.5907998085021973,0.6442814828449517,C,10,,
discovery_engine,102019123_NEG566201292503420992,-566201292503420992,102019123,56.62012921988582,-50.34209924607583,2591.0,8.859371185302734,0.6309522899843176,C,11,,
discovery_engine,102019123_NEG566218369503581965,-566218369503581965,102019123,56.62183694777468,-50.35819659647207,709.0,0.7154108881950378,0.819844749882886,C,10,,
discovery_engine,102019123_NEG566824226505571799,-566824226505571799,102019123,56.68242268022134,-50.557179990132894,1265.0,3.216048002243042,1.1319197060311603,C,10,,
discovery_engine,102019123_NEG567245233502945885,-567245233502945885,102019123,56.724523328272205,-50.294588554343285,1638.0,6.281939506530762,2.1256137413532934,A,10,,
discovery_engine,102019123_NEG567857837505428781,-567857837505428781,102019123,56.78578379797404,-50.54287810862769,4154.0,6.598724842071533,0.767815962697625,C,10,,
discovery_engine,102019123_NEG569980657505738269,-569980657505738269,102019123,56.99806572021527,-50.573826912409,585.0,1.1917587518692017,0.8062786427306063,C,10,,
discovery_engine,102019123_NEG570066171504686424,-570066171504686424,102019123,57.00661716619804,-50.46864240764122,890.0,2.277141571044922,0.9319197060311606,C,10,,
discovery_engine,102019123_NEG570782340506662951,-570782340506662951,102019123,57.07823408111866,-50.66629511724516,684.0,1.7056035995483398,0.6656804633480639,C,10,,
discovery_engine,102019124_NEG572893989502570421,-572893989502570421,102019124,57.28939899045425,-50.25704215991417,916.0,2.7694408893585205,1.9510787266830345,B,10,,
discovery_engine,102019124_NEG573420294504324164,-573420294504324164,102019124,57.34202946715047,-50.43241642544997,2563.0,5.716518878936768,0.56616175219849,C,10,,
discovery_engine,102019124_NEG574060279507207851,-574060279507207851,102019124,57.406027990093584,-50.72078512064455,359.0,1.1154550313949585,0.6318642080381655,C,10,,
discovery_engine,102019124_NEG574147731505235424,-574147731505235424,102019124,57.414773109282095,-50.52354240969896,367.0,1.494638204574585,1.3421036487827944,C,10,,
discovery_engine,102019124_NEG574984532503267083,-574984532503267083,102019124,57.49845329999383,-50.32670835272138,4065.0,7.602129459381103,0.8825307735007618,C,10,,
discovery_engine,102019124_NEG575273324506506463,-575273324506506463,102019124,57.52733241758153,-50.65064636087737,1478.0,2.4864540100097656,0.6703103131506293,C,10,,
discovery_engine,102019124_NEG575416622502744789,-575416622502744789,102019124,57.54166228820691,-50.2744789716306,323.0,1.0827621221542358,0.5062786427306064,C,10,,
discovery_engine,102019124_NEG575503353507276669,-575503353507276669,102019124,57.55033532257207,-50.7276669578969,323.0,1.0550634860992432,0.685349874165779,C,10,,
discovery_engine,102019124_NEG576493068503715486,-576493068503715486,102019124,57.6493068134338,-50.37154865789523,528.0,2.0844149589538574,0.7085596038064395,C,10,,
discovery_engine,102019124_NEG577418001504716041,-577418001504716041,102019124,57.74180015037581,-50.47160415517531,6817.0,11.817194938659668,1.0796518576430896,C,10,,
discovery_engine,102019124_NEG578795119506277554,-578795119506277554,102019124,57.879511907332,-50.62775540071755,1072.0,5.5602545738220215,1.4072614281591824,C,10,,
discovery_engine,102019125_NEG579646336504831483,-579646336504831483,102019125,57.964633601957054,-50.48314831661219,401.0,1.494686484336853,1.2442814828449515,C,10,,
discovery_engine,102019125_NEG582005791502787660,-582005791502787660,102019125,58.20057914780079,-50.27876606546978,359.0,1.137946367263794,0.7631521857626014,C,10,,
discovery_engine,102019125_NEG582286758506924479,-582286758506924479,102019125,58.22867581153443,-50.69244796592012,7385.0,10.985296249389648,0.6137047923946773,C,10,,
discovery_engine,102019125_NEG583028233504223644,-583028233504223644,102019125,58.30282338830154,-50.422364440621735,8304.0,10.793225288391112,2.721186845276617,A,10,,
discovery_engine,102019125_NEG583679359505885963,-583679359505885963,102019125,58.367935910423725,-50.58859638157823,739.0,2.3856680393218994,1.4931386134529243,C,10,,
discovery_engine,102019125_NEG586359480506090347,-586359480506090347,102019125,58.635948080698455,-50.6090347691809,1911.0,5.438447952270508,1.860921363124318,B,10,,
discovery_engine,102019125_NEG586683051506706574,-586683051506706574,102019125,58.66830510423016,-50.6706574468481,872.0,1.995390772819519,0.5754748027353342,C,10,,
discovery_engine,102019125_NEG587243961503822475,-587243961503822475,102019125,58.72439612689857,-50.38224758281347,1473.0,4.14865255355835,0.6502331248352763,C,10,,
discovery_engine,102019126_NEG588134957503556967,-588134957503556967,102019126,58.81349572904159,-50.35569677422927,444.0,1.2188133001327517,0.7085596038064395,C,10,,
discovery_engine,102019126_NEG589311300503468911,-589311300503468911,102019126,58.9311300177688,-50.3468911912738,661.0,3.1561882495880127,0.5319197060311607,C,10,,
discovery_engine,102019126_NEG589597149505340169,-589597149505340169,102019126,58.95971490317726,-50.534016951929694,1125.0,1.8123581409454343,1.5581050924301494,B,10,,
discovery_engine,102019126_NEG589666030505609975,-589666030505609975,102019126,58.96660305543228,-50.56099752385071,2780.0,14.662884712219238,1.55024708292495,B,10,,
discovery_engine,102019126_NEG592392693503503757,-592392693503503757,102019126,59.23926938550915,-50.35037579584372,1945.0,2.5262668132781982,0.6442814828449517,C,10,,
discovery_engine,102019126_NEG593168717504793029,-593168717504793029,102019126,59.3168717019941,-50.479302988634885,333.0,1.6872142553329468,1.111821515680425,C,8,,
discovery_engine,102019126_NEG594292561503070502,-594292561503070502,102019126,59.42925619324247,-50.30705023155713,1005.0,14.246468544006348,0.5866567546292912,C,10,,
discovery_engine,102019127_NEG596525941504553950,-596525941504553950,102019127,59.65259418635493,-50.45539508343109,521.0,2.059556007385254,1.5442814828449516,B,10,,
discovery_engine,102019127_NEG597414722503137956,-597414722503137956,102019127,59.74147221322524,-50.31379562298008,3894.0,7.352463722229004,0.8319197060311605,C,10,,
discovery_engine,102019127_NEG598433879506726644,-598433879506726644,102019127,59.843387907068745,-50.67266443573115,578.0,2.749713897705078,0.9651251070789116,C,10,,
discovery_engine,102019127_NEG598523367504401932,-598523367504401932,102019127,59.85233674701816,-50.44019327178667,861.0,6.016843795776367,2.2319197060311606,A,10,edge-on,
discovery_engine,102019127_NEG598818802502691765,-598818802502691765,102019127,59.88188028354981,-50.269176548621616,2314.0,8.249616622924805,0.7823391416020335,C,10,,
discovery_engine,102019127_NEG599213871503841647,-599213871503841647,102019127,59.921387193993134,-50.384164703621295,1577.0,4.661495208740234,0.7530860897329071,C,10,,
discovery_engine,102019127_NEG600585702506652323,-600585702506652323,102019127,60.05857024580175,-50.665232340817234,685.0,2.626189708709717,1.6575052713387195,B,10,,
discovery_engine,102019127_NEG602457249505135752,-602457249505135752,102019127,60.24572499032604,-50.51357525086316,602.0,3.7058119773864746,1.0085596038064395,C,10,,
discovery_engine,102019128_NEG603754975502582871,-603754975502582871,102019128,60.375497572992494,-50.25828711632549,531.0,1.2939481735229492,0.6319197060311605,C,10,,
discovery_engine,102019128_NEG603889421505269405,-603889421505269405,102019128,60.38894214378804,-50.5269405748275,690.0,1.996738314628601,0.7538815892922396,C,10,,
discovery_engine,102019128_NEG604272014506347353,-604272014506347353,102019128,60.42720146777582,-50.63473530253741,4583.0,15.06186294555664,0.6606428005173427,C,9,,
discovery_engine,102019128_NEG604519794503522601,-604519794503522601,102019128,60.45197948543287,-50.35226011453324,462.0,1.4312127828598022,1.3790010903230412,C,11,,
discovery_engine,102019128_NEG604893006504279963,-604893006504279963,102019128,60.48930066061335,-50.42799637022507,707.0,2.572848558425904,0.7334670081828676,C,10,,
discovery_engine,102019128_NEG605224276503811049,-605224276503811049,102019128,60.52242765779537,-50.38110496263911,1500.0,4.218774795532227,1.184721026981186,C,10,,
discovery_engine,102019128_NEG605793639505199951,-605793639505199951,102019128,60.5793639929334,-50.519995128217566,714.0,2.512703418731689,0.7846103501232358,C,10,,
discovery_engine,102019128_NEG606586859502803773,-606586859502803773,102019128,60.6586859640094,-50.28037738565346,638.0,2.1900501251220703,1.1059491830448858,C,8,,
discovery_engine,102019128_NEG607555025503027911,-607555025503027911,102019128,60.75550251121874,-50.30279115677251,2325.0,9.168542861938477,2.766359627313031,A,10,,
discovery_engine,102019128_NEG607985898505032672,-607985898505032672,102019128,60.79858988166666,-50.50326725831778,1081.0,5.292588233947754,0.8504584040745893,C,9,,
discovery_engine,102019128_NEG608762015506575350,-608762015506575350,102019128,60.876201530545,-50.65753507455612,2110.0,6.153937339782715,1.275280569795352,C,10,,
discovery_engine,102019128_NEG608928997504779012,-608928997504779012,102019128,60.892899780474096,-50.47790122954819,1260.0,18.47055625915528,2.0631521857626014,A,10,,
discovery_engine,102019128_NEG609199218505469854,-609199218505469854,102019128,60.9199218918089,-50.54698542476139,838.0,4.845914363861084,0.995181396908176,C,10,,
discovery_engine,102019128_NEG609351519505569407,-609351519505569407,102019128,60.935151908727576,-50.55694074341438,1868.0,5.540249824523926,0.8413582930431145,C,10,,
discovery_engine,102019128_NEG609567676503097321,-609567676503097321,102019128,60.95676760318637,-50.30973218791247,11269.0,11.445175170898438,1.4132199653687016,C,9,,
discovery_engine,102019128_NEG609723701504645522,-609723701504645522,102019128,60.97237010457565,-50.46455227797104,777.0,5.633181571960449,1.5261694809230697,B,10,,
discovery_engine,102019129_NEG611776570503439805,-611776570503439805,102019129,61.17765703431937,-50.34398055829754,1528.0,5.700444221496582,0.8295643024134861,C,10,,
discovery_engine,102019129_NEG612030189506211146,-612030189506211146,102019129,61.20301897349057,-50.62111469241556,880.0,1.6013505458831787,0.9309060067286749,C,10,,
discovery_engine,102019129_NEG612477754504657380,-612477754504657380,102019129,61.24777541067991,-50.465738083352,1651.0,6.686864852905273,0.6510787266830347,C,10,,
discovery_engine,102019129_NEG612763381506384262,-612763381506384262,102019129,61.27633814377302,-50.63842627500872,610.0,0.7255291938781738,0.5331226908491404,C,9,,
discovery_engine,102019129_NEG613403920507310265,-613403920507310265,102019129,61.34039208577767,-50.731026501456455,397.0,2.0795724391937256,0.7448068764098748,C,10,,
discovery_engine,102019129_NEG615133860502575765,-615133860502575765,102019129,61.51338602223578,-50.25757656304853,14954.0,22.45858764648437,1.1720997072916268,C,10,,
discovery_engine,102019129_NEG615688721504232664,-615688721504232664,102019129,61.56887213812957,-50.423266432624246,688.0,3.022255182266236,1.3841733838914756,C,7,,
discovery_engine,102019129_NEG615759676505667435,-615759676505667435,102019129,61.57596762925991,-50.566743554989294,771.0,2.3477139472961426,1.3825307735007617,C,10,,
discovery_engine,102019129_NEG616647283503737533,-616647283503737533,102019129,61.66472833389472,-50.37375332092584,2943.0,7.523105621337891,1.3718573845777016,C,9,,
discovery_engine,102019129_NEG616917594505081926,-616917594505081926,102019129,61.69175947200549,-50.50819267957812,440.0,0.8094509840011597,0.9581050924301492,C,10,,
discovery_engine,102019129_NEG617672661504204895,-617672661504204895,102019129,61.767266142832256,-50.42048955522782,1005.0,4.958911895751953,1.9247325967837148,B,9,,
discovery_engine,102019130_NEG624717039503299913,-624717039503299913,102019130,62.47170395659861,-50.32999130290006,283.0,1.4406765699386597,1.389103165365404,C,10,,
discovery_engine,102019131_NEG626148898503257561,-626148898503257561,102019131,62.61488980991852,-50.32575613428242,3773.0,8.069465637207031,1.7984299976640037,B,11,,
discovery_engine,102019131_NEG628000816503335709,-628000816503335709,102019131,62.80008165328455,-50.33357099197679,973.0,4.6598286628723145,0.9144372698367592,C,9,,
discovery_engine,102019131_NEG628682412503155979,-628682412503155979,102019131,62.8682412962774,-50.31559795320052,211.0,2.4950497150421143,0.5218176130644135,C,8,,
discovery_engine,102019585_NEG552668596499813636,-552668596499813636,102019585,55.26685966154051,-49.98136369901716,612.0,1.95027756690979,0.7025103745614927,C,9,,
discovery_engine,102019585_NEG554244897499520517,-554244897499520517,102019585,55.424489773047206,-49.95205175779687,5796.0,9.418932914733888,0.5057958995110152,C,10,,
discovery_engine,102019585_NEG557085358497531352,-557085358497531352,102019585,55.70853582387133,-49.75313527001665,575.0,1.308152675628662,0.7104652275350531,C,10,,
discovery_engine,102019586_NEG558334447499824164,-558334447499824164,102019586,55.83344478599768,-49.98241645518266,1355.0,12.273674964904783,0.6319197060311605,C,10,,
discovery_engine,102019586_NEG559019060497801004,-559019060497801004,102019586,55.90190602082468,-49.780100400931566,1677.0,4.644778251647949,0.7831612123579682,C,10,,
discovery_engine,102019586_NEG559796564500218735,-559796564500218735,102019586,55.97965644927208,-50.02187355234926,415.0,2.295292377471924,1.0885033442739742,C,10,,
discovery_engine,102019586_NEG560348714499265554,-560348714499265554,102019586,56.03487142987608,-49.92655547525728,585.0,0.735188364982605,1.0442814828449516,C,10,,
discovery_engine,102019586_NEG564463213499964061,-564463213499964061,102019586,56.446321381015146,-49.99640612068045,3082.0,7.647233009338379,2.316547963612561,A,10,,
discovery_engine,102019587_NEG567738906499954643,-567738906499954643,102019587,56.77389064410549,-49.995464326343146,7209.0,17.132089614868164,0.6640294403127642,C,10,,
discovery_engine,102019587_NEG568934592498038349,-568934592498038349,102019587,56.89345921713251,-49.80383490744296,1866.0,9.029253005981444,1.113910711971914,C,10,,
discovery_engine,102019587_NEG569380954497924981,-569380954497924981,102019587,56.93809545828947,-49.79249811828738,1921.0,4.44106388092041,1.7315872696441648,B,9,,
discovery_engine,102019587_NEG571125391500264340,-571125391500264340,102019587,57.11253911941329,-50.026434030363895,2175.0,7.880044937133789,0.6104652275350532,C,10,,
discovery_engine,102019587_NEG571978440501218561,-571978440501218561,102019587,57.19784409929741,-50.121856123107,1774.0,5.83010721206665,0.8753887548994946,C,10,,
discovery_engine,102019588_NEG573889828501623754,-573889828501623754,102019588,57.388982892853264,-50.16237548056545,291.0,2.1126043796539307,0.8072614281591823,C,10,,
discovery_engine,102019588_NEG574476457499273467,-574476457499273467,102019588,57.44764575477881,-49.92734670639595,1772.0,6.397693634033203,1.0808711733523464,C,9,,
discovery_engine,102019588_NEG574820892501854793,-574820892501854793,102019588,57.48208921808456,-50.185479312397824,1339.0,6.651768684387207,1.440498111687633,C,10,,
discovery_engine,102019588_NEG576940500501085311,-576940500501085311,102019588,57.69405005356776,-50.108531146574514,395.0,1.166612982749939,1.5218176130644134,B,8,,
discovery_engine,102019588_NEG577355042499315898,-577355042499315898,102019588,57.735504224419664,-49.93158980613251,265.0,1.3706679344177246,0.9174100725147712,C,9,,
discovery_engine,102019588_NEG578971794500020297,-578971794500020297,102019588,57.897179491933954,-50.00202976923275,1411.0,5.587118625640869,1.32616948092307,C,10,,
discovery_engine,102019588_NEG579701082500360056,-579701082500360056,102019588,57.970108263598846,-50.03600562539267,2324.0,5.375800609588623,1.3886660347878472,C,9,,
discovery_engine,102019588_NEG579781735502176069,-579781735502176069,102019588,57.9781735251624,-50.21760698874812,248.0,1.2842555046081543,2.79672451010939,A,10,,
discovery_engine,102019588_NEG579917956499934487,-579917956499934487,102019588,57.99179562753764,-49.99344870600257,2213.0,0.9819849729537964,1.0517471485405951,C,10,,
discovery_engine,102019588_NEG580735286500692047,-580735286500692047,102019588,58.07352867632604,-50.06920475571224,410.0,1.010105013847351,0.7789748138579197,C,10,,
discovery_engine,102019588_NEG581189290502362418,-581189290502362418,102019588,58.11892905861379,-50.23624183385024,261.0,1.1796942949295044,2.617999324989486,A,10,,
discovery_engine,102019589_NEG582431953498713874,-582431953498713874,102019589,58.2431953292742,-49.871387405646544,606.0,2.2341020107269287,0.7053857584791261,C,10,,
discovery_engine,102019589_NEG582670727497879925,-582670727497879925,102019589,58.267072790991016,-49.78799257097961,695.0,5.082931995391846,0.5038969141106702,C,10,,
discovery_engine,102019589_NEG583262242500779664,-583262242500779664,102019589,58.32622427436208,-50.07796644696826,2133.0,14.272470474243164,0.9101882891410524,C,9,,
discovery_engine,102019589_NEG583678035502482406,-583678035502482406,102019589,58.36780357876576,-50.24824069540905,4433.0,7.153298377990723,0.6086852166893484,C,10,,
discovery_engine,102019590_NEG590422037500023527,-590422037500023527,102019590,59.0422037304982,-50.00235271880997,403.0,1.898745894432068,0.5075048242389835,C,10,,
discovery_engine,102019590_NEG590843564499562054,-590843564499562054,102019590,59.08435649176262,-49.956205403697886,3847.0,16.142526626586914,1.800379054757932,B,10,,
discovery_engine,102019590_NEG591054054500678215,-591054054500678215,102019590,59.105405439743045,-50.067821595852095,382.0,1.2250607013702393,1.1351403873298072,C,10,,
discovery_engine,102019590_NEG592152439501651201,-592152439501651201,102019590,59.2152439254424,-50.16512010633686,1441.0,7.902557373046875,0.989103165365404,C,10,,
discovery_engine,102019590_NEG592339494501595837,-592339494501595837,102019590,59.23394947097306,-50.15958370512504,666.0,6.086793899536133,1.3947359942212416,C,10,,
discovery_engine,102019590_NEG593299724501429153,-593299724501429153,102019590,59.32997247310861,-50.1429153877131,761.0,1.3613044023513794,0.7149714036347835,C,10,,
discovery_engine,102019590_NEG593617089500569920,-593617089500569920,102019590,59.3617089772134,-50.05699205091705,1128.0,2.0182125568389893,0.7850647439704493,C,9,,
discovery_engine,102019590_NEG595305472497722697,-595305472497722697,102019590,59.53054723155813,-49.772269759239386,1453.0,4.572706699371338,0.6667744723478088,C,9,,
discovery_engine,102019591_NEG596854161497904051,-596854161497904051,102019591,59.685416151464686,-49.79040518851991,3679.0,12.325081825256348,0.5358400409506925,C,11,,
discovery_engine,102019591_NEG597348936501788330,-597348936501788330,102019591,59.73489360361414,-50.17883302062988,4722.0,20.754135131835938,0.7442814828449515,C,10,,
discovery_engine,102019591_NEG598036771501180809,-598036771501180809,102019591,59.8036771328505,-50.11808095516636,722.0,2.593254327774048,0.5538815892922396,C,10,,
discovery_engine,102019591_NEG599126647497880336,-599126647497880336,102019591,59.912664773755495,-49.78803366424765,22394.0,16.824939727783203,0.6257000053662249,C,10,,
discovery_engine,102019591_NEG599759118499042739,-599759118499042739,102019591,59.975911892251055,-49.904273986620765,504.0,1.9040881395339968,0.9581050924301492,C,10,,
discovery_engine,102019591_NEG600521539502419334,-600521539502419334,102019591,60.052153994387446,-50.24193342971328,804.0,3.4163410663604736,0.709637527474626,C,10,,
discovery_engine,102019591_NEG601262127497789761,-601262127497789761,102019591,60.12621270410937,-49.77897610775357,435.0,1.24327552318573,0.8226502756886557,C,10,,
discovery_engine,102019591_NEG601417531499600002,-601417531499600002,102019591,60.14175313788287,-49.96000027775544,2209.0,8.430671691894531,1.8946156684180384,B,10,,
discovery_engine,102019591_NEG601736526502472309,-601736526502472309,102019591,60.1736526831724,-50.247230955097706,362.0,1.5688689947128296,1.082530773500762,C,10,,
discovery_engine,102019591_NEG601860132501221718,-601860132501221718,102019591,60.18601327131462,-50.12217188765516,706.0,3.3257997035980225,0.933409980841826,C,10,,
discovery_engine,102019591_NEG602036095501183123,-602036095501183123,102019591,60.20360950811847,-50.11831236625129,40474.0,72.7609634399414,1.4947359942212417,C,10,,
discovery_engine,102019591_NEG604072481500474493,-604072481500474493,102019591,60.40724810676311,-50.047449362977815,444.0,4.231509685516357,0.9936953816896108,C,11,,
discovery_engine,102019592_NEG604756344499945233,-604756344499945233,102019592,60.47563441807631,-49.99452335812687,6856.0,9.31131362915039,1.0538815892922395,C,10,,
discovery_engine,102019592_NEG605469351501047604,-605469351501047604,102019592,60.54693515231928,-50.10476049450583,570.0,1.37659752368927,1.3719941424967943,C,10,,
discovery_engine,102019592_NEG606252390500403749,-606252390500403749,102019592,60.625239031623614,-50.04037497146062,796.0,2.6579039096832275,0.6538815892922396,C,10,,
discovery_engine,102019592_NEG606434619500983922,-606434619500983922,102019592,60.64346193262833,-50.09839222917177,358.0,3.269572496414185,2.922103806644001,A,12,,
discovery_engine,102019592_NEG608830030500394501,-608830030500394501,102019592,60.88300307031237,-50.03945011679212,3570.0,10.845706939697266,0.8442814828449515,C,10,,
discovery_engine,102019592_NEG608949882499071548,-608949882499071548,102019592,60.89498827384136,-49.90715485523148,341.0,1.5374077558517456,0.8333572541026302,C,9,,
discovery_engine,102019592_NEG610065683497870386,-610065683497870386,102019592,61.00656839878362,-49.78703864602433,276.0,1.3951091766357422,1.0072614281591823,C,10,,
discovery_engine,102019592_NEG610258002500304046,-610258002500304046,102019592,61.02580021195564,-50.030404660551405,401.0,2.704150915145874,0.8080834989151169,C,10,,
discovery_engine,102019592_NEG610676120497555537,-610676120497555537,102019592,61.067612047520605,-49.75555375153823,406.0,2.3865294456481934,0.8979463844393448,C,9,,
discovery_engine,102019592_NEG612030437497881939,-612030437497881939,102019592,61.20304378715329,-49.78819396545546,419.0,2.4787518978118896,0.7101882891410526,C,9,,
discovery_engine,102019593_NEG612269334502356628,-612269334502356628,102019593,61.2269334375336,-50.23566282725229,4267.0,18.052059173583984,1.8371467610974928,B,10,,
discovery_engine,102019593_NEG615842606499650508,-615842606499650508,102019593,61.58426063214085,-49.96505087132431,2645.0,11.253358840942385,1.3125855458097064,C,10,,
discovery_engine,102019593_NEG617818832499820800,-617818832499820800,102019593,61.78188325707131,-49.98208002304971,10926.0,12.864052772521973,0.6984696191583615,C,10,,
discovery_engine,102019593_NEG617870550501223546,-617870550501223546,102019593,61.78705503241815,-50.12235464091184,1176.0,3.648157835006714,0.7865150555614763,C,10,,
discovery_engine,102019593_NEG619617117499852908,-619617117499852908,102019593,61.961711745518016,-49.98529081754732,1164.0,3.469276428222656,1.0206081588664315,C,11,,
discovery_engine,102019594_NEG620674289499906917,-620674289499906917,102019594,62.06742890649973,-49.99069179962718,330.0,1.0800281763076782,0.6253734300810642,C,10,,
discovery_engine,102019594_NEG620978815501656388,-620978815501656388,102019594,62.09788156139889,-50.16563882716289,790.0,2.365162372589112,2.363152185762601,A,10,edge-on,
discovery_engine,102019594_NEG621162039498971275,-621162039498971275,102019594,62.11620399966503,-49.89712754852899,1278.0,4.501215934753418,0.7504584040745893,C,9,,
discovery_engine,102019594_NEG622823631498946266,-622823631498946266,102019594,62.28236310130245,-49.89462667115618,1018.0,2.499764204025269,0.960185051067986,C,10,,
discovery_engine,102019594_NEG624927287497718014,-624927287497718014,102019594,62.4927287240262,-49.771801490762,736.0,1.5954208374023438,0.5719941424967946,C,10,,
discovery_engine,102019594_NEG626058089502440974,-626058089502440974,102019594,62.605808983768064,-50.24409746161536,743.0,5.507192611694336,0.5586540976009491,C,10,,
discovery_engine,102019594_NEG626822604501856037,-626822604501856037,102019594,62.682260495843074,-50.18560371179319,376.0,1.2184473276138306,0.9072614281591824,C,10,,
discovery_engine,102019595_NEG627601908501239659,-627601908501239659,102019595,62.76019088309872,-50.12396597187511,712.0,6.37589168548584,0.8956458052252554,C,10,,
discovery_engine,102019595_NEG630246532498667881,-630246532498667881,102019595,63.02465323974107,-49.8667881732315,426.0,0.6466230750083923,2.07662399229936,A,10,,
discovery_engine,102019595_NEG631457405500289252,-631457405500289252,102019595,63.14574051943338,-50.02892529631968,1036.0,9.887269020080566,1.2228008884342985,C,10,,
discovery_engine,102019595_NEG631489067498086687,-631489067498086687,102019595,63.148906717163214,-49.80866878732102,1014.0,3.5466020107269287,0.5794671545997987,C,10,,
discovery_engine,102019595_NEG633534637498055942,-633534637498055942,102019595,63.35346379000361,-49.80559420367669,598.0,5.777797222137451,0.7551873969255282,C,10,,
discovery_engine,102019595_NEG633586998498669977,-633586998498669977,102019595,63.35869986561454,-49.866997750181646,250.0,1.6105440855026243,1.2394928489314865,C,10,,
discovery_engine,102019595_NEG633806281498354110,-633806281498354110,102019595,63.3806281517449,-49.83541109615659,741.0,2.2012393474578857,0.7703103131506293,C,10,,
discovery_engine,102019595_NEG634312844497808866,-634312844497808866,102019595,63.43128445945262,-49.78088661590337,341.0,0.9005868434906006,1.0719941424967945,C,10,,
discovery_engine,102019596_NEG637748088500119037,-637748088500119037,102019596,63.77480885130131,-50.01190374108312,5985.0,7.631491184234619,1.908134482516397,B,10,,
discovery_engine,102020054_NEG553555547496336062,-553555547496336062,102020054,55.35555472087287,-49.63360621597244,894.0,3.969771862030029,1.0453629461516605,C,10,,
discovery_engine,102020054_NEG554200007495943397,-554200007495943397,102020054,55.420000765976376,-49.59433979778591,1041.0,4.420390605926514,0.8298229439267837,C,10,,
discovery_engine,102020054_NEG554364696495554940,-554364696495554940,102020054,55.43646960793195,-49.55549405557734,838.0,1.2970516681671145,1.5228008884342985,B,10,,
discovery_engine,102020054_NEG555738260495481326,-555738260495481326,102020054,55.57382601848325,-49.54813263966917,1548.0,6.101322174072266,1.2170776415319005,C,8,,
discovery_engine,102020054_NEG556039881494447993,-556039881494447993,102020054,55.60398811830837,-49.444799358321575,600.0,1.109278678894043,1.4823391416020335,C,10,,
discovery_engine,102020054_NEG556215936492901652,-556215936492901652,102020054,55.62159369817304,-49.290165222546975,1155.0,4.882791042327881,1.8177636600589675,B,9,,
discovery_engine,102020054_NEG556581375495426520,-556581375495426520,102020054,55.65813750448219,-49.54265202217622,592.0,4.16256856918335,1.445328727166562,C,9,,
discovery_engine,102020054_NEG557193388494017323,-557193388494017323,102020054,55.71933889529605,-49.401732340312,1776.0,5.901413440704346,0.6228008884342986,C,10,,
discovery_engine,102020054_NEG557765534495422197,-557765534495422197,102020054,55.776553443931306,-49.54221974886472,2622.0,9.508759498596191,0.6108997928131281,C,10,,
discovery_engine,102020054_NEG558088402496172353,-558088402496172353,102020054,55.80884027697329,-49.6172353349746,745.0,3.4943814277648926,0.7631672576905567,C,10,,
discovery_engine,102020054_NEG558177584493577271,-558177584493577271,102020054,55.81775848252754,-49.35772710418365,1361.0,6.228904724121094,1.2157628358767518,C,10,,
discovery_engine,102020054_NEG559034477494516927,-559034477494516927,102020054,55.903447766034944,-49.451692727610144,237.0,1.6084092855453491,0.57265378515696,C,10,,
discovery_engine,102020054_NEG559052005496766427,-559052005496766427,102020054,55.90520058154107,-49.67664272323572,844.0,3.4939076900482178,0.542998273995533,C,10,,
discovery_engine,102020054_NEG559823222494415179,-559823222494415179,102020054,55.98232224922869,-49.44151791830967,651.0,1.0054389238357544,0.5378524852027822,C,7,,
discovery_engine,102020054_NEG560126844496528823,-560126844496528823,102020054,56.01268443988468,-49.65288239852123,516.0,1.4058818817138672,0.975280569795352,C,10,,
discovery_engine,102020055_NEG562418750493624605,-562418750493624605,102020055,56.24187507606486,-49.36246050927713,598.0,1.94983434677124,0.8936514012604284,C,10,,
discovery_engine,102020055_NEG563894315496088157,-563894315496088157,102020055,56.38943151491934,-49.60881575787721,418.0,0.7919409871101379,2.1054448629003653,A,10,,
discovery_engine,102020055_NEG564676209494509344,-564676209494509344,102020055,56.46762095259402,-49.45093443791871,6379.0,9.981141090393066,2.358906992218944,A,9,,
discovery_engine,102020055_NEG565095065494895290,-565095065494895290,102020055,56.50950653006659,-49.48952908769109,2497.0,7.843365669250488,1.0629510612096331,C,10,,
discovery_engine,102020055_NEG565168141497202754,-565168141497202754,102020055,56.5168141290881,-49.72027548778676,725.0,0.6613435745239258,0.5538815892922396,C,10,,
discovery_engine,102020055_NEG565248297493469333,-565248297493469333,102020055,56.524829716041566,-49.346933333285655,438.0,1.5478768348693848,0.6885033442739742,C,10,,
discovery_engine,102020055_NEG565713964494300088,-565713964494300088,102020055,56.5713964199779,-49.43000883129746,2983.0,10.49660873413086,1.065680463348064,C,10,,
discovery_engine,102020055_NEG566112601496084998,-566112601496084998,102020055,56.611260110461416,-49.6084998331893,3566.0,11.295278549194336,1.1625853425794197,C,9,,
discovery_engine,102020055_NEG566592951494943670,-566592951494943670,102020055,56.65929512871873,-49.49436704499589,372.0,1.809868216514588,0.7442814828449517,C,10,,
discovery_engine,102020056_NEG568422438495621083,-568422438495621083,102020056,56.84224386101963,-49.56210831985881,2850.0,9.721341133117676,0.8101882891410526,C,9,,
discovery_engine,102020056_NEG568772546495601104,-568772546495601104,102020056,56.87725467119783,-49.56011048213822,1974.0,7.385756492614746,0.9402430614499973,C,9,,
discovery_engine,102020056_NEG568919155497446978,-568919155497446978,102020056,56.89191554837005,-49.74469783990281,903.0,5.831683158874512,2.663152185762601,A,10,,
discovery_engine,102020056_NEG569381219495998178,-569381219495998178,102020056,56.93812190358718,-49.599817875364536,1247.0,5.186526775360107,2.6940356714274207,A,9,,
discovery_engine,102020056_NEG569626044493122214,-569626044493122214,102020056,56.96260444200621,-49.31222141102203,3665.0,11.02883529663086,1.2101882891410525,C,9,,
discovery_engine,102020056_NEG569799781497220045,-569799781497220045,102020056,56.979978115329416,-49.72200452227762,2856.0,15.669200897216797,0.8581379338746906,C,10,,
discovery_engine,102020056_NEG570002701495855213,-570002701495855213,102020056,57.00027019393232,-49.58552134143774,559.0,2.059385299682617,1.7337107278982038,B,9,,
discovery_engine,102020056_NEG570473893495529203,-570473893495529203,102020056,57.047389353580535,-49.55292038766558,868.0,1.6352481842041016,0.7223935098615325,C,9,,
discovery_engine,102020056_NEG571893949494542827,-571893949494542827,102020056,57.18939491425552,-49.45428270613559,3433.0,10.451397895812988,0.5775990003582758,C,10,,
discovery_engine,102020056_NEG571928631495947554,-571928631495947554,102020056,57.19286316195864,-49.594755430177614,2134.0,7.777026176452637,1.976132545412194,B,10,,
discovery_engine,102020056_NEG572070321494569623,-572070321494569623,102020056,57.20703217594124,-49.45696233394168,633.0,3.2982606887817383,0.742166753076922,C,10,,
discovery_engine,102020056_NEG572223823494099712,-572223823494099712,102020056,57.22238230068886,-49.40997128970017,6256.0,13.121537208557127,0.5088635844369208,C,10,,
discovery_engine,102020056_NEG572366304493015831,-572366304493015831,102020056,57.2366304007054,-49.30158314012709,728.0,2.1357016563415527,1.5631521857626014,B,10,,
discovery_engine,102020056_NEG573379534495223440,-573379534495223440,102020056,57.337953416835866,-49.52234409795684,1476.0,6.257814884185791,1.565133041293784,B,10,,
discovery_engine,102020056_NEG574457618496093488,-574457618496093488,102020056,57.44576184140691,-49.60934881282612,294.0,1.4139747619628906,0.7752805697953519,C,10,,
discovery_engine,102020056_NEG574782634495529607,-574782634495529607,102020056,57.478263427886425,-49.552960772551565,3031.0,14.615117073059082,0.7223935098615324,C,9,,
discovery_engine,102020056_NEG574985608496240472,-574985608496240472,102020056,57.49856089962679,-49.62404720919567,363.0,3.5857157707214355,1.0410111335846326,C,10,,
discovery_engine,102020057_NEG576345056494899870,-576345056494899870,102020057,57.63450567373873,-49.48998702032603,2780.0,30.051103591918945,0.6755590028748246,C,10,,
discovery_engine,102020057_NEG578151127493852832,-578151127493852832,102020057,57.81511277847653,-49.385283241962114,864.0,1.4644540548324585,0.8039297540038742,C,10,,
discovery_engine,102020057_NEG579621560492550399,-579621560492550399,102020057,57.96215608633232,-49.255039972897976,675.0,1.379054307937622,1.2243062999188186,C,9,,
discovery_engine,102020057_NEG582019329494705421,-582019329494705421,102020057,58.20193296550151,-49.470542185359534,2180.0,5.238087177276611,2.785550204893771,A,9,,
discovery_engine,102020058_NEG584066419494849296,-584066419494849296,102020058,58.40664199752343,-49.48492964131436,292.0,2.3503577709198,1.1947359942212417,C,10,,
discovery_engine,102020058_NEG584744995496570812,-584744995496570812,102020058,58.474499555794495,-49.65708129713931,540.0,1.5800975561141968,0.6581050924301494,C,10,,
discovery_engine,102020058_NEG587348097496332311,-587348097496332311,102020058,58.73480977789552,-49.63323117441859,622.0,1.6928406953811646,0.6405255799895494,C,10,,
discovery_engine,102020058_NEG587529679497442979,-587529679497442979,102020058,58.752967997878905,-49.74429795857615,1266.0,3.5588865280151367,0.5125855458097064,C,10,,
discovery_engine,102020058_NEG588854958493713538,-588854958493713538,102020058,58.88549581422302,-49.371353892589305,447.0,2.934406042098999,1.0855429409779045,C,10,,
discovery_engine,102020058_NEG590511659496288361,-590511659496288361,102020058,59.051165958617744,-49.62883615552712,253.0,1.335316181182861,0.8352728083901884,C,9,,
discovery_engine,102020059_NEG590814898493650143,-590814898493650143,102020059,59.08148989976037,-49.36501436418274,2259.0,6.73293399810791,1.5349278269391289,B,10,,
discovery_engine,102020059_NEG591341887496138046,-591341887496138046,102020059,59.134188703264506,-49.613804666867175,325.0,1.2617666721343994,1.4947359942212417,C,10,,
discovery_engine,102020059_NEG591687271494668056,-591687271494668056,102020059,59.16872711354812,-49.46680563751681,239.0,1.5387341976165771,0.5825307735007619,C,10,,
discovery_engine,102020059_NEG593000527494984994,-593000527494984994,102020059,59.30005275451344,-49.49849946434031,1290.0,2.781635284423828,0.6344795675504131,C,10,,
discovery_engine,102020059_NEG594608728495978705,-594608728495978705,102020059,59.46087286608426,-49.59787059176789,2206.0,4.333649635314941,0.7180760264069819,C,8,,
discovery_engine,102020059_NEG594796080492663753,-594796080492663753,102020059,59.47960807876582,-49.26637538230819,1075.0,8.058286666870117,0.803476163443851,C,10,,
discovery_engine,102020059_NEG594879418492718638,-594879418492718638,102020059,59.48794181034058,-49.27186386396856,4586.0,14.425240516662598,0.5977279891315069,C,10,,
discovery_engine,102020059_NEG594906468492937706,-594906468492937706,102020059,59.49064688386386,-49.29377062498214,1217.0,10.093618392944336,0.8631521857626014,C,10,,
discovery_engine,102020059_NEG595972740496354540,-595972740496354540,102020059,59.597274098977714,-49.63545403109507,756.0,3.515428304672241,2.53312269084914,A,9,,
discovery_engine,102020059_NEG596978379493130303,-596978379493130303,102020059,59.697837907780034,-49.31303037191755,1792.0,8.644767761230469,0.7742715624533502,C,10,,
discovery_engine,102020059_NEG597545545492645600,-597545545492645600,102020059,59.75455451038533,-49.26456002131536,2440.0,4.7364821434021,1.4560129507147772,C,9,,
discovery_engine,102020060_NEG598920538496078263,-598920538496078263,102020060,59.89205385113966,-49.607826345265366,1394.0,2.4631197452545166,2.5399162928123915,A,10,,
discovery_engine,102020060_NEG602358561494489426,-602358561494489426,102020060,60.23585619399263,-49.44894269803446,383.0,1.4300274848937988,0.6745666841435601,C,10,,
discovery_engine,102020060_NEG602674677494407313,-602674677494407313,102020060,60.2674677789924,-49.44073134428216,1487.0,4.213356971740723,0.9825307735007618,C,10,,
discovery_engine,102020060_NEG602770989492612749,-602770989492612749,102020060,60.27709899993668,-49.26127492252856,546.0,1.0781290531158447,0.877373960046332,C,10,,
discovery_engine,102020060_NEG602850610496543491,-602850610496543491,102020060,60.28506105614724,-49.65434917535883,5025.0,11.896068572998049,1.0887076947303995,C,9,,
discovery_engine,102020060_NEG604685697497227940,-604685697497227940,102020060,60.4685697278805,-49.722794069270925,305.0,1.3617584705352783,0.6085596038064394,C,10,,
discovery_engine,102020060_NEG604835509496532268,-604835509496532268,102020060,60.48355094189029,-49.65322683738035,950.0,2.401862144470215,1.497532310663604,C,10,,
discovery_engine,102020060_NEG604914053494128514,-604914053494128514,102020060,60.49140535812042,-49.41285140335484,1947.0,10.943148612976074,0.548566338693304,C,8,,
discovery_engine,102020061_NEG606051252492510805,-606051252492510805,102020061,60.60512528899823,-49.25108054194812,11237.0,16.35869026184082,1.217763660058967,C,9,,
discovery_engine,102020061_NEG606070563492810739,-606070563492810739,102020061,60.60705634278896,-49.281073923592174,1560.0,2.527059316635132,0.5741249503030625,C,10,,
discovery_engine,102020061_NEG606358343493689202,-606358343493689202,102020061,60.63583433577234,-49.36892028639387,487.0,1.1409231424331665,1.0319197060311605,C,10,,
discovery_engine,102020061_NEG606942867492927556,-606942867492927556,102020061,60.69428675995196,-49.29275561038763,519.0,1.232710838317871,0.9223935098615323,C,9,,
discovery_engine,102020061_NEG607087127495633316,-607087127495633316,102020061,60.70871278898007,-49.56333168622921,3762.0,12.85665512084961,2.885899365989533,A,10,,
discovery_engine,102020061_NEG607895010497432823,-607895010497432823,102020061,60.78950102418448,-49.74328234047719,252.0,1.8022490739822388,0.8101882891410526,C,9,,
discovery_engine,102020061_NEG608203827493491303,-608203827493491303,102020061,60.82038274569893,-49.34913030126828,785.0,1.5031375885009766,1.8442814828449516,B,10,,
discovery_engine,102020061_NEG608336332492542081,-608336332492542081,102020061,60.83363327669692,-49.25420817449808,388.0,1.1015021800994873,0.5718573845777016,C,9,,
discovery_engine,102020061_NEG608964382496207945,-608964382496207945,102020061,60.89643828729297,-49.62079451980234,583.0,1.8930985927581787,0.585349874165779,C,10,,
discovery_engine,102020061_NEG609291915495219345,-609291915495219345,102020061,60.92919151175294,-49.52193457539599,5115.0,14.52802848815918,0.834518755724021,C,10,,
discovery_engine,102020061_NEG612388468493726389,-612388468493726389,102020061,61.23884687469332,-49.37263896690335,4191.0,10.867844581604004,2.1178055726640457,A,11,dspl,
discovery_engine,102020061_NEG612481620492778521,-612481620492778521,102020061,61.24816209534143,-49.27785211870708,573.0,2.313946485519409,0.933409980841826,C,10,,
discovery_engine,102020061_NEG612893768495618638,-612893768495618638,102020061,61.28937680752323,-49.56186386097076,1271.0,2.6459174156188965,0.7581050924301493,C,10,,
discovery_engine,102020061_NEG613080089497356959,-613080089497356959,102020061,61.30800891557605,-49.73569596269973,879.0,5.962177753448486,1.108083498915117,C,10,,
discovery_engine,102020061_NEG613241491494933581,-613241491494933581,102020061,61.32414918619536,-49.493358123659405,1465.0,4.585679531097412,0.9899293947006688,C,10,,
discovery_engine,102020061_NEG613254094496279241,-613254094496279241,102020061,61.3254094585452,-49.62792416504832,556.0,1.7537662982940674,0.8495489662336275,C,10,,
discovery_engine,102020061_NEG613269202493547660,-613269202493547660,102020061,61.32692028857152,-49.35476606309744,1357.0,7.408095836639404,1.085299544898103,C,10,,
discovery_engine,102020062_NEG615303489493486844,-615303489493486844,102020062,61.53034891486016,-49.348684455270885,1288.0,8.70003604888916,1.089103165365404,C,10,,
discovery_engine,102020062_NEG617262186493407246,-617262186493407246,102020062,61.72621860337421,-49.34072462545365,7237.0,19.585987091064453,0.6331895216341707,C,10,,
discovery_engine,102020062_NEG617330086494647877,-617330086494647877,102020062,61.73300862196033,-49.46478776977762,12446.0,22.440927505493164,2.0873942247465966,A,9,,
discovery_engine,102020062_NEG618346672492559568,-618346672492559568,102020062,61.834667299199765,-49.25595680573238,469.0,1.9691877365112305,1.6228008884342984,B,10,,
discovery_engine,102020062_NEG619281276492818145,-619281276492818145,102020062,61.92812762812283,-49.281814592568274,1311.0,4.5408854484558105,0.8361062908356074,C,10,,
discovery_engine,102020062_NEG620821345496639134,-620821345496639134,102020062,62.08213456710978,-49.663913468151335,1346.0,5.203131675720215,0.7013083860858836,C,10,,
discovery_engine,102020063_NEG621957244494881303,-621957244494881303,102020063,62.19572447035005,-49.48813039694209,714.0,3.083219051361084,1.0062786427306063,C,10,,
discovery_engine,102020063_NEG621979616495321808,-621979616495321808,102020063,62.19796161248845,-49.53218083550069,2071.0,9.185303688049316,0.8625555905746289,C,9,,
discovery_engine,102020063_NEG622481875493986539,-622481875493986539,102020063,62.24818752512739,-49.3986539196134,1023.0,2.979909896850586,0.5538815892922396,C,10,,
discovery_engine,102020063_NEG623829143496315231,-623829143496315231,102020063,62.38291433697012,-49.63152315464635,534.0,2.1065421104431152,0.6575052713387196,C,10,,
discovery_engine,102020063_NEG625816630494628287,-625816630494628287,102020063,62.581663046999765,-49.46282874948694,510.0,1.296013593673706,0.6468176130644135,C,8,,
discovery_engine,102020063_NEG625857431494380658,-625857431494380658,102020063,62.585743181309965,-49.43806588628296,380.0,3.0149757862091064,1.5802164832811312,B,9,,
discovery_engine,102020063_NEG626156743494681651,-626156743494681651,102020063,62.615674305347206,-49.46816512016682,6133.0,7.946268081665039,1.6716288662165948,B,9,,
discovery_engine,102020063_NEG626832314494896747,-626832314494896747,102020063,62.68323149125305,-49.489674781728105,342.0,2.864754199981689,0.5947359942212417,C,10,,
discovery_engine,102020063_NEG627453333496824110,-627453333496824110,102020063,62.74533335167963,-49.68241105180451,1480.0,2.736254930496216,0.5442814828449516,C,10,,
discovery_engine,102020063_NEG627694665494434710,-627694665494434710,102020063,62.76946655710807,-49.44347103527502,8557.0,18.61208152770996,0.9286604086622946,C,10,,
discovery_engine,102020064_NEG629233454497299188,-629233454497299188,102020064,62.92334547476362,-49.72991880653796,566.0,2.789188861846924,1.2030748433547356,C,10,,
discovery_engine,102020064_NEG629672341496063036,-629672341496063036,102020064,62.96723413640351,-49.60630369286193,11794.0,15.259474754333496,0.7362171194467302,C,9,,
discovery_engine,102020064_NEG630441470494718517,-630441470494718517,102020064,63.04414702952862,-49.4718517641365,596.0,1.154417872428894,2.904157284933878,A,10,,
discovery_engine,102020064_NEG631536179494778776,-631536179494778776,102020064,63.153617927697965,-49.477877655483645,557.0,1.800975680351257,0.5842261482515537,C,9,,
discovery_engine,102020064_NEG635123260495120863,-635123260495120863,102020064,63.51232608448361,-49.51208637316156,333.0,2.350336790084839,0.6045751921002368,C,10,,
discovery_engine,102020064_NEG635823575494037615,-635823575494037615,102020064,63.5823575504392,-49.40376153048183,735.0,3.478463888168335,1.979807619108353,B,10,,
discovery_engine,102020064_NEG635872258496841682,-635872258496841682,102020064,63.58722583981298,-49.68416823937899,894.0,4.913397312164307,2.8463908576504027,A,10,,
discovery_engine,102020065_NEG637133541496252696,-637133541496252696,102020065,63.71335416296643,-49.62526961159757,2466.0,7.478661060333252,0.6030748433547355,C,10,,
discovery_engine,102020065_NEG637167629493543435,-637167629493543435,102020065,63.716762925929295,-49.35434353156814,1216.0,2.273545980453491,1.0442510267005125,C,10,,
discovery_engine,102020065_NEG639298180496959300,-639298180496959300,102020065,63.92981803438338,-49.69593004602518,372.0,1.7837612628936768,0.8109084925331718,C,10,,
discovery_engine,102020065_NEG639311965496837421,-639311965496837421,102020065,63.931196547435626,-49.68374212642698,338.0,1.4430444240570068,0.688609171534645,C,10,,
discovery_engine,102020065_NEG639331047493441091,-639331047493441091,102020065,63.93310475062115,-49.34410911500671,857.0,1.8254159688949585,0.9442814828449516,C,10,,
discovery_engine,102020065_NEG639401929492501945,-639401929492501945,102020065,63.94019296302844,-49.25019455690073,5245.0,16.438796997070312,0.8502331248352764,C,10,,
discovery_engine,102020065_NEG639706305497277844,-639706305497277844,102020065,63.97063058883589,-49.727784447975104,5598.0,6.55879020690918,1.7919451926205905,B,10,,
discovery_engine,102020065_NEG643246527492727166,-643246527492727166,102020065,64.32465271542709,-49.27271662645393,400.0,2.7544069290161133,0.6631521857626014,C,10,,
discovery_engine,102020066_NEG645419324493086283,-645419324493086283,102020066,64.54193243783828,-49.30862837005427,6416.0,9.135638236999512,3.022350293310749,A,10,,
discovery_engine,102020527_NEG553659585488808002,-553659585488808002,102020527,55.3659585583265,-48.88080020819786,865.0,1.6869910955429075,1.0839029594432588,C,10,,
discovery_engine,102020528_NEG554630995491915346,-554630995491915346,102020528,55.46309956714669,-49.1915346355297,455.0,1.6809749603271484,0.8012882135190063,C,10,,
discovery_engine,102020528_NEG554883664487808244,-554883664487808244,102020528,55.48836643122519,-48.78082442121004,528.0,1.7330012321472168,1.0538815892922395,C,10,,
discovery_engine,102020528_NEG554976975487853956,-554976975487853956,102020528,55.497697503788665,-48.785395695423865,4665.0,10.373732566833496,2.9408190595759365,A,11,,
discovery_engine,102020528_NEG554997849491822724,-554997849491822724,102020528,55.4997849527486,-49.18227246926023,1362.0,2.02578353881836,0.6325602047616243,C,10,,
discovery_engine,102020528_NEG557594873487530963,-557594873487530963,102020528,55.75948739301225,-48.753096396542105,3830.0,6.926313400268555,2.1629573089556557,A,10,,
discovery_engine,102020528_NEG557780503491374019,-557780503491374019,102020528,55.77805038496869,-49.13740190644816,362.0,1.776095271110535,1.629373280298941,B,10,,
discovery_engine,102020528_NEG558800896491551043,-558800896491551043,102020528,55.880089681433006,-49.15510438781556,262.0,1.641971468925476,1.9731029993544549,B,10,,
discovery_engine,102020528_NEG558839980491907949,-558839980491907949,102020528,55.88399800323208,-49.19079495467991,997.0,2.751282215118408,0.7962830656483141,C,9,,
discovery_engine,102020528_NEG561683562487885174,-561683562487885174,102020528,56.16835627448652,-48.7885174830928,1356.0,7.409611701965332,2.7370000816068307,A,10,,
discovery_engine,102020528_NEG562073760492316605,-562073760492316605,102020528,56.20737601280353,-49.23166055034346,4887.0,13.379961967468262,1.9296990679573407,B,11,,
discovery_engine,102020529_NEG564427129491602014,-564427129491602014,102020529,56.442712921370415,-49.16020146642965,1267.0,4.122256755828857,1.827349885269225,B,10,,
discovery_engine,102020529_NEG565042170488465261,-565042170488465261,102020529,56.5042170405432,-48.84652615304219,551.0,2.545820474624634,0.9979463844393448,C,9,,
discovery_engine,102020529_NEG566413518492373661,-566413518492373661,102020529,56.64135188289915,-49.23736614297641,582.0,2.123964786529541,0.6983752073636861,C,10,,
discovery_engine,102020529_NEG566414163488662404,-566414163488662404,102020529,56.64141634652584,-48.86624048654571,1989.0,13.850641250610352,0.8718435297511515,C,10,,
discovery_engine,102020529_NEG566452754492393104,-566452754492393104,102020529,56.64527541741643,-49.23931044272282,1860.0,3.185925245285034,2.1581050924301493,A,10,,
discovery_engine,102020529_NEG568194880489776881,-568194880489776881,102020529,56.81948806540022,-48.97768815404679,659.0,2.479554891586304,0.7319197060311605,C,10,,
discovery_engine,102020529_NEG569646194491927719,-569646194491927719,102020529,56.9646194163331,-49.19277194890964,1428.0,4.369175434112549,0.9877746655848932,C,10,,
discovery_engine,102020530_NEG571638103490331545,-571638103490331545,102020530,57.16381035568261,-49.03315451807532,545.0,0.9101988077163696,1.602855457512956,B,9,,
discovery_engine,102020530_NEG571928354492127354,-571928354492127354,102020530,57.19283540203706,-49.21273547700907,379.0,1.2044081687927246,0.685349874165779,C,10,,
discovery_engine,102020530_NEG572061522490858151,-572061522490858151,102020530,57.20615224411396,-49.08581510618263,4864.0,15.455503463745115,0.5373097769411558,C,10,,
discovery_engine,102020530_NEG572303674490459976,-572303674490459976,102020530,57.230367495986805,-49.04599764138084,2187.0,4.988274097442627,1.9477725177528964,B,10,,
discovery_engine,102020530_NEG572378924491097026,-572378924491097026,102020530,57.23789245830907,-49.10970265313149,2594.0,11.52166748046875,1.7886660347878471,B,9,,
discovery_engine,102020530_NEG573244946491689912,-573244946491689912,102020530,57.324494674632,-49.16899124666701,10360.0,16.250106811523438,0.6319197060311605,C,10,,
discovery_engine,102020530_NEG573288929489581336,-573288929489581336,102020530,57.32889294544445,-48.95813364855251,1570.0,3.2580580711364746,0.7761408606057066,C,11,,
discovery_engine,102020530_NEG573778520491991572,-573778520491991572,102020530,57.37785204691475,-49.19915728794216,1302.0,4.080368518829346,0.5642883314001145,C,10,,
discovery_engine,102020530_NEG574140892487598164,-574140892487598164,102020530,57.41408925277937,-48.75981641662244,354.0,1.9576929807662964,1.0703103131506293,C,10,,
discovery_engine,102020530_NEG575195338491035290,-575195338491035290,102020530,57.51953389493469,-49.10352902796953,1426.0,5.703854560852051,0.6442814828449516,C,10,,
discovery_engine,102020530_NEG575336420489680805,-575336420489680805,102020530,57.53364206673457,-48.96808058090636,3249.0,6.628675937652588,1.7524981167262692,B,10,,
discovery_engine,102020530_NEG575483377490217409,-575483377490217409,102020530,57.54833779672937,-49.02174090332742,603.0,2.130209684371948,0.7602708084508034,C,9,,
discovery_engine,102020531_NEG577572117490356278,-577572117490356278,102020531,57.75721175596351,-49.03562783649156,1099.0,2.069456100463867,0.6702427632080621,C,10,,
discovery_engine,102020531_NEG578186191492168320,-578186191492168320,102020531,57.81861918847636,-49.21683203649204,275.0,1.4111236333847046,0.7553449130713626,C,9,,
discovery_engine,102020531_NEG579471354491627648,-579471354491627648,102020531,57.9471354749442,-49.16276485789378,1156.0,2.246942043304444,2.062681240528573,A,10,,
discovery_engine,102020531_NEG582091641489802319,-582091641489802319,102020531,58.20916417761583,-48.98023195166511,1318.0,4.252823352813721,1.48001860470206,C,10,,
discovery_engine,102020531_NEG582102433491808029,-582102433491808029,102020531,58.210243325076064,-49.18080291245018,526.0,1.881859302520752,0.8656804633480638,C,10,,
discovery_engine,102020531_NEG582665974491256784,-582665974491256784,102020531,58.26659740816428,-49.12567848817366,1716.0,6.346835136413574,0.8088737428714966,C,9,,
discovery_engine,102020531_NEG583254550492051895,-583254550492051895,102020531,58.32545509791297,-49.20518959337985,742.0,3.6386334896087646,0.7581050924301493,C,10,,
discovery_engine,102020532_NEG584961967491933103,-584961967491933103,102020532,58.49619670592336,-49.19331030851976,484.0,1.6591969728469849,2.1273549600390043,A,9,,
discovery_engine,102020532_NEG585131565488109327,-585131565488109327,102020532,58.51315652251934,-48.81093274345079,778.0,2.4308643341064453,1.5101066752335115,B,9,,
discovery_engine,102020532_NEG585424971490320443,-585424971490320443,102020532,58.54249719593909,-49.03204434706336,1312.0,10.563255310058594,1.1430442494451216,C,10,,
discovery_engine,102020532_NEG587223074490382829,-587223074490382829,102020532,58.7223074803706,-49.03828294936245,897.0,9.18840217590332,0.6295846523717186,C,10,,
discovery_engine,102020532_NEG587731159487593505,-587731159487593505,102020532,58.77311596305287,-48.75935054043155,541.0,1.2925900220870972,0.6228008884342986,C,10,,
discovery_engine,102020532_NEG587840155491971057,-587840155491971057,102020532,58.78401557133971,-49.19710570385831,4291.0,11.517144203186035,0.8581050924301493,C,10,,
discovery_engine,102020532_NEG588601900488953908,-588601900488953908,102020532,58.86019003701809,-48.89539087297561,4443.0,8.407015800476074,1.202326953859172,C,10,,
discovery_engine,102020532_NEG589257492489565961,-589257492489565961,102020532,58.92574921328832,-48.95659616705754,4165.0,14.584413528442385,2.9111013083822623,A,11,,
discovery_engine,102020532_NEG590884236487844039,-590884236487844039,102020532,59.08842363972723,-48.78440392489552,528.0,1.126813530921936,1.2890734133606132,C,10,,
discovery_engine,102020532_NEG591117402487550021,-591117402487550021,102020532,59.11174027572756,-48.75500215813452,1080.0,3.2123734951019287,2.8910391363454786,A,10,,
discovery_engine,102020532_NEG591220068488550188,-591220068488550188,102020532,59.12200688524717,-48.85501883771764,7030.0,20.950345993041992,1.2137641886566208,C,10,,
discovery_engine,102020532_NEG591345812492152559,-591345812492152559,102020532,59.13458123552572,-49.21525590842952,389.0,2.634827852249145,0.713016670108765,C,10,,
discovery_engine,102020532_NEG592320863488461402,-592320863488461402,102020532,59.23208639600032,-48.84614020430707,319.0,1.120073914527893,1.8177636600589675,B,9,,
discovery_engine,102020533_NEG594981238490576319,-594981238490576319,102020533,59.49812387403925,-49.05763193414003,558.0,0.7770749926567078,0.875280569795352,C,10,,
discovery_engine,102020533_NEG595153314492254283,-595153314492254283,102020533,59.51533141578656,-49.22542839752071,684.0,1.6467341184616089,0.8703103131506292,C,10,,
discovery_engine,102020533_NEG595620593487949964,-595620593487949964,102020533,59.56205935670706,-48.79499648239122,664.0,0.932304620742798,1.1468176130644134,C,8,,
discovery_engine,102020533_NEG596261344490617547,-596261344490617547,102020533,59.62613444089271,-49.06175479865302,335.0,3.282719850540161,2.8783235084186645,A,10,edge-on,
discovery_engine,102020533_NEG596715715490891422,-596715715490891422,102020533,59.6715715514145,-49.089142214751256,3266.0,19.32552528381348,0.8430442494451216,C,10,,
discovery_engine,102020533_NEG598558328487693487,-598558328487693487,102020533,59.85583286716388,-48.76934871986203,11054.0,17.972211837768555,0.5651330412937839,C,10,,
discovery_engine,102020533_NEG599378920490698848,-599378920490698848,102020533,59.93789207448458,-49.06988482428292,8523.0,11.955739974975586,0.5159777433455245,C,11,,
discovery_engine,102020533_NEG599608391489077290,-599608391489077290,102020533,59.960839103398406,-48.90772902543837,377.0,1.364678144454956,1.0581050924301494,C,10,,
discovery_engine,102020534_NEG600985388487893328,-600985388487893328,102020534,60.09853883829494,-48.78933287381373,1282.0,3.7615134716033936,2.131587269644165,A,9,,
discovery_engine,102020534_NEG602367657488487722,-602367657488487722,102020534,60.23676577481466,-48.84877228428121,1086.0,2.106523275375366,0.7058874106829325,C,10,,
discovery_engine,102020534_NEG602650809491235805,-602650809491235805,102020534,60.26508096592055,-49.12358059089065,6376.0,19.326080322265625,0.5703103131506293,C,10,,
discovery_engine,102020534_NEG604105345487687311,-604105345487687311,102020534,60.41053457000606,-48.76873115888649,1102.0,5.1953125,0.6104652275350532,C,10,,
discovery_engine,102020534_NEG604600015491782048,-604600015491782048,102020534,60.46000154640245,-49.17820481405269,608.0,5.237601280212402,0.8225865238455714,C,10,,
discovery_engine,102020534_NEG604836154490669092,-604836154490669092,102020534,60.48361548429967,-49.066909219608,1043.0,3.1082921028137207,2.794735994221241,A,10,,
discovery_engine,102020534_NEG604929086489066527,-604929086489066527,102020534,60.49290865450189,-48.9066527916342,2878.0,6.170713901519775,1.5315872696441648,B,9,,
discovery_engine,102020534_NEG607039895492102795,-607039895492102795,102020534,60.70398956177137,-49.21027954645156,1122.0,4.464250564575195,0.931062370940568,C,10,,
discovery_engine,102020535_NEG607969367488468354,-607969367488468354,102020535,60.79693676425732,-48.84683546305636,3822.0,8.046074867248535,1.4442814828449515,C,10,,
discovery_engine,102020535_NEG608150353491434608,-608150353491434608,102020535,60.81503538394456,-49.143460836132256,640.0,2.396188974380493,1.576487234380267,B,9,,
discovery_engine,102020535_NEG610181497489670475,-610181497489670475,102020535,61.01814979696484,-48.967047574852,1337.0,8.373295783996582,0.8825307735007618,C,10,,
discovery_engine,102020535_NEG610184598490107666,-610184598490107666,102020535,61.01845983231784,-49.01076666683537,467.0,2.194941282272339,1.0947359942212418,C,10,,
discovery_engine,102020535_NEG611081814492203081,-611081814492203081,102020535,61.10818144344818,-49.22030819151826,1683.0,3.275346279144287,1.2581050924301491,C,10,,
discovery_engine,102020535_NEG612444660489452138,-612444660489452138,102020535,61.244466076408905,-48.94521383130901,1152.0,3.7488393783569336,0.8012065996114656,C,10,,
discovery_engine,102020535_NEG612894261488306675,-612894261488306675,102020535,61.28942611025395,-48.83066756490897,2974.0,3.86644983291626,1.26441877157888,C,10,,
discovery_engine,102020535_NEG613282819489818643,-613282819489818643,102020535,61.32828190630449,-48.98186438365368,3264.0,13.229022026062012,1.2012882135190064,C,10,,
discovery_engine,102020535_NEG614064239492499317,-614064239492499317,102020535,61.40642391239789,-49.24993172823451,1716.0,1.926589846611023,0.6788580707360211,C,10,,
discovery_engine,102020535_NEG614406262490285262,-614406262490285262,102020535,61.44062629240122,-49.02852629283439,2249.0,6.602463722229004,0.5361062908356075,C,10,,
discovery_engine,102020535_NEG614485783489887336,-614485783489887336,102020535,61.44857834279557,-48.98873361325271,2476.0,2.7085869312286377,0.8088635844369207,C,10,,
discovery_engine,102020536_NEG615557018492238342,-615557018492238342,102020536,61.55570185996074,-49.22383421174113,872.0,3.4259769916534424,0.8361062908356074,C,10,,
discovery_engine,102020536_NEG616089054487652637,-616089054487652637,102020536,61.60890544957719,-48.76526371043104,910.0,4.365721702575684,0.6104652275350532,C,10,,
discovery_engine,102020536_NEG616816507491715035,-616816507491715035,102020536,61.68165073451959,-49.17150353659506,427.0,2.4299116134643555,0.9441998689374108,C,10,,
discovery_engine,102020536_NEG617560944488458955,-617560944488458955,102020536,61.756094425093146,-48.84589553151491,3937.0,27.388282775878903,0.589103165365404,C,10,,
discovery_engine,102020536_NEG618865683490565058,-618865683490565058,102020536,61.88656835204033,-49.0565058578038,1052.0,2.052629470825196,0.5290008731708493,C,10,,
discovery_engine,102020536_NEG619154064491401577,-619154064491401577,102020536,61.915406411661245,-49.1401577623794,1424.0,4.421388626098633,1.3441998689374108,C,10,,
discovery_engine,102020536_NEG619213444491826413,-619213444491826413,102020536,61.921344421832,-49.18264130930852,2817.0,12.92742919921875,0.5457433156163584,C,10,,
discovery_engine,102020536_NEG619843188491053970,-619843188491053970,102020536,61.98431884218702,-49.10539709673287,350.0,1.2081966400146484,0.7361062908356073,C,10,,
discovery_engine,102020536_NEG620017227491766105,-620017227491766105,102020536,62.00172276611014,-49.17661059183326,3335.0,11.02153205871582,0.5030748433547355,C,10,,
discovery_engine,102020536_NEG621645331488224037,-621645331488224037,102020536,62.1645331458563,-48.82240372116829,1073.0,2.375248432159424,2.544199868937411,A,10,,
discovery_engine,102020537_NEG623404541492399653,-623404541492399653,102020537,62.34045410490246,-49.2399653791669,540.0,3.100365400314331,0.8442814828449515,C,10,,
discovery_engine,102020537_NEG623663816492513043,-623663816492513043,102020537,62.36638161121404,-49.251304338614574,7329.0,17.68913459777832,2.0101882891410527,A,9,,
discovery_engine,102020537_NEG623835717489663472,-623835717489663472,102020537,62.383571772995225,-48.966347293919085,275.0,1.090105652809143,0.5063353068514583,C,10,,
discovery_engine,102020537_NEG626913533487999205,-626913533487999205,102020537,62.69135336338961,-48.79992054178796,1220.0,3.155433654785156,1.5228008884342985,B,10,,
discovery_engine,102020537_NEG627054713491947338,-627054713491947338,102020537,62.70547135164436,-49.19473382567816,1207.0,1.400347113609314,0.5960550644444834,C,9,,
discovery_engine,102020537_NEG627069961491978969,-627069961491978969,102020537,62.70699616302939,-49.197896997215885,961.0,3.7563743591308594,0.7185588056368566,C,10,,
discovery_engine,102020537_NEG627890203491645342,-627890203491645342,102020537,62.78902038447905,-49.16453426932806,14643.0,17.432708740234375,1.4101882891410529,C,9,,
discovery_engine,102020537_NEG628162294491179382,-628162294491179382,102020537,62.81622948802014,-49.11793822353006,390.0,0.806635856628418,0.5935473217062425,C,11,,
discovery_engine,102020537_NEG629815523492352535,-629815523492352535,102020537,62.98155230133968,-49.235253564317546,367.0,1.3773891925811768,0.7719941424967945,C,10,,
discovery_engine,102020538_NEG630474558489891070,-630474558489891070,102020538,63.047455839975264,-48.9891070854322,1155.0,1.94793701171875,0.5074940249605482,C,10,,
discovery_engine,102020538_NEG631689440492354239,-631689440492354239,102020538,63.16894406176176,-49.23542398043353,504.0,0.9966734051704408,2.767195644625285,A,10,,
discovery_engine,102020538_NEG631738427490567773,-631738427490567773,102020538,63.17384277745671,-49.05677733469694,1345.0,4.742571830749512,0.6631521857626014,C,10,,
discovery_engine,102020538_NEG631898556490758741,-631898556490758741,102020538,63.189855684976784,-49.075874159905126,2417.0,5.715188503265381,0.8949584900928409,C,10,,
discovery_engine,102020538_NEG632042355489056587,-632042355489056587,102020538,63.20423550768468,-48.90565872392651,3313.0,9.246294021606444,0.7017188954680509,C,10,,
discovery_engine,102020538_NEG632321423490550076,-632321423490550076,102020538,63.2321423562008,-49.055007602466766,473.0,1.2196998596191406,0.7596584815975491,C,10,,
discovery_engine,102020538_NEG633044113488098114,-633044113488098114,102020538,63.30441135009481,-48.80981146049232,302.0,1.5902717113494873,0.8825307735007618,C,10,,
discovery_engine,102020538_NEG633408975489484452,-633408975489484452,102020538,63.34089759453578,-48.94844528268585,1685.0,3.4607417583465576,0.682944825065041,C,10,,
discovery_engine,102020538_NEG636949473490223409,-636949473490223409,102020538,63.694947342908975,-49.02234093444298,1088.0,9.704172134399414,0.5197626052285531,C,9,,
discovery_engine,102020538_NEG637045736489835935,-637045736489835935,102020538,63.704573695260834,-48.983593566794056,532.0,2.153364658355713,2.6319197060311605,A,10,edge-on,
discovery_engine,102020539_NEG639239120489296299,-639239120489296299,102020539,63.92391201757077,-48.92962998662928,8756.0,18.55022621154785,2.8794080830337765,A,10,,
discovery_engine,102020539_NEG640128983488945077,-640128983488945077,102020539,64.01289835664068,-48.89450774816422,511.0,2.5980818271636963,0.6791803658946816,C,10,,
discovery_engine,102020539_NEG640534948489252606,-640534948489252606,102020539,64.05349482739716,-48.9252606890651,545.0,1.0689679384231567,1.601243558275676,B,10,,
discovery_engine,102020539_NEG640600038490946696,-640600038490946696,102020539,64.06000387282118,-49.094669641481936,411.0,1.272497057914734,1.1314069948511971,C,8,,
discovery_engine,102020539_NEG640635389492036207,-640635389492036207,102020539,64.06353893071444,-49.20362079943839,718.0,2.9641175270080566,0.6543667717698494,C,10,,
discovery_engine,102020539_NEG641266358491325115,-641266358491325115,102020539,64.12663589956577,-49.132511585114,609.0,1.1420265436172483,1.1656804633480635,C,10,,
discovery_engine,102020539_NEG641383802490968352,-641383802490968352,102020539,64.13838028821728,-49.09683520382191,565.0,2.3318865299224854,2.636572607998519,A,10,,
discovery_engine,102020539_NEG641843128489903597,-641843128489903597,102020539,64.18431281382162,-48.99035971370155,701.0,3.4372212886810303,0.5811775885203578,C,8,,
discovery_engine,102020539_NEG642885250488814700,-642885250488814700,102020539,64.28852506159132,-48.88147008679599,309.0,1.256214618682861,2.899314465430896,A,10,,
discovery_engine,102020539_NEG642918926488783807,-642918926488783807,102020539,64.29189269942822,-48.87838072372518,821.0,3.533005475997925,0.5586540976009491,C,10,,
discovery_engine,102020539_NEG643808823489699393,-643808823489699393,102020539,64.38088235368903,-48.96993931739908,778.0,9.039472579956056,0.9072614281591824,C,10,,
discovery_engine,102020540_NEG648022163489084440,-648022163489084440,102020540,64.80221633117397,-48.90844403468158,1029.0,4.034101486206055,1.1730036845418224,C,13,,
discovery_engine,102020540_NEG648126807487882975,-648126807487882975,102020540,64.81268071102309,-48.78829751970496,4102.0,13.684879302978516,1.082530773500762,C,10,,
discovery_engine,102020540_NEG648487152487719231,-648487152487719231,102020540,64.84871520055225,-48.77192310984877,582.0,1.1917128562927246,0.7703103131506291,C,10,,
discovery_engine,102020540_NEG649081615492174385,-649081615492174385,102020540,64.90816155446541,-49.21743851687755,331.0,1.257413029670715,0.5934747369074476,C,10,,
discovery_engine,102020540_NEG650049894490552730,-650049894490552730,102020540,65.00498949952787,-49.05527302615513,812.0,1.9145393371582031,1.0464128419338927,C,10,,
discovery_engine,102021006_NEG554672577486973111,-554672577486973111,102021006,55.46725774971254,-48.69731117993872,274.0,2.0511937141418457,2.439799994996311,A,10,,
discovery_engine,102021006_NEG554942781485728683,-554942781485728683,102021006,55.4942781577554,-48.57286832294837,481.0,0.7553076148033142,1.1807420807818558,C,10,,
discovery_engine,102021007_NEG556958542485869943,-556958542485869943,102021007,55.69585429546549,-48.58699432914154,286.0,0.5735930800437927,0.5832730338148636,C,5,,
discovery_engine,102021007_NEG558990723486843269,-558990723486843269,102021007,55.89907239888039,-48.68432699534499,1320.0,4.477842807769775,1.064282013659787,C,9,,
discovery_engine,102021007_NEG560813724486374371,-560813724486374371,102021007,56.08137242438679,-48.63743711161234,1797.0,13.603163719177246,0.5411903025015224,C,10,,
discovery_engine,102021007_NEG563141497486094443,-563141497486094443,102021007,56.314149707160965,-48.60944436241992,2575.0,10.276511192321776,0.5426483585669958,C,10,,
discovery_engine,102021007_NEG563411407487200799,-563411407487200799,102021007,56.34114074317466,-48.72007997932165,675.0,1.8215638399124143,1.4223935098615326,C,9,,
discovery_engine,102021008_NEG564961223487327476,-564961223487327476,102021008,56.49612236138921,-48.73274764962515,907.0,2.27078628540039,0.7101882891410526,C,9,,
discovery_engine,102021008_NEG565217188485091757,-565217188485091757,102021008,56.5217188772474,-48.509175740784656,473.0,1.4185057878494265,1.0581050924301494,C,10,,
discovery_engine,102021008_NEG569571426487440793,-569571426487440793,102021008,56.95714260917783,-48.74407934750487,2199.0,10.16952133178711,2.3934747369074474,A,10,,
discovery_engine,102021008_NEG569720297483496699,-569720297483496699,102021008,56.972029780448494,-48.34966994918775,746.0,1.978368878364563,0.5111285062854635,C,10,,
discovery_engine,102021008_NEG570579456483983437,-570579456483983437,102021008,57.057945657411096,-48.39834374480432,548.0,0.9920840859413148,0.826819455800036,C,10,,
discovery_engine,102021008_NEG570747663483354572,-570747663483354572,102021008,57.074766391251615,-48.33545720525937,440.0,1.5736626386642456,0.7077101592889624,C,9,,
discovery_engine,102021009_NEG571927441487167873,-571927441487167873,102021009,57.19274419849205,-48.71678734566422,893.0,2.3209340572357178,0.5947359942212417,C,10,,
discovery_engine,102021009_NEG573776119485200927,-573776119485200927,102021009,57.37761197074291,-48.520092736271,500.0,1.653958797454834,0.990978464960764,C,10,,
discovery_engine,102021009_NEG574016101486422872,-574016101486422872,102021009,57.40161014089046,-48.64228723089045,588.0,2.421917676925659,1.03621711944673,C,9,,
discovery_engine,102021009_NEG574398572483237201,-574398572483237201,102021009,57.43985729849906,-48.32372012931092,695.0,2.011558771133423,0.6889264367052153,C,10,,
discovery_engine,102021009_NEG574581869483003116,-574581869483003116,102021009,57.45818699270531,-48.30031162476143,660.0,1.46607506275177,0.5295981322723816,C,10,,
discovery_engine,102021009_NEG576321225486265981,-576321225486265981,102021009,57.632122572245386,-48.62659811554203,847.0,1.3215506076812744,0.7752516795834479,C,9,,
discovery_engine,102021009_NEG576871295486073280,-576871295486073280,102021009,57.68712958017167,-48.60732803273318,408.0,1.0106161832809448,0.5564398382776732,C,9,,
discovery_engine,102021009_NEG577024787484062221,-577024787484062221,102021009,57.70247875982041,-48.40622214909423,1933.0,3.6846206188201904,2.505657438483567,A,10,,
discovery_engine,102021009_NEG577036653486515742,-577036653486515742,102021009,57.70366533000543,-48.65157425937564,313.0,8.271590232849121,0.6560129507147774,C,9,,
discovery_engine,102021009_NEG578022868482611486,-578022868482611486,102021009,57.802286868371326,-48.261148668394654,273.0,1.809637665748596,0.7466156693048047,C,10,,
discovery_engine,102021009_NEG578130072487019526,-578130072487019526,102021009,57.81300726845495,-48.70195269063586,1482.0,4.38681173324585,0.5244642072253294,C,10,,
discovery_engine,102021009_NEG578160193487060422,-578160193487060422,102021009,57.816019370915015,-48.70604224916645,1828.0,9.049571990966797,1.0538815892922395,C,10,,
discovery_engine,102021010_NEG581199679484613010,-581199679484613010,102021010,58.119967906294704,-48.46130106505595,912.0,1.6918578147888184,1.841558328452543,B,10,,
discovery_engine,102021010_NEG581221924484658711,-581221924484658711,102021010,58.12219245355555,-48.465871175011934,544.0,5.761772632598877,0.6538815892922396,C,10,,
discovery_engine,102021010_NEG582354431484549954,-582354431484549954,102021010,58.23544311042937,-48.45499541252004,708.0,1.6644402742385864,1.350037322224599,C,11,,
discovery_engine,102021010_NEG582858506482952737,-582858506482952737,102021010,58.28585062422439,-48.29527376599109,1694.0,5.509877681732178,1.2625853425794191,C,9,,
discovery_engine,102021010_NEG583512189487253902,-583512189487253902,102021010,58.35121899310811,-48.72539023580328,1115.0,5.154008865356445,0.8263008110512082,C,10,,
discovery_engine,102021010_NEG584138691483246425,-584138691483246425,102021010,58.41386916675,-48.32464251446427,1234.0,3.152053117752075,1.077671002111907,C,10,,
discovery_engine,102021010_NEG584521494484296701,-584521494484296701,102021010,58.45214946530722,-48.42967010774935,2007.0,4.264496803283691,0.5901061444186764,C,10,,
discovery_engine,102021011_NEG586856814483723000,-586856814483723000,102021011,58.68568146488402,-48.37230006691332,552.0,1.1084794998168943,1.0139662184810971,C,10,,
discovery_engine,102021011_NEG587626130482469179,-587626130482469179,102021011,58.762613004375176,-48.24691790089251,10886.0,13.83904266357422,0.6062786427306064,C,10,,
discovery_engine,102021011_NEG588357444484020303,-588357444484020303,102021011,58.83574442122505,-48.40203033359483,605.0,1.078155279159546,1.046595532689624,C,10,,
discovery_engine,102021011_NEG588420462485116610,-588420462485116610,102021011,58.84204627730293,-48.51166104377236,493.0,1.2939738035202026,0.8030748433547356,C,10,,
discovery_engine,102021011_NEG588903745486978389,-588903745486978389,102021011,58.89037455948719,-48.697838938470014,2529.0,9.348471641540527,0.8645248438557745,C,10,,
discovery_engine,102021011_NEG589107956487132598,-589107956487132598,102021011,58.910795606897146,-48.71325980955586,3829.0,10.427939414978027,1.4947359942212417,C,10,,
discovery_engine,102021011_NEG589357899484767912,-589357899484767912,102021011,58.93578992552295,-48.47679121719382,628.0,3.4020252227783203,0.9347322733593574,C,10,,
discovery_engine,102021011_NEG590117496486566071,-590117496486566071,102021011,59.011749601942284,-48.65660714514665,405.0,1.836804747581482,0.8825307735007618,C,10,,
discovery_engine,102021011_NEG591136543486956988,-591136543486956988,102021011,59.11365439764693,-48.695698821308525,262.0,2.401863813400269,0.5030748433547356,C,10,,
discovery_engine,102021011_NEG592064065487190414,-592064065487190414,102021011,59.20640659328255,-48.7190414947958,426.0,1.0263004302978516,0.5538815892922396,C,10,,
discovery_engine,102021011_NEG593022245483847216,-593022245483847216,102021011,59.30222456961064,-48.38472162313521,5832.0,21.356077194213867,0.6572767529776129,C,10,,
discovery_engine,102021011_NEG593085948485199205,-593085948485199205,102021011,59.30859483723538,-48.51992050131344,616.0,3.3433938026428223,0.5030748433547356,C,10,,
discovery_engine,102021012_NEG594949811484370392,-594949811484370392,102021012,59.49498119255693,-48.43703927614104,1025.0,3.1649694442749023,1.384164000040134,C,9,,
discovery_engine,102021012_NEG594963796484947260,-594963796484947260,102021012,59.49637969470766,-48.494726093546255,2338.0,4.3133955001831055,2.551263296523234,A,10,,
discovery_engine,102021012_NEG595169103486142432,-595169103486142432,102021012,59.51691032764612,-48.61424323766082,3426.0,7.230938911437988,0.6813434264646276,C,9,,
discovery_engine,102021012_NEG595262858487201567,-595262858487201567,102021012,59.52628586297582,-48.72015674624813,549.0,3.852683067321777,0.7159043611581658,C,10,,
discovery_engine,102021012_NEG595708567482683058,-595708567482683058,102021012,59.57085670837414,-48.268305860106864,6148.0,18.71089744567871,0.989284516012756,C,10,,
discovery_engine,102021012_NEG595807815483116843,-595807815483116843,102021012,59.58078150513329,-48.31168430485456,2104.0,6.500669956207275,1.5029817862906425,B,10,,
discovery_engine,102021012_NEG596940363485601285,-596940363485601285,102021012,59.69403632566974,-48.56012856170481,583.0,1.5295166969299316,0.5564398382776732,C,9,,
discovery_engine,102021012_NEG600149369484993154,-600149369484993154,102021012,60.01493695571873,-48.49931545879527,8664.0,21.33335876464844,0.6379009487928956,C,9,,
discovery_engine,102021012_NEG601215062486503554,-601215062486503554,102021012,60.12150629839887,-48.650355479908384,523.0,1.4555619955062866,0.7899293947006687,C,10,,
discovery_engine,102021013_NEG602822750487453093,-602822750487453093,102021013,60.28227505811509,-48.74530936772325,262.0,1.1842126846313477,0.70812041724858,C,10,,
discovery_engine,102021013_NEG602940269483238112,-602940269483238112,102021013,60.29402695508576,-48.32381123584299,3260.0,7.911693572998047,1.6361062908356074,B,10,,
discovery_engine,102021013_NEG602988184483617128,-602988184483617128,102021013,60.29881840397395,-48.36171286318531,2043.0,7.43304967880249,0.8316670002222162,C,10,,
discovery_engine,102021013_NEG604696411486606644,-604696411486606644,102021013,60.46964113152798,-48.66066443249788,486.0,2.1428236961364746,0.6504584040745893,C,9,,
discovery_engine,102021013_NEG605843340486369332,-605843340486369332,102021013,60.5843340842864,-48.63693325380095,1079.0,6.183372974395752,1.1825307735007615,C,10,,
discovery_engine,102021013_NEG605941776485915182,-605941776485915182,102021013,60.59417762677664,-48.59151821740346,884.0,2.730097532272339,0.8153743139256984,C,10,,
discovery_engine,102021013_NEG606090281487314103,-606090281487314103,102021013,60.60902818000293,-48.73141034503661,2340.0,10.699145317077637,1.5504584040745892,B,9,,
discovery_engine,102021013_NEG606480703483010795,-606480703483010795,102021013,60.64807031908833,-48.30107953483468,375.0,1.0993759632110596,0.5264871162306689,C,10,,
discovery_engine,102021013_NEG606650021484166004,-606650021484166004,102021013,60.66500213328507,-48.41660044418788,590.0,1.7103850841522217,0.8596584815975492,C,10,,
discovery_engine,102021013_NEG608771245486095915,-608771245486095915,102021013,60.87712452721987,-48.60959152009459,515.0,2.212277889251709,0.9021654753136982,C,10,,
discovery_engine,102021013_NEG608789354485750504,-608789354485750504,102021013,60.878935470446514,-48.57505047214687,1779.0,4.37658166885376,0.5175740224200286,C,10,,
discovery_engine,102021014_NEG609303754484679111,-609303754484679111,102021014,60.93037548665362,-48.46791114023637,705.0,3.827534914016724,0.7382878168105271,C,10,,
discovery_engine,102021014_NEG609453179483678619,-609453179483678619,102021014,60.94531798043097,-48.367861920833775,2483.0,3.470198392868042,0.6867649739000017,C,11,,
discovery_engine,102021014_NEG610047486487275523,-610047486487275523,102021014,61.0047486834014,-48.72755230023029,4517.0,10.63088321685791,2.008863584436921,A,10,,
discovery_engine,102021014_NEG610159124485143408,-610159124485143408,102021014,61.015912465197296,-48.51434080387827,624.0,3.8124091625213614,0.62085013976106,C,10,,
discovery_engine,102021014_NEG611391258485761386,-611391258485761386,102021014,61.13912585622879,-48.57613864718561,750.0,1.809800386428833,0.6924420058493845,C,10,,
discovery_engine,102021014_NEG612545150486042170,-612545150486042170,102021014,61.25451503132635,-48.60421707977,592.0,2.553988456726074,2.591399263450381,A,9,,
discovery_engine,102021014_NEG613079192485972780,-613079192485972780,102021014,61.30791924056082,-48.59727804187936,290.0,1.5241692066192627,0.7441998689374109,C,10,,
discovery_engine,102021014_NEG613485369484424521,-613485369484424521,102021014,61.34853690397672,-48.44245213490222,1099.0,3.6805050373077393,0.7442814828449515,C,10,,
discovery_engine,102021014_NEG613524515483265210,-613524515483265210,102021014,61.35245155323109,-48.32652101536063,943.0,4.481653213500977,1.4581050924301493,C,10,,
discovery_engine,102021014_NEG613552795482722691,-613552795482722691,102021014,61.35527953096157,-48.272269146205225,1369.0,6.5103440284729,1.5181183267977278,B,10,,
discovery_engine,102021014_NEG613590788486654619,-613590788486654619,102021014,61.3590788743878,-48.66546196517829,414.0,1.0504339933395386,0.92832685992594,C,10,,
discovery_engine,102021014_NEG614981615482506340,-614981615482506340,102021014,61.49816157729836,-48.25063403193359,424.0,1.40859055519104,1.7156011011037182,B,10,,
discovery_engine,102021014_NEG615015771483563755,-615015771483563755,102021014,61.50157711548515,-48.3563755318778,1224.0,4.937201023101807,0.7178852166893483,C,10,,
discovery_engine,102021014_NEG616133820483754774,-616133820483754774,102021014,61.61338207712614,-48.37547746153754,1887.0,3.79755449295044,2.2946156684180385,A,10,,
discovery_engine,102021014_NEG616136230483785728,-616136230483785728,102021014,61.61362303039847,-48.37857286659933,644.0,2.346928119659424,1.0653377955360224,C,9,,
discovery_engine,102021015_NEG616932997484302318,-616932997484302318,102021015,61.69329975421426,-48.430231815488426,13368.0,23.03598976135254,1.7236752777314757,B,10,,
discovery_engine,102021015_NEG617560137484578866,-617560137484578866,102021015,61.75601377501509,-48.45788663007414,2296.0,10.793710708618164,1.2410111335846328,C,10,,
discovery_engine,102021015_NEG618696658485798206,-618696658485798206,102021015,61.869665865446464,-48.57982063444287,215.0,1.797546148300171,0.8664560241824737,C,9,,
discovery_engine,102021015_NEG618949565484990600,-618949565484990600,102021015,61.89495654253149,-48.49906005727714,444.0,2.5934479236602783,0.508083498915117,C,10,,
discovery_engine,102021015_NEG619381546484038462,-619381546484038462,102021015,61.93815461677231,-48.40384622587623,1426.0,4.687381744384766,0.8595560080445109,C,10,,
discovery_engine,102021015_NEG620343086487063025,-620343086487063025,102021015,62.0343086377711,-48.706302596157386,2019.0,3.5861706733703613,0.8006639797276314,C,11,,
discovery_engine,102021015_NEG620897273485969972,-620897273485969972,102021015,62.0897273819312,-48.59699723797093,818.0,3.5861761569976807,1.0538815892922395,C,10,,
discovery_engine,102021015_NEG622080925483400126,-622080925483400126,102021015,62.20809258937844,-48.34001264538855,1187.0,7.698765277862549,0.5854838128766535,C,11,,
discovery_engine,102021015_NEG622693049485151062,-622693049485151062,102021015,62.26930498239907,-48.51510622204891,467.0,0.6240577101707458,0.7651802217712826,C,10,,
discovery_engine,102021015_NEG623700251483324834,-623700251483324834,102021015,62.37002510810501,-48.33248343871851,637.0,1.9856315851211548,1.2982389237973415,C,10,,
discovery_engine,102021016_NEG625491140482568245,-625491140482568245,102021016,62.5491140915176,-48.25682452879364,8088.0,19.952224731445312,0.6442814828449517,C,10,,
discovery_engine,102021016_NEG626678160486839020,-626678160486839020,102021016,62.66781600751191,-48.68390205226024,924.0,2.94636344909668,2.1893870980752124,A,11,edge-on,
discovery_engine,102021016_NEG626855046484045681,-626855046484045681,102021016,62.68550462996505,-48.40456817772637,3453.0,14.956568717956545,0.7508692932240651,C,10,,
discovery_engine,102021016_NEG627765430484619992,-627765430484619992,102021016,62.77654309973087,-48.46199923060413,1220.0,7.1508636474609375,1.285349874165779,C,10,,
discovery_engine,102021016_NEG627891706482718950,-627891706482718950,102021016,62.78917068450788,-48.27189506638918,1547.0,9.31733226776123,2.2126838042306813,A,10,complete ring,
discovery_engine,102021016_NEG627937046483290884,-627937046483290884,102021016,62.793704662662094,-48.32908846893992,4628.0,1.6318318843841553,2.3877684465289706,A,10,,
discovery_engine,102021016_NEG627958101485058395,-627958101485058395,102021016,62.79581011647911,-48.50583959732226,422.0,1.4102497100830078,0.7843326906954107,C,9,,
discovery_engine,102021016_NEG628079035487056786,-628079035487056786,102021016,62.80790356304455,-48.705678639862526,535.0,0.9286882281303406,0.583350879709289,C,10,,
discovery_engine,102021016_NEG629139696484887212,-629139696484887212,102021016,62.91396966118239,-48.48872120604349,2762.0,8.987945556640625,2.10389691411067,A,10,,
discovery_engine,102021016_NEG629685198482852633,-629685198482852633,102021016,62.96851985754328,-48.285263348191855,1955.0,2.638924598693848,1.5319197060311605,B,10,,
discovery_engine,102021016_NEG630231237482714652,-630231237482714652,102021016,63.02312371374208,-48.27146523049288,504.0,1.279563546180725,0.8107848188303368,C,10,,
discovery_engine,102021016_NEG631041009485315526,-631041009485315526,102021016,63.10410097124396,-48.531552693502384,501.0,0.8937792181968689,1.2512939588995238,C,10,,
discovery_engine,102021017_NEG632531483485434233,-632531483485434233,102021017,63.25314839312492,-48.54342336816487,1134.0,4.371182918548584,0.9703103131506292,C,10,,
discovery_engine,102021017_NEG632608584486241999,-632608584486241999,102021017,63.260858483937504,-48.62419992229503,2873.0,9.741724014282228,0.8610085191475564,C,10,,
discovery_engine,102021017_NEG633207820486535571,-633207820486535571,102021017,63.32078207823651,-48.6535571859489,520.0,2.456979513168335,1.8019978815747448,B,10,,
discovery_engine,102021017_NEG633272522484621042,-633272522484621042,102021017,63.327252266163725,-48.46210426415964,1180.0,2.13670015335083,1.0880730285581874,C,10,,
discovery_engine,102021017_NEG634146279486865014,-634146279486865014,102021017,63.41462793838686,-48.6865014442007,937.0,4.83929967880249,3.0388510528475066,A,11,complete ring,
discovery_engine,102021017_NEG634496980482939980,-634496980482939980,102021017,63.44969808735095,-48.2939980344056,527.0,1.6281253099441528,0.7442814828449515,C,10,,
discovery_engine,102021017_NEG634525028482952074,-634525028482952074,102021017,63.452502844517205,-48.29520744881363,677.0,2.0831832885742188,1.05694947293786,C,10,,
discovery_engine,102021017_NEG635600854482948657,-635600854482948657,102021017,63.56008542747315,-48.294865764560825,2132.0,7.593028545379639,0.6211868452766174,C,10,,
discovery_engine,102021017_NEG635729548483748167,-635729548483748167,102021017,63.572954840693086,-48.37481678052541,1572.0,8.163082122802734,0.7104652275350531,C,10,,
discovery_engine,102021017_NEG636257236483655722,-636257236483655722,102021017,63.62572363592874,-48.3655722244415,570.0,4.152157306671143,0.8270435749538994,C,9,,
discovery_engine,102021017_NEG637920645482671115,-637920645482671115,102021017,63.79206451568327,-48.26711151033574,4440.0,15.459056854248049,1.2642820136597872,C,9,,
discovery_engine,102021017_NEG637928660482715254,-637928660482715254,102021017,63.79286609060805,-48.27152549809416,305.0,0.9339508414268494,2.0764997430225227,A,10,,
discovery_engine,102021017_NEG638909782483574947,-638909782483574947,102021017,63.89097822787195,-48.35749473957648,364.0,1.119482159614563,0.9987304800579392,C,9,,
discovery_engine,102021018_NEG639013267483197429,-639013267483197429,102021018,63.90132678879985,-48.31974291123927,480.0,7.627991199493408,1.3105540077712663,C,10,,
discovery_engine,102021018_NEG640120110483854165,-640120110483854165,102021018,64.01201105416371,-48.385416518032095,880.0,6.088562965393066,2.6079247069095928,A,10,edge-on,
discovery_engine,102021018_NEG643324492486804543,-643324492486804543,102021018,64.33244928492651,-48.680454344381054,766.0,2.270074844360352,1.482041781020455,C,9,,
discovery_engine,102021019_NEG648088529485996115,-648088529485996115,102021019,64.80885291200053,-48.59961150322062,1680.0,5.98591423034668,1.082530773500762,C,10,,
discovery_engine,102021019_NEG648403474486111793,-648403474486111793,102021019,64.84034740347388,-48.61117939436038,534.0,1.320127248764038,0.7581050924301493,C,10,,
discovery_engine,102021019_NEG648604159482574245,-648604159482574245,102021019,64.86041595751173,-48.25742452340862,3411.0,16.279123306274414,0.5538815892922396,C,10,,
discovery_engine,102021019_NEG651373051484833541,-651373051484833541,102021019,65.1373051006358,-48.48335418716708,233.0,1.4773598909378052,0.9825307735007618,C,10,,
discovery_engine,102021019_NEG651956451483599583,-651956451483599583,102021019,65.1956451002235,-48.35995837358245,1208.0,2.0966031551361084,2.942795067548398,A,8,,
discovery_engine,102021019_NEG652008049483896552,-652008049483896552,102021019,65.20080494093433,-48.389655285573824,2498.0,4.999335765838623,0.6752805697953519,C,10,,
discovery_engine,102021019_NEG652726602487221405,-652726602487221405,102021019,65.27266029932974,-48.72214053870264,986.0,2.785343170166016,1.1076701398671538,C,10,,
discovery_engine,102021020_NEG656951229482999258,-656951229482999258,102021020,65.69512293447303,-48.29992584867339,545.0,1.8527616262435915,1.803326158725648,B,9,,
discovery_engine,102021020_NEG657198541487371881,-657198541487371881,102021020,65.71985412655512,-48.73718810552533,3760.0,3.6193792819976807,1.4483864537418576,C,10,,
discovery_engine,102021020_NEG657545464483151702,-657545464483151702,102021020,65.7545464958331,-48.31517021319289,316.0,1.4010701179504397,2.2014383415320324,A,10,,
discovery_engine,102021020_NEG660381565485433257,-660381565485433257,102021020,66.03815659155667,-48.543325721627845,923.0,4.998669624328613,0.8243443351132461,C,10,,
discovery_engine,102021490_NEG565617838481055592,-565617838481055592,102021490,56.56178380958547,-48.10555923794155,900.0,4.017871856689453,0.5754748027353342,C,10,,
discovery_engine,102021490_NEG565882006478222247,-565882006478222247,102021490,56.58820060233531,-47.82222470819359,3580.0,11.712838172912598,0.8362171194467303,C,9,,
discovery_engine,102021491_NEG568362524478322919,-568362524478322919,102021491,56.83625248176057,-47.8322919399852,855.0,4.663515567779541,1.082869797352714,C,10,,
discovery_engine,102021491_NEG570203012480561345,-570203012480561345,102021491,57.02030124857114,-48.05613453208488,1529.0,4.6185736656188965,0.8072614281591823,C,10,,
discovery_engine,102021491_NEG570394788479536587,-570394788479536587,102021491,57.0394788907291,-47.953658718613625,835.0,1.50300133228302,0.7502331248352763,C,10,,
discovery_engine,102021491_NEG570398063481393502,-570398063481393502,102021491,57.03980634193037,-48.1393502734112,2468.0,9.665226936340332,1.1651967374608003,C,10,,
discovery_engine,102021491_NEG571094163482130580,-571094163482130580,102021491,57.10941638325651,-48.21305806494486,602.0,2.091249465942383,0.9597383189695216,C,9,,
discovery_engine,102021491_NEG571345829477653406,-571345829477653406,102021491,57.13458292532511,-47.76534068188999,1096.0,5.881515026092529,1.6419858020608546,B,10,,
discovery_engine,102021491_NEG571715032478477862,-571715032478477862,102021491,57.17150323964964,-47.84778624379283,358.0,1.247290015220642,1.239871815806751,C,9,,
discovery_engine,102021492_NEG573907589479199428,-573907589479199428,102021492,57.39075896207704,-47.91994282884752,4377.0,20.03713798522949,1.3936926457271157,C,10,,
discovery_engine,102021492_NEG574919744480148019,-574919744480148019,102021492,57.49197448818935,-48.01480195788375,609.0,1.540616154670715,0.5682557529385652,C,10,,
discovery_engine,102021492_NEG575201344482287786,-575201344482287786,102021492,57.52013446409377,-48.228778611310375,289.0,0.989551603794098,2.310188289141053,A,9,,
discovery_engine,102021492_NEG577737570480620928,-577737570480620928,102021492,57.77375700759568,-48.06209283626029,356.0,1.0581361055374146,0.6825307735007619,C,10,,
discovery_engine,102021492_NEG579460447477747720,-579460447477747720,102021492,57.94604475103274,-47.77477209107829,5915.0,19.58571052551269,1.7930851399773062,B,10,,
discovery_engine,102021492_NEG580553783482399812,-580553783482399812,102021492,58.05537835500126,-48.2399812580102,723.0,3.043198347091675,2.482844912565819,A,9,,
discovery_engine,102021493_NEG581564048482236214,-581564048482236214,102021493,58.15640486650484,-48.223621424330574,363.0,1.770496129989624,0.8156011011037183,C,10,,
discovery_engine,102021493_NEG581860128478845996,-581860128478845996,102021493,58.18601286494247,-47.88459967657007,275.0,1.2740217447280884,0.5972195878713967,C,10,,
discovery_engine,102021493_NEG583380599480841946,-583380599480841946,102021493,58.33805998902349,-48.08419465949512,1769.0,5.455955028533936,1.552787700623697,B,10,,
discovery_engine,102021493_NEG583996370478097363,-583996370478097363,102021493,58.3996370910881,-47.809736314072495,669.0,1.993281841278076,0.8575052713387196,C,10,,
discovery_engine,102021493_NEG584317889477816598,-584317889477816598,102021493,58.43178892264506,-47.781659836956656,674.0,1.729999303817749,1.5012882135190062,B,10,,
discovery_engine,102021493_NEG584908045481892408,-584908045481892408,102021493,58.49080454415064,-48.18924082046728,457.0,1.662044644355774,1.596283065648314,B,9,,
discovery_engine,102021493_NEG585107701479914391,-585107701479914391,102021493,58.51077017836327,-47.99143915194784,1573.0,4.241538047790527,0.8504584040745893,C,9,,
discovery_engine,102021493_NEG585387007479892009,-585387007479892009,102021493,58.53870075650168,-47.98920093799922,761.0,1.689275145530701,0.7641646576972796,C,10,,
discovery_engine,102021493_NEG586398445479765591,-586398445479765591,102021493,58.6398445644672,-47.97655913222404,473.0,1.5375794172286987,2.703750875856505,A,10,,
discovery_engine,102021493_NEG586497040481287158,-586497040481287158,102021493,58.64970409757395,-48.1287158603793,4444.0,17.852657318115234,0.7966487842785278,C,10,,
discovery_engine,102021493_NEG587598309479594413,-587598309479594413,102021493,58.75983092651486,-47.95944131303849,1061.0,3.554370641708374,0.9631521857626014,C,10,,
discovery_engine,102021493_NEG587807121477852004,-587807121477852004,102021493,58.78071211885828,-47.78520044646224,1370.0,11.403660774230955,2.344281482844951,A,10,,
discovery_engine,102021494_NEG588749668478231240,-588749668478231240,102021494,58.874966889468126,-47.82312408295492,2334.0,9.373870849609377,0.8319197060311605,C,10,,
discovery_engine,102021494_NEG588999057477827439,-588999057477827439,102021494,58.89990579799713,-47.78274396338612,427.0,2.098891496658325,1.0245609038970502,C,9,,
discovery_engine,102021494_NEG589187716478641961,-589187716478641961,102021494,58.918771661340784,-47.86419614253617,523.0,5.419235706329346,0.5136591249652485,C,10,,
discovery_engine,102021494_NEG590421790482201201,-590421790482201201,102021494,59.04217900670604,-48.22012013661737,399.0,1.1748114824295044,1.2057382693144862,C,10,,
discovery_engine,102021494_NEG591535260481236464,-591535260481236464,102021494,59.15352603952252,-48.12364643178168,315.0,1.4921797513961792,1.034982189460089,C,10,,
discovery_engine,102021494_NEG592369531479246884,-592369531479246884,102021494,59.23695311419485,-47.92468845123256,347.0,1.2569600343704224,0.6719941424967946,C,10,,
discovery_engine,102021495_NEG595919400477506676,-595919400477506676,102021495,59.59194007414837,-47.75066768729723,10219.0,7.270340919494629,0.8581050924301493,C,10,,
discovery_engine,102021495_NEG596705787481338553,-596705787481338553,102021495,59.67057874004436,-48.13385535539454,1256.0,1.9152525663375848,1.8101882891410528,B,9,,
discovery_engine,102021495_NEG597249811481474372,-597249811481474372,102021495,59.72498119674995,-48.14743723813819,656.0,4.392999649047852,0.8825307735007618,C,10,,
discovery_engine,102021495_NEG598013403481810236,-598013403481810236,102021495,59.80134035363525,-48.181023659050034,630.0,4.003741264343262,0.609808132631441,C,9,,
discovery_engine,102021495_NEG598581476478977498,-598581476478977498,102021495,59.85814761288327,-47.89774989415692,1056.0,4.208283424377441,0.7794002405355871,C,9,,
discovery_engine,102021495_NEG598643770480248820,-598643770480248820,102021495,59.86437700380648,-48.02488205641152,654.0,2.7822561264038086,0.5752805697953519,C,10,,
discovery_engine,102021495_NEG599367482480644561,-599367482480644561,102021495,59.93674824813309,-48.06445615871568,4174.0,12.51657772064209,0.5514692560245119,C,9,,
discovery_engine,102021495_NEG601313605481492453,-601313605481492453,102021495,60.131360580454746,-48.14924532293148,713.0,2.3327231407165527,0.5319197060311607,C,10,,
discovery_engine,102021495_NEG602597639478580614,-602597639478580614,102021495,60.259763935786886,-47.85806145069665,313.0,1.1400483846664429,0.9077725227621624,C,10,,
discovery_engine,102021496_NEG603335199478099381,-603335199478099381,102021496,60.33351994539934,-47.80993814195615,409.0,1.4532554149627686,1.9272789971017767,B,10,,
discovery_engine,102021496_NEG605312492481682978,-605312492481682978,102021496,60.53124927137671,-48.16829788672272,456.0,0.9861892461776732,1.0441514291452572,C,10,,
discovery_engine,102021496_NEG607268369478886909,-607268369478886909,102021496,60.7268369210408,-47.888690930516574,722.0,1.6915229558944702,0.9791803658946816,C,10,,
discovery_engine,102021496_NEG609173325479005768,-609173325479005768,102021496,60.917332501501086,-47.90057688208192,1347.0,3.104450464248657,0.8952800865950417,C,9,,
discovery_engine,102021496_NEG609864541480531086,-609864541480531086,102021496,60.98645414282353,-48.05310865036895,2826.0,11.161760330200195,1.0970342407812306,C,10,,
discovery_engine,102021496_NEG610335578478019427,-610335578478019427,102021496,61.0335578440116,-47.8019427549002,4003.0,11.033062934875488,1.444707568236152,C,10,,
discovery_engine,102021497_NEG610922415481707619,-610922415481707619,102021497,61.09224153169444,-48.17076195920208,346.0,3.230506658554077,1.0343948267179504,C,10,,
discovery_engine,102021497_NEG611109580479502153,-611109580479502153,102021497,61.11095801558679,-47.95021536999648,34075.0,8.88657283782959,0.7724433508425813,C,10,,
discovery_engine,102021497_NEG611119324478002070,-611119324478002070,102021497,61.11193241091936,-47.80020708380396,3487.0,10.65832805633545,1.4642820136597872,C,9,,
discovery_engine,102021497_NEG611619511482439814,-611619511482439814,102021497,61.16195118431826,-48.24398145214226,631.0,4.286399841308594,0.5741080097120453,C,10,,
discovery_engine,102021497_NEG611694459481354870,-611694459481354870,102021497,61.16944594252457,-48.13548704773953,1686.0,6.50663423538208,1.9415583284525428,B,10,,
discovery_engine,102021497_NEG614032291480334478,-614032291480334478,102021497,61.403229175291656,-48.03344788092096,1071.0,4.3173346519470215,1.0206081588664315,C,11,,
discovery_engine,102021497_NEG615658160478755691,-615658160478755691,102021497,61.56581602527029,-47.875569126860064,593.0,2.5524704456329346,2.074798129550403,A,8,,
discovery_engine,102021497_NEG616676283480988708,-616676283480988708,102021497,61.667628346694414,-48.09887083764898,467.0,2.078777313232422,0.6361062908356073,C,10,,
discovery_engine,102021498_NEG618131396479801881,-618131396479801881,102021498,61.81313962056111,-47.98018813499271,1151.0,2.232112407684326,1.009044157343404,C,10,,
discovery_engine,102021498_NEG618399040480609868,-618399040480609868,102021498,61.83990409522978,-48.06098685532918,783.0,2.23079514503479,0.9825307735007618,C,10,,
discovery_engine,102021498_NEG619642346479352049,-619642346479352049,102021498,61.96423465952516,-47.935204910901845,454.0,2.10785174369812,0.5852995448981033,C,10,,
discovery_engine,102021498_NEG620306655481048487,-620306655481048487,102021498,62.03066556606032,-48.10484877506872,652.0,1.1544474363327026,0.5030748433547356,C,10,,
discovery_engine,102021498_NEG620329278477781450,-620329278477781450,102021498,62.03292786095677,-47.778145015104286,384.0,1.08950936794281,1.3629573089556553,C,10,,
discovery_engine,102021498_NEG620710751479897662,-620710751479897662,102021498,62.07107515139318,-47.98976626518308,1290.0,3.4130609035491943,1.5581050924301494,B,10,,
discovery_engine,102021498_NEG621915366481166921,-621915366481166921,102021498,62.19153663189918,-48.11669215732682,519.0,2.403584241867065,0.9916495910976236,C,10,,
discovery_engine,102021498_NEG622697531480704134,-622697531480704134,102021498,62.26975319129441,-48.07041343601949,2336.0,7.3881330490112305,2.5796518576430896,A,10,,
discovery_engine,102021498_NEG623864453481728686,-623864453481728686,102021498,62.386445361422936,-48.172868622730206,874.0,4.662442207336426,1.061198975499423,C,10,,
discovery_engine,102021498_NEG624123929479625937,-624123929479625937,102021498,62.41239299196649,-47.96259373103239,6726.0,11.336247444152832,0.8086852166893485,C,10,,
discovery_engine,102021498_NEG624325398480380683,-624325398480380683,102021498,62.432539812969225,-48.038068381349255,303.0,1.020959973335266,0.600165753919895,C,10,,
discovery_engine,102021498_NEG624927435479300584,-624927435479300584,102021498,62.49274350488107,-47.9300584176271,1409.0,1.903739094734192,0.8009129154508795,C,9,,
discovery_engine,102021499_NEG625837413480365274,-625837413480365274,102021499,62.58374134164092,-48.03652748706808,1100.0,5.715707302093506,1.1050218499574032,C,11,,
discovery_engine,102021499_NEG627250990481307392,-627250990481307392,102021499,62.72509906853519,-48.130739214678734,2910.0,12.363296508789062,0.5275834468823036,C,10,,
discovery_engine,102021499_NEG628042951482285714,-628042951482285714,102021499,62.80429513652352,-48.228571450804566,1754.0,4.133514404296875,1.8731648260121765,B,10,,
discovery_engine,102021499_NEG628657058481893904,-628657058481893904,102021499,62.86570588035712,-48.18939043881491,1071.0,3.809502363204956,0.7442814828449515,C,10,,
discovery_engine,102021499_NEG629500609478261132,-629500609478261132,102021499,62.95006095311768,-47.82611320305374,2627.0,8.74215030670166,0.6682181714352572,C,9,,
discovery_engine,102021499_NEG629808616479478170,-629808616479478170,102021499,62.98086161454464,-47.947817064040656,640.0,3.6677212715148926,0.7108869917838261,C,10,,
discovery_engine,102021499_NEG630283151478334717,-630283151478334717,102021499,63.028315136446025,-47.8334717012344,242.0,1.623282790184021,2.426362157362722,A,10,,
discovery_engine,102021499_NEG631323422479949628,-631323422479949628,102021499,63.13234225032457,-47.994962855931306,571.0,1.4158300161361694,2.763152185762601,A,10,,
discovery_engine,102021499_NEG631671876480407401,-631671876480407401,102021499,63.16718764004243,-48.0407401739346,975.0,3.1961915493011475,1.3688792121435192,C,10,,
discovery_engine,102021499_NEG632503018480736583,-632503018480736583,102021499,63.25030187037567,-48.073658352372775,4552.0,7.057076454162598,1.6181257163159968,B,11,,
discovery_engine,102021500_NEG634215510477906558,-634215510477906558,102021500,63.421551063909256,-47.79065581459536,331.0,1.241148829460144,0.9062786427306064,C,10,,
discovery_engine,102021500_NEG634443672480293024,-634443672480293024,102021500,63.44436722975666,-48.02930246424127,4193.0,8.714859008789062,0.9438159845728664,C,10,,
discovery_engine,102021500_NEG634825031480858591,-634825031480858591,102021500,63.4825031720081,-48.08585916903265,579.0,2.672450065612793,0.641397900531637,C,10,,
discovery_engine,102021500_NEG634935654480875013,-634935654480875013,102021500,63.49356548025317,-48.08750131157612,1117.0,8.193061828613281,0.7441998689374109,C,10,,
discovery_engine,102021500_NEG635349368479413467,-635349368479413467,102021500,63.53493682503625,-47.941346773392986,366.0,2.5475432872772217,1.096283065648314,C,9,,
discovery_engine,102021500_NEG635469845482022315,-635469845482022315,102021500,63.546984578181146,-48.20223151222186,485.0,1.701815843582153,1.0425307985954608,C,9,,
discovery_engine,102021500_NEG636294430480333264,-636294430480333264,102021500,63.629443096530274,-48.03332641580719,7231.0,14.300979614257812,2.4585084658044063,A,10,,
discovery_engine,102021500_NEG636304903478912552,-636304903478912552,102021500,63.6304903761334,-47.891255294580205,413.0,2.198969841003418,0.6317240275632579,C,10,,
discovery_engine,102021500_NEG636862073478549953,-636862073478549953,102021500,63.68620732648826,-47.854995308359584,2601.0,4.131517887115479,1.5331226908491404,B,9,,
discovery_engine,102021500_NEG636868197478599642,-636868197478599642,102021500,63.68681976408576,-47.859964256094365,447.0,3.3012120723724365,1.494615668418039,C,10,,
discovery_engine,102021500_NEG637829302480663592,-637829302480663592,102021500,63.78293028523691,-48.06635928983304,345.0,1.3442920446395874,0.7857428098962219,C,10,,
discovery_engine,102021500_NEG639412124481631646,-639412124481631646,102021500,63.94121244427585,-48.163164679619314,1018.0,3.1056101322174072,0.8261941304364224,C,8,,
discovery_engine,102021500_NEG640078096479883781,-640078096479883781,102021500,64.00780969342749,-47.98837811205578,9291.0,8.524681091308594,0.6467484965419652,C,10,,
discovery_engine,102021501_NEG640384523477731798,-640384523477731798,102021501,64.03845237933922,-47.77317989254979,2738.0,9.033836364746094,0.6079671722034871,C,11,,
discovery_engine,102021501_NEG641175215482169059,-641175215482169059,102021501,64.1175215624337,-48.21690592299746,494.0,1.3223068714141846,1.4849439533333724,C,9,,
discovery_engine,102021501_NEG641563574481649286,-641563574481649286,102021501,64.15635749956164,-48.16492866182884,571.0,2.556098222732544,0.5317718700632877,C,10,,
discovery_engine,102021501_NEG641580961477778192,-641580961477778192,102021501,64.15809617737433,-47.77781923303434,366.0,2.691201686859131,0.9361062908356074,C,10,,
discovery_engine,102021501_NEG641866646478691152,-641866646478691152,102021501,64.18666464832495,-47.86911529258339,1940.0,8.066461563110352,0.5917393709580485,C,9,,
discovery_engine,102021501_NEG642403236480806222,-642403236480806222,102021501,64.24032365776118,-48.08062223579728,548.0,2.7939891815185547,1.089103165365404,C,10,,
discovery_engine,102021501_NEG642827580481812866,-642827580481812866,102021501,64.2827580412154,-48.18128661940983,310.0,1.683674693107605,0.5236206669676804,C,9,,
discovery_engine,102021501_NEG642861356481802906,-642861356481802906,102021501,64.28613567370327,-48.1802906730381,1773.0,4.1637282371521,0.8441998689374108,C,10,,
discovery_engine,102021501_NEG642870048480955813,-642870048480955813,102021501,64.2870048302998,-48.09558136723311,1762.0,4.43281364440918,2.436683625771701,A,10,,
discovery_engine,102021501_NEG642904453479819643,-642904453479819643,102021501,64.29044530400735,-47.98196433042565,299.0,1.4891066551208496,0.6538815892922396,C,10,,
discovery_engine,102021501_NEG642972322481470375,-642972322481470375,102021501,64.2972322823333,-48.14703752747023,3561.0,6.58552885055542,1.0253734300810642,C,10,,
discovery_engine,102021502_NEG647725989479597587,-647725989479597587,102021502,64.77259895012048,-47.95975879798051,2221.0,7.26047420501709,0.6502331248352763,C,10,,
discovery_engine,102021502_NEG647748033481508391,-647748033481508391,102021502,64.77480338747654,-48.150839182738274,3640.0,6.5181169509887695,0.9825307735007618,C,10,,
discovery_engine,102021502_NEG648603121477496732,-648603121477496732,102021502,64.86031219325339,-47.74967321998519,960.0,15.628493309020996,1.4295846523717184,C,10,,
discovery_engine,102021502_NEG651332364480516764,-651332364480516764,102021502,65.1332364978466,-48.05167648894214,4250.0,14.68875217437744,0.7966487842785278,C,10,,
discovery_engine,102021502_NEG651338380481989567,-651338380481989567,102021502,65.1338380431143,-48.19895674114229,3471.0,12.574467658996582,1.5571043048975317,B,10,,
discovery_engine,102021502_NEG653108030479223468,-653108030479223468,102021502,65.31080305209322,-47.922346850015,1653.0,7.111289024353027,1.5596584815975492,B,10,,
discovery_engine,102021502_NEG654827493479777228,-654827493479777228,102021502,65.48274933625987,-47.97772285635199,676.0,4.305007457733154,0.7841940922917926,C,10,,
discovery_engine,102021503_NEG655073934479995542,-655073934479995542,102021503,65.50739347435011,-47.999554233282666,5180.0,18.033178329467773,2.1504584040745893,A,9,,
discovery_engine,102021503_NEG655145406478656358,-655145406478656358,102021503,65.51454060705898,-47.86563586598554,1743.0,6.424880504608154,0.8059903043616503,C,10,,
discovery_engine,102021503_NEG655655634479379887,-655655634479379887,102021503,65.56556349866706,-47.93798875952378,4226.0,10.356950759887695,1.4823391416020335,C,10,,
discovery_engine,102021503_NEG656130209478570072,-656130209478570072,102021503,65.61302094240996,-47.85700724338475,1445.0,4.475249767303467,1.7934747369074475,B,10,,
discovery_engine,102021503_NEG660856079478346180,-660856079478346180,102021503,66.0856079619056,-47.834618010663455,319.0,1.6980375051498413,0.5104652275350532,C,10,,
discovery_engine,102021503_NEG660872640478444540,-660872640478444540,102021503,66.08726400272143,-47.84445404886793,699.0,5.828182220458984,1.3588817142812035,C,9,,
discovery_engine,102021503_NEG661335388479354376,-661335388479354376,102021503,66.133538824751,-47.93543763354029,620.0,1.163365364074707,1.4207046682796822,C,10,,
discovery_engine,102021504_NEG662712270481103209,-662712270481103209,102021504,66.27122706233946,-48.11032099825124,927.0,4.9836602210998535,1.4825307735007618,C,10,,
discovery_engine,102021504_NEG663164014479278882,-663164014479278882,102021504,66.31640147748985,-47.92788825569146,443.0,1.529211401939392,2.0484610941982044,A,10,,
discovery_engine,102021504_NEG664151473481313012,-664151473481313012,102021504,66.41514731280975,-48.1313012839126,1952.0,1.560531735420227,2.3947359942212416,A,10,,
discovery_engine,102021504_NEG664221586481478879,-664221586481478879,102021504,66.42215866257172,-48.14788790927794,735.0,2.6426219940185547,1.3394928489314863,C,10,,
discovery_engine,102021504_NEG664270221479670737,-664270221479670737,102021504,66.42702212332838,-47.96707373847487,488.0,1.239722728729248,1.744199868937411,B,10,,
discovery_engine,102021504_NEG665066707478433879,-665066707478433879,102021504,66.5066707740112,-47.84338796187748,458.0,1.0301780700683594,1.0228008884342985,C,10,,
discovery_engine,102021504_NEG665403889478379887,-665403889478379887,102021504,66.54038895742755,-47.83798874981757,434.0,0.92796790599823,0.9966685221510166,C,9,,
discovery_engine,102021504_NEG666846889481107505,-666846889481107505,102021504,66.6846889176653,-48.11075055876625,736.0,2.837369680404663,2.91269938232753,A,10,dspl,
discovery_engine,102021504_NEG667954670479292514,-667954670479292514,102021504,66.79546707520412,-47.92925147815606,2899.0,7.6353936195373535,1.6101882891410526,B,9,,
discovery_engine,102021504_NEG669028748480810029,-669028748480810029,102021504,66.90287483290972,-48.081002932370325,594.0,2.058506727218628,1.823395703509007,B,10,,
discovery_engine,102021505_NEG670407405480956521,-670407405480956521,102021505,67.04074059475982,-48.09565213753713,258.0,2.580783128738404,1.4346486036680826,C,10,,
discovery_engine,102021978_NEG565178469477410905,-565178469477410905,102021978,56.517846935804,-47.74109054781359,327.0,1.8301924467086792,0.5913416391139924,C,9,,
discovery_engine,102021978_NEG565628665477007892,-565628665477007892,102021978,56.56286656415816,-47.70078927656919,1801.0,6.092507362365723,1.2833669506991283,C,10,,
discovery_engine,102021978_NEG565786336477092595,-565786336477092595,102021978,56.57863366543075,-47.70925955973561,492.0,6.137567520141602,1.6101882891410526,B,9,,
discovery_engine,102021980_NEG576667803474825283,-576667803474825283,102021980,57.66678036613653,-47.48252837001076,4260.0,18.006458282470703,2.6811126428799805,A,11,,
discovery_engine,102021980_NEG576935133476181831,-576935133476181831,102021980,57.69351339408048,-47.61818315517195,1708.0,11.10897445678711,0.9361062908356074,C,10,,
discovery_engine,102021980_NEG577646036477033395,-577646036477033395,102021980,57.76460363684858,-47.703339537723664,787.0,2.665526390075684,2.096283065648314,A,9,,
discovery_engine,102021980_NEG577820501475779211,-577820501475779211,102021980,57.78205017315396,-47.577921143025954,1821.0,9.26936149597168,0.8538815892922396,C,10,,
discovery_engine,102021980_NEG578068796474300296,-578068796474300296,102021980,57.8068796597756,-47.43002968042107,1446.0,2.4219751358032227,0.6597448118891724,C,10,,
discovery_engine,102021980_NEG578086414475098583,-578086414475098583,102021980,57.80864144641368,-47.50985835731926,2611.0,15.607681274414062,1.18328447821835,C,9,,
discovery_engine,102021980_NEG578399213473694504,-578399213473694504,102021980,57.83992132392788,-47.36945042092294,522.0,2.0008420944213867,0.8695303446872611,C,10,,
discovery_engine,102021980_NEG579267174476376192,-579267174476376192,102021980,57.92671748276713,-47.63761927615265,764.0,1.855647683143616,1.1892755731485152,C,9,,
discovery_engine,102021980_NEG580137542474502646,-580137542474502646,102021980,58.013754224043225,-47.45026461543174,2272.0,5.892065525054932,0.5549181031800617,C,10,,
discovery_engine,102021980_NEG580387113476956642,-580387113476956642,102021980,58.03871130646088,-47.695664261641575,517.0,1.495353937149048,2.388666034787847,A,9,edge-on,
discovery_engine,102021980_NEG580568795475398802,-580568795475398802,102021980,58.056879595024434,-47.539880230257786,320.0,1.1496999263763428,0.6175740224200287,C,10,,
discovery_engine,102021980_NEG580677497475365326,-580677497475365326,102021980,58.0677497328588,-47.53653265112069,394.0,1.470780372619629,0.9269915516790044,C,10,,
discovery_engine,102021980_NEG581164643475573127,-581164643475573127,102021980,58.1164643853307,-47.557312735736325,452.0,1.637964367866516,0.5595673045028576,C,11,,
discovery_engine,102021980_NEG582409159473358232,-582409159473358232,102021980,58.24091593905169,-47.335823235333,1527.0,3.3268818855285645,0.5829648648243798,C,10,,
discovery_engine,102021980_NEG582803498474499026,-582803498474499026,102021980,58.28034985245193,-47.44990269023782,392.0,2.380136489868164,1.02616948092307,C,10,,
discovery_engine,102021981_NEG582856088476308109,-582856088476308109,102021981,58.28560884057515,-47.63081096341418,1125.0,4.159125328063965,0.5656804633480639,C,10,,
discovery_engine,102021981_NEG582908879476330138,-582908879476330138,102021981,58.29088793350696,-47.63301384870409,14541.0,14.284581184387209,1.2441998689374107,C,10,,
discovery_engine,102021981_NEG583248023475224651,-583248023475224651,102021981,58.32480234174081,-47.52246513961066,631.0,1.6127090454101562,1.3105540077712663,C,10,,
discovery_engine,102021981_NEG583343318473770500,-583343318473770500,102021981,58.33433186316805,-47.37705009545618,2113.0,7.171491622924805,1.7207046682796825,B,10,,
discovery_engine,102021981_NEG584194965475447130,-584194965475447130,102021981,58.41949655474026,-47.54471304919377,738.0,3.351646423339844,0.6525093695296974,C,10,,
discovery_engine,102021981_NEG584805382472943590,-584805382472943590,102021981,58.48053825204947,-47.29435902256326,2267.0,13.74722385406494,0.5442814828449516,C,10,,
discovery_engine,102021981_NEG584805615473698652,-584805615473698652,102021981,58.48056155430821,-47.369865295980205,298.0,1.9261668920516968,0.7680644484376453,C,10,,
discovery_engine,102021981_NEG585115427475839951,-585115427475839951,102021981,58.51154278808336,-47.58399516204953,840.0,5.07128381729126,0.8085596038064395,C,10,,
discovery_engine,102021981_NEG585414889474855784,-585414889474855784,102021981,58.54148897560714,-47.48557848838348,271.0,1.6711418628692627,1.448794642934559,C,10,,
discovery_engine,102021981_NEG585561044477308789,-585561044477308789,102021981,58.55610441801321,-47.73087890867557,5184.0,7.036406517028809,1.010008152037757,C,10,,
discovery_engine,102021981_NEG585582545476555726,-585582545476555726,102021981,58.55825453242008,-47.65557266131628,1894.0,4.784940719604492,0.9151319956710816,C,10,,
discovery_engine,102021981_NEG586274050474471625,-586274050474471625,102021981,58.62740505034851,-47.44716255301909,295.0,4.6613383293151855,0.5495489662336277,C,10,,
discovery_engine,102021981_NEG586493481476452509,-586493481476452509,102021981,58.64934816918978,-47.64525099288048,3795.0,7.584206581115723,2.4014230578824343,A,10,,
discovery_engine,102021981_NEG586577083474902483,-586577083474902483,102021981,58.65770831402672,-47.49024831583998,5342.0,11.264586448669434,0.7104652275350531,C,10,,
discovery_engine,102021981_NEG587213035472718981,-587213035472718981,102021981,58.72130353566541,-47.271898132545566,2190.0,1.9347532987594604,0.5340978342065369,C,10,,
discovery_engine,102021981_NEG588454156473160077,-588454156473160077,102021981,58.84541568187296,-47.31600771370914,437.0,1.1163899898529053,0.8068331299589022,C,10,,
discovery_engine,102021981_NEG588723877475611599,-588723877475611599,102021981,58.87238773795937,-47.56115995743816,436.0,1.8208359479904173,0.6663320613116404,C,9,,
discovery_engine,102021981_NEG589666734473073583,-589666734473073583,102021981,58.96667348047048,-47.3073583356432,4202.0,7.882157802581787,0.508083498915117,C,10,,
discovery_engine,102021981_NEG589869840474133576,-589869840474133576,102021981,58.98698406078119,-47.41335760621445,436.0,1.943249583244324,1.157676269505808,C,9,,
discovery_engine,102021982_NEG590483847476549202,-590483847476549202,102021982,59.04838472769886,-47.65492024159551,476.0,2.397062301635742,1.617763660058967,B,9,,
discovery_engine,102021982_NEG591510767474433779,-591510767474433779,102021982,59.15107676097974,-47.44337791416704,3330.0,10.524994850158691,1.466359627313031,C,10,,
discovery_engine,102021982_NEG591816348474928017,-591816348474928017,102021982,59.18163484523021,-47.4928017418378,658.0,1.7096792459487915,0.7631521857626015,C,10,,
discovery_engine,102021982_NEG593232426475404965,-593232426475404965,102021982,59.32324264113364,-47.54049651835183,854.0,1.910771608352661,0.8177636600589672,C,9,,
discovery_engine,102021982_NEG593498930474278705,-593498930474278705,102021982,59.34989304281991,-47.42787057452573,1752.0,7.421085834503174,0.7261694809230698,C,10,,
discovery_engine,102021982_NEG593574657477168830,-593574657477168830,102021982,59.35746571253708,-47.71688303229656,321.0,1.985926866531372,1.5951624015000117,B,10,,
discovery_engine,102021982_NEG594322234473727139,-594322234473727139,102021982,59.43222341809382,-47.372713987877226,556.0,1.4667587280273438,1.7867214367454676,B,10,,
discovery_engine,102021982_NEG594333174476368664,-594333174476368664,102021982,59.43331745903771,-47.63686642414596,415.0,1.4892038106918335,1.7246518242723743,B,10,,
discovery_engine,102021982_NEG594932939477461938,-594932939477461938,102021982,59.49329390059837,-47.74619382670128,958.0,2.252566337585449,0.9913488416165712,C,10,,
discovery_engine,102021982_NEG595617579473440330,-595617579473440330,102021982,59.561757909362335,-47.34403302061087,745.0,1.8522542715072632,0.6677051988774374,C,10,,
discovery_engine,102021982_NEG595713590475148598,-595713590475148598,102021982,59.571359017527705,-47.51485988951644,561.0,0.9165306091308594,0.7939560257578735,C,10,,
discovery_engine,102021982_NEG596307555476327778,-596307555476327778,102021982,59.63075556749171,-47.632777838665234,499.0,2.635200023651123,0.5351403873298073,C,10,,
discovery_engine,102021982_NEG596551302475423571,-596551302475423571,102021982,59.65513025900833,-47.542357142553456,587.0,3.1967241764068604,1.416619528261318,C,10,,
discovery_engine,102021982_NEG597263228476749993,-597263228476749993,102021982,59.726322853633896,-47.67499938930637,520.0,1.3812495470046997,0.9483866998283004,C,9,,
discovery_engine,102021982_NEG597271535474325465,-597271535474325465,102021982,59.7271535701174,-47.43254656415838,5597.0,19.083276748657227,1.5475684614261822,B,10,,
discovery_engine,102021983_NEG597544156475059510,-597544156475059510,102021983,59.75441560077571,-47.50595102243161,3027.0,7.797036647796631,0.8901061444186762,C,10,,
discovery_engine,102021983_NEG597667324476561960,-597667324476561960,102021983,59.76673242084809,-47.65619602780919,3057.0,5.476828575134277,1.297016378716774,C,10,,
discovery_engine,102021983_NEG598034846475660131,-598034846475660131,102021983,59.80348460335966,-47.56601316997048,501.0,2.913227796554565,1.3428663871861255,C,10,,
discovery_engine,102021983_NEG598494847474423048,-598494847474423048,102021983,59.84948474242811,-47.44230488041335,11826.0,15.187248229980469,0.8857428098962219,C,10,,
discovery_engine,102021983_NEG598529879475814458,-598529879475814458,102021983,59.85298793875324,-47.581445829797374,11161.0,19.93749618530273,1.1430442494451216,C,10,,
discovery_engine,102021983_NEG601671559474562593,-601671559474562593,102021983,60.16715593696664,-47.45625936977412,2019.0,14.934332847595217,0.8442814828449515,C,10,,
discovery_engine,102021983_NEG602566711472517218,-602566711472517218,102021983,60.25667111781717,-47.25172184582422,1815.0,3.202740430831909,0.5825307735007618,C,10,,
discovery_engine,102021983_NEG602645294476838591,-602645294476838591,102021983,60.26452945796935,-47.68385910909134,987.0,3.509275436401367,0.8062786427306063,C,10,,
discovery_engine,102021983_NEG602805252472760279,-602805252472760279,102021983,60.28052521411325,-47.27602798875559,4124.0,13.451322555541992,0.7442814828449515,C,10,,
discovery_engine,102021983_NEG603187980476595342,-603187980476595342,102021983,60.31879802422644,-47.659534274384136,1497.0,7.0757598876953125,1.350233124835276,C,10,,
discovery_engine,102021983_NEG604297851473080793,-604297851473080793,102021983,60.429785180962,-47.30807939664149,575.0,3.2029237747192383,0.5654608701646681,C,10,,
discovery_engine,102021983_NEG604677753473202214,-604677753473202214,102021983,60.46777533655038,-47.320221462546805,800.0,2.32057523727417,0.8853498741657789,C,10,,
discovery_engine,102021984_NEG605409622472538117,-605409622472538117,102021984,60.54096226757548,-47.25381178821546,3357.0,6.947212219238281,0.8101882891410526,C,9,,
discovery_engine,102021984_NEG605423423473348249,-605423423473348249,102021984,60.54234230467863,-47.33482495606803,592.0,3.662940979003906,1.0223935098615324,C,9,,
discovery_engine,102021984_NEG605496982476356831,-605496982476356831,102021984,60.54969822412012,-47.6356831313481,684.0,1.3500280380249023,1.2947359942212415,C,10,,
discovery_engine,102021984_NEG605671540476154903,-605671540476154903,102021984,60.56715403848347,-47.615490394669344,1584.0,4.152007579803467,1.9601010123234692,B,10,,
discovery_engine,102021984_NEG608441629477189094,-608441629477189094,102021984,60.84416290430807,-47.718909432947065,4517.0,11.809066772460938,0.7414149705715929,C,10,,
discovery_engine,102021984_NEG609678648473892045,-609678648473892045,102021984,60.96786484901045,-47.38920450452581,650.0,3.150213718414306,2.5880730285581874,A,10,,
discovery_engine,102021984_NEG610367881474644147,-610367881474644147,102021984,61.03678813026211,-47.46441472398151,1196.0,3.190706253051758,2.908763079700322,A,11,,
discovery_engine,102021984_NEG611633151474144340,-611633151474144340,102021984,61.16331511476712,-47.41443401230181,3188.0,18.315793991088867,0.5887780068955017,C,10,,
discovery_engine,102021984_NEG611675386473609358,-611675386473609358,102021984,61.16753866514391,-47.36093580366016,1638.0,15.308419227600098,1.3101882891410526,C,9,,
discovery_engine,102021985_NEG612400143475753290,-612400143475753290,102021985,61.24001431071069,-47.57532900530263,1023.0,2.847453355789185,0.7062786427306064,C,10,,
discovery_engine,102021985_NEG612408224475699876,-612408224475699876,102021985,61.24082246725558,-47.5699876101374,3458.0,6.771820545196533,1.0072614281591823,C,10,,
discovery_engine,102021985_NEG613963399475348127,-613963399475348127,102021985,61.39633995096404,-47.53481271857972,371.0,2.468713760375977,0.6916213256958976,C,10,,
discovery_engine,102021985_NEG614740525474565457,-614740525474565457,102021985,61.47405259157349,-47.456545785451326,1829.0,10.68417739868164,1.1442814828449517,C,10,,
discovery_engine,102021985_NEG615286551476653994,-615286551476653994,102021985,61.52865518364881,-47.66539944828664,1327.0,2.747892379760742,0.9581379338746906,C,10,,
discovery_engine,102021985_NEG615462575476067577,-615462575476067577,102021985,61.54625759294912,-47.60675777390789,721.0,2.17932653427124,1.9207406685338952,B,10,,
discovery_engine,102021985_NEG616063813472801324,-616063813472801324,102021985,61.606381326933146,-47.28013242538863,248.0,1.1388821601867676,1.5228008884342985,B,10,,
discovery_engine,102021985_NEG616840561473313201,-616840561473313201,102021985,61.684056160046175,-47.331320102446206,420.0,1.5068292617797852,1.3107848188303368,C,10,,
discovery_engine,102021985_NEG617556835476706108,-617556835476706108,102021985,61.75568354740994,-47.6706108385511,1866.0,7.548834323883057,0.5993489863044584,C,10,,
discovery_engine,102021985_NEG618882487475763565,-618882487475763565,102021985,61.88824878449248,-47.57635653089004,455.0,4.276776313781738,1.1393272107546997,C,10,,
discovery_engine,102021985_NEG619001511474774350,-619001511474774350,102021985,61.900151107215926,-47.47743509784851,981.0,7.5273823738098145,0.6825307735007617,C,10,,
discovery_engine,102021986_NEG619535738476339304,-619535738476339304,102021986,61.9535738292272,-47.63393044312661,797.0,3.189347505569458,2.1997893575158067,A,9,,
discovery_engine,102021986_NEG619810837476799439,-619810837476799439,102021986,61.98108373090572,-47.67994394234932,321.0,1.2033956050872805,1.2150405056665583,C,9,,
discovery_engine,102021986_NEG620183928474138168,-620183928474138168,102021986,62.01839280163311,-47.41381689321967,1452.0,8.552191734313965,0.8889466092720927,C,10,,
discovery_engine,102021986_NEG621302990473408111,-621302990473408111,102021986,62.1302990020354,-47.34081117401504,1251.0,4.947275161743164,0.6325460983191924,C,10,,
discovery_engine,102021986_NEG621369639476278374,-621369639476278374,102021986,62.13696396808675,-47.62783746044931,610.0,1.6126089096069336,0.7568474194458247,C,10,,
discovery_engine,102021986_NEG621651832475610082,-621651832475610082,102021986,62.16518320747273,-47.56100828431208,356.0,1.4603674411773682,0.8595223510439929,C,10,,
discovery_engine,102021986_NEG621796804473410288,-621796804473410288,102021986,62.179680491291656,-47.34102886093636,1393.0,5.509979724884033,1.736582838076944,B,10,,
discovery_engine,102021986_NEG622097979475715788,-622097979475715788,102021986,62.20979790050051,-47.57157886730404,534.0,0.7675107717514038,0.8101882891410526,C,9,,
discovery_engine,102021986_NEG622189376472948583,-622189376472948583,102021986,62.21893769144855,-47.29485831343858,5222.0,10.673800468444824,1.9223935098615328,B,9,,
discovery_engine,102021986_NEG622483671477358161,-622483671477358161,102021986,62.24836718683294,-47.73581613037174,963.0,1.7051843404769895,1.5560129507147773,B,9,,
discovery_engine,102021986_NEG624018037473035562,-624018037473035562,102021986,62.40180378818673,-47.30355621206611,1616.0,4.203845024108887,1.0703103131506293,C,10,,
discovery_engine,102021986_NEG624049517477067447,-624049517477067447,102021986,62.40495179198199,-47.70674479492207,538.0,2.009060859680176,1.6319197060311603,B,10,,
discovery_engine,102021986_NEG624283320476999595,-624283320476999595,102021986,62.42833201383412,-47.69995956636405,838.0,5.907853126525879,1.231342985827951,C,10,,
discovery_engine,102021986_NEG625356812475494853,-625356812475494853,102021986,62.535681259420286,-47.54948534110222,1330.0,2.263850688934326,0.6572501817810108,C,10,,
discovery_engine,102021986_NEG625619692476322257,-625619692476322257,102021986,62.5619692539732,-47.6322257579327,355.0,1.2506122589111328,1.410465227535053,C,10,,
discovery_engine,102021987_NEG628613900473445620,-628613900473445620,102021987,62.8613900233607,-47.34456203920907,504.0,1.7372735738754272,1.3004895056189412,C,10,,
discovery_engine,102021987_NEG630040845473344791,-630040845473344791,102021987,63.00408456465034,-47.33447915361271,525.0,1.3646842241287231,0.5888427133745833,C,10,,
discovery_engine,102021987_NEG630063885472798259,-630063885472798259,102021987,63.0063885326303,-47.27982592699143,736.0,2.789167642593384,0.8502331248352762,C,10,,
discovery_engine,102021987_NEG630917537473239858,-630917537473239858,102021987,63.09175375656712,-47.32398584513092,394.0,1.2249523401260376,1.182530773500762,C,10,,
discovery_engine,102021987_NEG631321631475552520,-631321631475552520,102021987,63.13216315807684,-47.55525205269283,351.0,1.1480530500411987,1.3981045867100128,C,10,,
discovery_engine,102021987_NEG632011220476267886,-632011220476267886,102021987,63.20112202396136,-47.62678861042504,597.0,3.019702672958374,0.7319197060311605,C,10,,
discovery_engine,102021987_NEG632575884473969454,-632575884473969454,102021987,63.25758842582554,-47.396945472706,602.0,1.1537202596664429,2.010465227535053,A,10,,
discovery_engine,102021988_NEG635896311474968986,-635896311474968986,102021988,63.589631116933134,-47.49689860157464,381.0,1.3653531074523926,1.1642820136597871,C,9,,
discovery_engine,102021988_NEG636030538474237511,-636030538474237511,102021988,63.60305387713011,-47.42375117878414,669.0,2.234862804412842,0.7812475646513433,C,10,,
discovery_engine,102021988_NEG636381546474267847,-636381546474267847,102021988,63.63815462617454,-47.42678472523166,960.0,3.163205146789551,1.820704668279682,B,10,,
discovery_engine,102021988_NEG636707079473833550,-636707079473833550,102021988,63.670707957156296,-47.38335502481409,758.0,2.2157795429229736,0.7546156762059947,C,9,,
discovery_engine,102021988_NEG637845892475954405,-637845892475954405,102021988,63.784589200839584,-47.5954405864353,508.0,5.154526710510254,2.5295846523717183,A,10,,
discovery_engine,102021988_NEG638148230476083611,-638148230476083611,102021988,63.81482302376844,-47.60836111431105,4333.0,13.276535034179688,0.7828697973527141,C,10,,
discovery_engine,102021988_NEG639270201474339031,-639270201474339031,102021988,63.92702017867564,-47.4339031109541,1261.0,2.977502584457397,0.7966487842785278,C,10,,
discovery_engine,102021988_NEG640289253474412348,-640289253474412348,102021988,64.0289253232282,-47.44123483439196,4570.0,16.171899795532227,2.7125906946585845,A,11,,
discovery_engine,102021988_NEG641140905474433473,-641140905474433473,102021988,64.1140905261276,-47.443347334526806,487.0,0.9455043077468872,0.6880180616646943,C,10,,
discovery_engine,102021988_NEG641201834472694349,-641201834472694349,102021988,64.12018341809994,-47.269434994616944,1254.0,4.323885440826416,1.1329502090716348,C,10,,
discovery_engine,102021989_NEG641575595474628807,-641575595474628807,102021989,64.15755959076232,-47.462880760608094,343.0,1.4692176580429075,1.4331458875395378,C,10,,
discovery_engine,102021989_NEG641922610475124253,-641922610475124253,102021989,64.19226103700345,-47.51242536393503,1133.0,6.119740009307861,0.5825307735007618,C,10,,
discovery_engine,102021989_NEG642153877477477305,-642153877477477305,102021989,64.21538775476915,-47.74773058962976,591.0,2.352909564971924,0.5253734300810642,C,10,,
discovery_engine,102021989_NEG642952210473964177,-642952210473964177,102021989,64.29522101079502,-47.39641775615978,1725.0,8.434793472290039,0.8415583284525431,C,10,,
discovery_engine,102021989_NEG643183672475540866,-643183672475540866,102021989,64.3183672550121,-47.55408669454832,638.0,1.628780484199524,1.3475550974394457,C,10,,
discovery_engine,102021989_NEG644172618476134973,-644172618476134973,102021989,64.41726186763333,-47.61349731436477,484.0,1.3519198894500732,2.76387378519294,A,10,,
discovery_engine,102021989_NEG646646252472700847,-646646252472700847,102021989,64.66462528925304,-47.27008472268726,666.0,2.0646324157714844,0.6504718881435891,C,10,,
discovery_engine,102021989_NEG647265841473236488,-647265841473236488,102021989,64.7265841335959,-47.32364881228466,823.0,2.663482666015625,0.949643111715688,C,10,,
discovery_engine,102021989_NEG647536120476180077,-647536120476180077,102021989,64.75361205751781,-47.61800778154701,1677.0,10.93101406097412,0.7062786427306065,C,10,,
discovery_engine,102021990_NEG650312660474055399,-650312660474055399,102021990,65.03126603454716,-47.40553996348327,894.0,1.8505042791366573,2.8360164967130617,A,10,,
discovery_engine,102021990_NEG651071922476278554,-651071922476278554,102021990,65.1071922260306,-47.62785548043593,570.0,1.1212272644042969,0.5747981295504032,C,8,,
discovery_engine,102021990_NEG651111296474510856,-651111296474510856,102021990,65.11112966459594,-47.45108568441331,4826.0,10.819297790527344,0.6107848188303368,C,10,,
discovery_engine,102021990_NEG651246796473086761,-651246796473086761,102021990,65.12467967083242,-47.30867614502389,3793.0,12.54880142211914,2.0783431460449107,A,10,,
discovery_engine,102021990_NEG651620818475438499,-651620818475438499,102021990,65.16208180180716,-47.543849984248254,1830.0,9.900373458862305,0.6111285062854634,C,10,,
discovery_engine,102021990_NEG652295815477055723,-652295815477055723,102021990,65.22958157977847,-47.70557232563805,1766.0,6.371201515197754,0.8946156684180389,C,10,,
discovery_engine,102021990_NEG654548621475430367,-654548621475430367,102021990,65.45486211124025,-47.54303670049509,3883.0,13.22519302368164,1.1947359942212417,C,10,,
discovery_engine,102021991_NEG656942219476471573,-656942219476471573,102021991,65.69422196029329,-47.64715736705775,678.0,2.383516788482666,0.8108250776506282,C,10,,
discovery_engine,102021991_NEG657083310473938689,-657083310473938689,102021991,65.70833104539054,-47.39386894166438,994.0,4.739916324615479,0.5825307735007618,C,10,,
discovery_engine,102021991_NEG657665840474062003,-657665840474062003,102021991,65.76658408711015,-47.40620039060318,1152.0,2.4805567264556885,1.4820335677128356,C,10,,
discovery_engine,102021991_NEG658297253473484499,-658297253473484499,102021991,65.82972534964456,-47.34844999073647,477.0,1.3506373167037964,1.2825307735007618,C,10,,
discovery_engine,102021991_NEG660416208475016038,-660416208475016038,102021991,66.04162085871576,-47.50160380703994,1472.0,3.4669406414031982,0.8251179675268572,C,10,,
discovery_engine,102021991_NEG661549135472966876,-661549135472966876,102021991,66.15491359740564,-47.296687691276034,1405.0,7.06212329864502,0.6592067074674229,C,10,,
discovery_engine,102021991_NEG661989377472752248,-661989377472752248,102021991,66.19893773443764,-47.27522483232579,722.0,2.107689380645752,0.6651251070789117,C,10,,
discovery_engine,102021991_NEG662001915475872688,-662001915475872688,102021991,66.20019157135467,-47.58726882769599,594.0,2.143120765686035,0.9442814828449516,C,10,,
discovery_engine,102021991_NEG662073315474771640,-662073315474771640,102021991,66.2073315639063,-47.47716400241888,850.0,4.345818042755127,1.1528496407238449,C,10,,
discovery_engine,102021991_NEG662815028474395342,-662815028474395342,102021991,66.28150286485604,-47.4395342441364,481.0,1.2955554723739624,0.5319197060311607,C,10,,
discovery_engine,102021992_NEG664806476475149685,-664806476475149685,102021992,66.48064763899998,-47.514968553179656,553.0,2.0201094150543213,0.5039297540038741,C,10,,
discovery_engine,102021992_NEG667162283475870359,-667162283475870359,102021992,66.71622830134808,-47.58703598121676,995.0,1.93628478050232,0.7228008884342986,C,10,,
discovery_engine,102021992_NEG667920739477460048,-667920739477460048,102021992,66.79207398374298,-47.74600485970991,243.0,1.502887725830078,0.5991062387293264,C,10,,
discovery_engine,102021992_NEG668360772473127703,-668360772473127703,102021992,66.83607720234897,-47.31277030581656,669.0,1.9467254877090447,0.7873829900262678,C,10,,
discovery_engine,102021992_NEG668616872472964421,-668616872472964421,102021992,66.8616872072546,-47.29644213971379,2152.0,4.735262393951416,1.1151319956710817,C,10,,
discovery_engine,102022474_NEG586793787470192432,-586793787470192432,102022474,58.67937874218519,-47.01924329617872,2380.0,8.09328842163086,0.9581050924301492,C,10,,
discovery_engine,102022474_NEG589320209472119562,-589320209472119562,102022474,58.93202090229632,-47.21195628159239,1337.0,7.374234199523926,0.7901061444186763,C,10,,
discovery_engine,102022474_NEG590266584471556814,-590266584471556814,102022474,59.02665840481892,-47.15568145118306,1391.0,6.021308422088623,2.285899365989533,A,10,,
discovery_engine,102022474_NEG590720562471652232,-590720562471652232,102022474,59.072056261832415,-47.16522324564797,602.0,0.8183925747871399,0.5825307735007618,C,10,,
discovery_engine,102022474_NEG591186165469192016,-591186165469192016,102022474,59.1186165209685,-46.91920162927952,226.0,1.526749849319458,2.373832842222261,A,9,,
discovery_engine,102022475_NEG593765276471201277,-593765276471201277,102022475,59.37652766808347,-47.12012775013432,387.0,1.8921220302581787,0.5741249503030625,C,10,,
discovery_engine,102022475_NEG593874517471170354,-593874517471170354,102022475,59.38745178340595,-47.11703547210212,1483.0,6.448274612426758,1.0627590684978552,C,10,,
discovery_engine,102022475_NEG594192516471333785,-594192516471333785,102022475,59.41925161958804,-47.13337855794569,9050.0,15.960291862487791,1.0063271811526169,C,10,,
discovery_engine,102022475_NEG595373137471638997,-595373137471638997,102022475,59.53731370916467,-47.16389970210152,1576.0,6.088417530059815,0.8579485363368382,C,10,,
discovery_engine,102022475_NEG596455126471486365,-596455126471486365,102022475,59.64551265202166,-47.14863653943657,550.0,2.065173625946045,1.2873793539360228,C,10,,
discovery_engine,102022475_NEG598602975472160057,-598602975472160057,102022475,59.86029759246954,-47.216005793566616,8721.0,6.937675952911377,1.4478129521096812,C,10,,
discovery_engine,102022476_NEG599539706469064593,-599539706469064593,102022476,59.95397061239454,-46.906459302904366,519.0,3.409575700759888,0.7362171194467302,C,9,,
discovery_engine,102022476_NEG600015394471336211,-600015394471336211,102022476,60.00153944045426,-47.13362112958592,510.0,2.448519468307495,0.6825307735007617,C,10,,
discovery_engine,102022476_NEG600456068470534030,-600456068470534030,102022476,60.04560683046446,-47.05340301458803,1054.0,5.318160533905029,1.1489826560429577,C,10,,
discovery_engine,102022476_NEG600852681472220928,-600852681472220928,102022476,60.08526811662029,-47.22209289870237,3564.0,10.913172721862791,1.2441998689374107,C,10,,
discovery_engine,102022476_NEG601657296470027378,-601657296470027378,102022476,60.165729654101575,-47.002737869545705,2779.0,7.041860580444336,1.6708139415100114,B,10,,
discovery_engine,102022476_NEG602809403471297767,-602809403471297767,102022476,60.28094037535366,-47.1297767717225,409.0,1.785596489906311,0.8791803658946815,C,10,,
discovery_engine,102022476_NEG603526268471351537,-603526268471351537,102022476,60.35262688298845,-47.13515376796513,4217.0,15.127311706542969,0.5838193457250462,C,10,,
discovery_engine,102022477_NEG607549866471441504,-607549866471441504,102022477,60.75498668476028,-47.14415042765058,744.0,2.1000375747680664,1.2017703710490593,C,10,,
discovery_engine,102022477_NEG607636640471742689,-607636640471742689,102022477,60.763664020449006,-47.17426892443824,4792.0,13.626577377319336,0.7834261825388541,C,9,,
discovery_engine,102022477_NEG607818007472252695,-607818007472252695,102022477,60.78180076072961,-47.22526956950445,463.0,1.125760197639465,0.5025209480259786,C,11,,
discovery_engine,102022477_NEG607905577472403419,-607905577472403419,102022477,60.79055775514911,-47.24034199508638,1573.0,6.134284019470215,0.7050701875822847,C,9,,
discovery_engine,102022477_NEG608256917469057875,-608256917469057875,102022477,60.82569171272418,-46.90578754766017,2115.0,7.342626571655273,1.0101882891410523,C,9,,
discovery_engine,102022477_NEG609172608469162591,-609172608469162591,102022477,60.91726086406357,-46.91625916407237,967.0,2.414618015289306,0.8703103131506292,C,10,,
discovery_engine,102022477_NEG609282809470586363,-609282809470586363,102022477,60.928280900515205,-47.05863632599616,633.0,1.7625409364700315,0.6887076947303996,C,9,,
discovery_engine,102022477_NEG609292073468938042,-609292073468938042,102022477,60.92920734769803,-46.89380426472214,329.0,1.63110089302063,0.9104652275350532,C,10,,
discovery_engine,102022477_NEG609396661470227878,-609396661470227878,102022477,60.93966612393391,-47.0227878348756,1009.0,11.480168342590332,0.7294559082216272,C,10,,
discovery_engine,102022477_NEG609715199471713483,-609715199471713483,102022477,60.97151991200529,-47.17134836271816,568.0,0.7751958966255188,0.6627134978811395,C,10,,
discovery_engine,102022477_NEG609904253469232772,-609904253469232772,102022477,60.990425385039046,-46.92327720769406,4578.0,12.41610622406006,0.6213089169007192,C,9,,
discovery_engine,102022477_NEG610441629471063849,-610441629471063849,102022477,61.0441629534182,-47.10638498651604,617.0,7.811133861541748,0.9997786134589862,C,10,,
discovery_engine,102022477_NEG610454898472090173,-610454898472090173,102022477,61.04548987916497,-47.20901736648263,340.0,3.0662546157836914,1.0966487842785275,C,10,,
discovery_engine,102022477_NEG611759342471748630,-611759342471748630,102022477,61.17593429956104,-47.17486301277761,745.0,4.145695209503174,1.7442814828449518,B,10,,
discovery_engine,102022477_NEG612503725467690819,-612503725467690819,102022477,61.250372544498525,-46.76908194802522,7906.0,16.029457092285156,0.7187457594067671,C,10,,
discovery_engine,102022477_NEG612639824471241952,-612639824471241952,102022477,61.26398243879182,-47.12419526941122,2452.0,9.54344654083252,0.6758201758555099,C,10,,
discovery_engine,102022477_NEG612993633468010321,-612993633468010321,102022477,61.29936330935708,-46.80103217199372,1678.0,8.354060173034668,1.7877310418147527,B,9,edge-on,
discovery_engine,102022477_NEG613081088467583327,-613081088467583327,102022477,61.30810882911898,-46.758332721325424,3810.0,14.930767059326172,1.9173516377838484,B,10,,
discovery_engine,102022478_NEG615325075470840323,-615325075470840323,102022478,61.53250755299951,-47.08403232533755,370.0,0.9778947830200196,1.5487946429345592,B,10,,
discovery_engine,102022478_NEG615469218470614116,-615469218470614116,102022478,61.54692180062117,-47.06141166322472,35238.0,31.64962387084961,0.8822766596191614,C,10,,
discovery_engine,102022478_NEG615973730472411612,-615973730472411612,102022478,61.59737308617188,-47.24116122661905,756.0,1.7498799562454224,0.5378524852027822,C,7,,
discovery_engine,102022478_NEG616549433470205002,-616549433470205002,102022478,61.65494336525635,-47.02050027710379,314.0,0.8522220849990845,0.6468176130644135,C,8,,
discovery_engine,102022478_NEG616901784468237511,-616901784468237511,102022478,61.690178446381154,-46.82375116802505,332.0,1.0230073928833008,0.7030748433547356,C,10,,
discovery_engine,102022478_NEG616952164470784322,-616952164470784322,102022478,61.69521649986445,-47.07843220435826,4482.0,16.623186111450195,0.8418315278011393,C,10,,
discovery_engine,102022478_NEG618363240469257028,-618363240469257028,102022478,61.83632402537001,-46.92570289676328,615.0,3.0070126056671143,0.7442814828449515,C,10,,
discovery_engine,102022478_NEG618931995470747579,-618931995470747579,102022478,61.89319954418048,-47.074757932443184,340.0,1.6961287260055542,1.069011006510726,C,10,,
discovery_engine,102022478_NEG619877072467808093,-619877072467808093,102022478,61.987707264068455,-46.78080935773677,5402.0,13.832342147827148,0.7993274057772958,C,10,,
discovery_engine,102022478_NEG621009421472505515,-621009421472505515,102022478,62.10094211027625,-47.25055159153342,746.0,2.1543221473693848,0.9858177520819924,C,10,,
discovery_engine,102022479_NEG621145334471255869,-621145334471255869,102022479,62.11453340376329,-47.12558698760536,1305.0,3.018965721130371,1.6625853425794197,B,9,,
discovery_engine,102022479_NEG621553454470255058,-621553454470255058,102022479,62.15534549392881,-47.02550588659593,2026.0,6.055452823638916,0.628567048394008,C,10,,
discovery_engine,102022479_NEG623150693471748758,-623150693471748758,102022479,62.315069322771095,-47.17487589182628,542.0,2.411460876464844,1.7575052713387198,B,10,,
discovery_engine,102022479_NEG623367075470669448,-623367075470669448,102022479,62.33670758594723,-47.06694489009498,4228.0,10.050400733947754,2.2373209611503726,A,10,,
discovery_engine,102022479_NEG624334510469286552,-624334510469286552,102022479,62.43345102425901,-46.92865525462545,412.0,1.9250065088272093,0.9617597887901702,C,10,,
discovery_engine,102022479_NEG624635392472183526,-624635392472183526,102022479,62.46353922550587,-47.21835263373986,2894.0,4.618316173553467,1.2397796450380785,C,10,,
discovery_engine,102022479_NEG625721178472013977,-625721178472013977,102022479,62.57211783767231,-47.20139776290168,2682.0,4.132519245147705,1.2362171194467302,C,9,,
discovery_engine,102022479_NEG626784352471132390,-626784352471132390,102022479,62.67843523912341,-47.11323902158351,2263.0,6.158795833587647,0.5871834314331432,C,8,,
discovery_engine,102022479_NEG627505101471390837,-627505101471390837,102022479,62.750510148196895,-47.139083794408194,331.0,2.427137851715088,0.622707366588996,C,10,,
discovery_engine,102022480_NEG628658486471559538,-628658486471559538,102022480,62.865848615647366,-47.15595384422824,350.0,1.1304789781570437,0.8968176130644135,C,8,,
discovery_engine,102022480_NEG629472211470016093,-629472211470016093,102022480,62.94722117761679,-47.00160935048713,750.0,2.200736284255981,0.5917393709580486,C,9,,
discovery_engine,102022480_NEG630160205470193218,-630160205470193218,102022480,63.01602051543424,-47.01932185662968,2249.0,6.815104007720947,1.9339455115969275,B,10,,
discovery_engine,102022480_NEG631952581467475340,-631952581467475340,102022480,63.19525812857589,-46.74753403417983,250.0,1.7979023456573486,0.7279558237129742,C,10,,
discovery_engine,102022480_NEG634163130472462454,-634163130472462454,102022480,63.416313082835885,-47.24624549458374,7037.0,13.920910835266112,1.076506751303729,C,10,,
discovery_engine,102022480_NEG635347799467797840,-635347799467797840,102022480,63.53477996932414,-46.7797840581952,809.0,0.8886151909828186,0.6319197060311607,C,10,,
discovery_engine,102022481_NEG635968989468670711,-635968989468670711,102022481,63.59689890342546,-46.86707119547557,450.0,1.7978880405426023,0.7211868452766174,C,10,,
discovery_engine,102022481_NEG636514043472095893,-636514043472095893,102022481,63.65140431941865,-47.20958933849423,338.0,2.02235746383667,0.7319197060311605,C,10,,
discovery_engine,102022481_NEG636715884471501892,-636715884471501892,102022481,63.67158841192877,-47.15018924451803,1485.0,3.9598684310913086,0.5008068964359143,C,11,,
discovery_engine,102022481_NEG639229181470809926,-639229181470809926,102022481,63.92291814244398,-47.08099269347244,1095.0,2.68608832359314,0.7101882891410526,C,9,,
discovery_engine,102022481_NEG639527131470265480,-639527131470265480,102022481,63.952713139570776,-47.02654805175311,1255.0,11.388516426086426,0.6442814828449516,C,10,,
discovery_engine,102022481_NEG640261052470604135,-640261052470604135,102022481,64.02610523083732,-47.06041352139383,633.0,2.355684280395508,1.5698670481525103,B,10,,
discovery_engine,102022481_NEG641269712468949862,-641269712468949862,102022481,64.1269712947587,-46.89498625427336,490.0,1.2370641231536863,0.8496431117156881,C,10,,
discovery_engine,102022481_NEG641874067471349140,-641874067471349140,102022481,64.18740679417816,-47.1349140790585,593.0,1.6686683893203735,1.5334670081828676,B,10,,
discovery_engine,102022482_NEG643897424469153672,-643897424469153672,102022482,64.38974249847652,-46.91536726343742,510.0,0.949532389640808,1.0156011011037185,C,10,,
discovery_engine,102022482_NEG644190661469351529,-644190661469351529,102022482,64.41906613202653,-46.93515291764823,1166.0,3.176401376724243,0.7377987895068958,C,10,,
discovery_engine,102022482_NEG644534872469264836,-644534872469264836,102022482,64.4534872752285,-46.92648360348397,686.0,1.7726128101348877,2.5771875265526214,A,10,,
discovery_engine,102022482_NEG646253374470469422,-646253374470469422,102022482,64.62533740833379,-47.04694220762698,2081.0,14.4229736328125,1.0312102069084408,C,10,,
discovery_engine,102022482_NEG646467370470949904,-646467370470949904,102022482,64.64673701441546,-47.09499048715762,656.0,3.2417588233947754,0.5647700464022823,C,10,,
discovery_engine,102022482_NEG647287168468367807,-647287168468367807,102022482,64.72871684880818,-46.836780720130186,423.0,0.8031433820724487,1.7442814828449518,B,10,,
discovery_engine,102022482_NEG647303049469700629,-647303049469700629,102022482,64.73030499211254,-46.97006292437504,1816.0,5.429584980010986,0.5442814828449516,C,10,,
discovery_engine,102022482_NEG647391629470419536,-647391629470419536,102022482,64.73916298893148,-47.04195360639615,402.0,1.716594934463501,1.0218176130644134,C,8,,
discovery_engine,102022482_NEG648178454468900604,-648178454468900604,102022482,64.81784548416108,-46.89006043948402,542.0,1.4572206735610962,0.9825307735007618,C,10,,
discovery_engine,102022482_NEG649069697469674179,-649069697469674179,102022482,64.90696978863288,-46.96741790063431,826.0,2.0303030014038086,0.91048932565509,C,10,,
discovery_engine,102022483_NEG650705793470600869,-650705793470600869,102022483,65.07057938390258,-47.060086929961074,1832.0,3.3361058235168457,1.690751582515039,B,10,,
discovery_engine,102022483_NEG652567278468018815,-652567278468018815,102022483,65.25672781868148,-46.80188153341917,3337.0,12.048949241638184,0.5735375891757422,C,10,,
discovery_engine,102022483_NEG653290299470260264,-653290299470260264,102022483,65.32902999175099,-47.02602645865221,518.0,1.840790152549744,2.580216483281131,A,9,,
discovery_engine,102022483_NEG653649683470250799,-653649683470250799,102022483,65.36496839836326,-47.02507994136218,13045.0,21.2110538482666,1.8072614281591823,B,10,,
discovery_engine,102022483_NEG655237300468620657,-655237300468620657,102022483,65.5237300373708,-46.862065757618026,1509.0,7.463969707489014,1.2379425927561587,C,10,,
discovery_engine,102022483_NEG655946930470454622,-655946930470454622,102022483,65.59469308641272,-47.04546222893853,4639.0,5.373719215393066,0.7150405056665585,C,9,,
discovery_engine,102022483_NEG656234961470034471,-656234961470034471,102022483,65.62349617150193,-47.00344717228117,767.0,1.4164608716964722,0.7455818370708847,C,10,,
discovery_engine,102022483_NEG656297783472009120,-656297783472009120,102022483,65.62977839291003,-47.200912050127286,1003.0,6.482265472412109,0.8594524118427206,C,10,,
discovery_engine,102022483_NEG656639117469132984,-656639117469132984,102022483,65.66391171200135,-46.91329849817024,1926.0,8.565450668334961,0.7018055279061709,C,10,,
discovery_engine,102022483_NEG657346894468774746,-657346894468774746,102022483,65.73468945551778,-46.87747460180939,1536.0,7.041445255279541,0.5825307735007619,C,10,,
discovery_engine,102022484_NEG657584203469449092,-657584203469449092,102022484,65.75842037046594,-46.94490921493867,1515.0,4.712727546691895,2.1442814828449515,A,10,,
discovery_engine,102022484_NEG658137941471103668,-658137941471103668,102022484,65.8137941834868,-47.110366801376266,734.0,3.585583209991455,0.7366244980194964,C,10,,
discovery_engine,102022484_NEG658188003468329336,-658188003468329336,102022484,65.81880033795737,-46.83293365313265,475.0,1.8343205451965328,0.7688831264550819,C,10,,
discovery_engine,102022484_NEG658217069472352685,-658217069472352685,102022484,65.82170695081459,-47.23526851214999,6927.0,19.447826385498047,1.4319197060311606,C,10,,
discovery_engine,102022484_NEG659482832472073182,-659482832472073182,102022484,65.94828328749102,-47.20731821182422,254.0,1.959870457649231,0.5811280241167491,C,10,,
discovery_engine,102022484_NEG659782838469116815,-659782838469116815,102022484,65.97828383361673,-46.91168157624936,1076.0,6.264122009277344,0.5800175678432546,C,10,,
discovery_engine,102022484_NEG660165402471785560,-660165402471785560,102022484,66.0165402486058,-47.17855603364258,500.0,0.872124433517456,0.5873829900262677,C,10,,
discovery_engine,102022484_NEG661803525471018240,-661803525471018240,102022484,66.18035252467453,-47.10182406056266,554.0,2.4983150959014893,1.3509971127754938,C,10,,
discovery_engine,102022484_NEG661920743468579524,-661920743468579524,102022484,66.19207431374068,-46.85795246752215,725.0,1.982489824295044,0.6995382845779357,C,10,,
discovery_engine,102022484_NEG661932708471087464,-661932708471087464,102022484,66.19327082927943,-47.10874645024296,3654.0,6.492440700531006,0.8780620823322443,C,10,,
discovery_engine,102022484_NEG662577407469047950,-662577407469047950,102022484,66.25774074058685,-46.904795008932304,603.0,1.6451351642608645,1.0218176130644137,C,8,,
discovery_engine,102022484_NEG663108979470352507,-663108979470352507,102022484,66.31089799407947,-47.03525077703254,1560.0,6.447179794311523,1.1597362099423092,C,10,,
discovery_engine,102022485_NEG664813743470776009,-664813743470776009,102022485,66.48137438590418,-47.07760093152753,336.0,1.1785259246826172,0.8072614281591823,C,10,,
discovery_engine,102022485_NEG665413390468534815,-665413390468534815,102022485,66.54133904579673,-46.85348150024468,1949.0,5.283728122711182,1.1913488416165712,C,10,,
discovery_engine,102022485_NEG666440591467705424,-666440591467705424,102022485,66.64405917814702,-46.77054244285348,3578.0,6.160430908203125,0.8720997072916268,C,10,,
discovery_engine,102022485_NEG666590044468268678,-666590044468268678,102022485,66.65900449108787,-46.82686786112498,2471.0,5.437400817871094,0.925558133124355,C,10,,
discovery_engine,102022485_NEG666808078469988762,-666808078469988762,102022485,66.68080787059924,-46.99887626107259,3139.0,4.940761089324951,0.5274209957437315,C,10,,
discovery_engine,102022485_NEG669280374470070987,-669280374470070987,102022485,66.92803747021613,-47.00709871310361,302.0,2.071002960205078,0.6631521857626015,C,10,,
discovery_engine,102022972_NEG597052478465695317,-597052478465695317,102022972,59.70524784467164,-46.56953177707104,1966.0,8.587604522705078,2.013910711971914,A,10,,
discovery_engine,102022972_NEG598751051466947284,-598751051466947284,102022972,59.87510512154759,-46.69472843797022,918.0,2.613893985748291,1.186904241533129,C,10,,
discovery_engine,102022972_NEG599491896465629208,-599491896465629208,102022972,59.949189604347374,-46.56292082434012,715.0,2.9744210243225098,1.4220115797380293,C,9,,
discovery_engine,102022972_NEG600831085466204480,-600831085466204480,102022972,60.08310853550404,-46.62044804324656,3273.0,12.068331718444824,0.5514691013488247,C,9,,
discovery_engine,102022973_NEG602738130465582536,-602738130465582536,102022973,60.27381305756755,-46.55825363328293,393.0,2.282438278198242,0.6319197060311605,C,10,,
discovery_engine,102022973_NEG606454307466806991,-606454307466806991,102022973,60.64543078160698,-46.68069910195588,5665.0,16.258258819580078,2.1442704309534983,A,10,,
discovery_engine,102022973_NEG607331071464380944,-607331071464380944,102022973,60.73310713627134,-46.43809447698269,461.0,2.582205057144165,0.7192739462900172,C,10,,
discovery_engine,102022973_NEG607627723466897752,-607627723466897752,102022973,60.76277231864372,-46.68977528842103,5672.0,16.410072326660156,1.1442814828449517,C,10,,
discovery_engine,102022974_NEG608230289466641729,-608230289466641729,102022974,60.82302892433816,-46.66417295541287,1440.0,4.379179000854492,1.397532310663604,C,10,,
discovery_engine,102022974_NEG608944660462620346,-608944660462620346,102022974,60.89446602724758,-46.2620346869734,565.0,1.5557714700698853,0.6752805697953519,C,10,,
discovery_engine,102022974_NEG610319938464329832,-610319938464329832,102022974,61.03199389160894,-46.43298326375319,297.0,1.6861530542373655,0.5442814828449516,C,10,,
discovery_engine,102022974_NEG610978759464405134,-610978759464405134,102022974,61.09787596659113,-46.44051347581706,3870.0,15.4493989944458,1.5561442846884388,B,10,,
discovery_engine,102022974_NEG611004593462495242,-611004593462495242,102022974,61.100459374223306,-46.24952421955896,354.0,1.44659686088562,0.8012882135190063,C,10,,
discovery_engine,102022974_NEG611692730464722711,-611692730464722711,102022974,61.16927308972727,-46.472271197733775,12236.0,10.749114990234377,0.7442814828449515,C,10,,
discovery_engine,102022974_NEG612224298464036950,-612224298464036950,102022974,61.222429863508935,-46.40369502140519,1093.0,3.922344446182251,0.8951079634468199,C,9,,
discovery_engine,102022974_NEG612714016464874436,-612714016464874436,102022974,61.27140168072377,-46.48744368699128,444.0,1.2830594778060913,1.3278185626445818,C,10,,
discovery_engine,102022974_NEG613110045464636730,-613110045464636730,102022974,61.311004561826174,-46.46367303916724,6883.0,17.29054069519043,1.124344335113246,C,10,,
discovery_engine,102022974_NEG613939657466298411,-613939657466298411,102022974,61.39396576082733,-46.62984115708823,2195.0,4.407516956329346,1.349405744292269,C,9,,
discovery_engine,102022974_NEG614959676465569740,-614959676465569740,102022974,61.49596769467411,-46.55697408941049,746.0,1.0681897401809692,0.7286214793567346,C,10,,
discovery_engine,102022974_NEG615006007465475596,-615006007465475596,102022974,61.500600785459575,-46.547559644205,4479.0,19.593395233154297,0.978490704024399,C,10,,
discovery_engine,102022975_NEG616584354464064965,-616584354464064965,102022975,61.65843546804784,-46.40649655745758,368.0,2.864302635192871,1.0207125691145844,C,10,,
discovery_engine,102022975_NEG616606173464848567,-616606173464848567,102022975,61.66061731020014,-46.48485671748985,328.0,1.09881854057312,0.5473208444861826,C,10,,
discovery_engine,102022975_NEG617890913466103850,-617890913466103850,102022975,61.78909134803828,-46.61038501355464,4703.0,12.56369686126709,2.271817613064413,A,8,,
discovery_engine,102022975_NEG618343478463176358,-618343478463176358,102022975,61.83434784507271,-46.31763587812247,1359.0,4.8892011642456055,0.5226502756886556,C,10,,
discovery_engine,102022975_NEG619963021467197733,-619963021467197733,102022975,61.99630211091873,-46.719773374309575,3487.0,13.249408721923828,1.2003983624226446,C,10,,
discovery_engine,102022975_NEG621355000463181883,-621355000463181883,102022975,62.13550003886825,-46.31818832183497,852.0,1.5495221614837646,0.6053857584791262,C,10,,
discovery_engine,102022975_NEG621382476467345948,-621382476467345948,102022975,62.138247614487135,-46.73459483248188,2090.0,8.664266586303711,0.7085596038064395,C,10,,
discovery_engine,102022976_NEG624934178466876749,-624934178466876749,102022976,62.493417846511626,-46.68767493158379,423.0,1.415840744972229,1.35353754920072,C,10,,
discovery_engine,102022976_NEG629083991463267826,-629083991463267826,102022976,62.90839910083734,-46.32678266537775,344.0,2.417912483215332,1.0049582848708143,C,10,,
discovery_engine,102022977_NEG631147332465833874,-631147332465833874,102022977,63.1147332299224,-46.58338747133873,531.0,2.7736172676086426,0.5624063845137324,C,10,,
discovery_engine,102022977_NEG631567038464366300,-631567038464366300,102022977,63.15670381036642,-46.436630042722975,613.0,2.5019125938415527,0.6890734133606133,C,10,,
discovery_engine,102022977_NEG631589206464358473,-631589206464358473,102022977,63.15892065712947,-46.43584734060616,395.0,1.6281167268753052,0.6442814828449516,C,10,,
discovery_engine,102022977_NEG631763965463618343,-631763965463618343,102022977,63.176396555414215,-46.36183434674613,262.0,1.621359944343567,1.8104893256550896,B,10,,
discovery_engine,102022977_NEG632095134463714214,-632095134463714214,102022977,63.20951347533324,-46.37142145319198,13779.0,15.105993270874023,1.0177636600589672,C,9,,
discovery_engine,102022977_NEG632256836464896558,-632256836464896558,102022977,63.22568367935108,-46.48965582009792,4330.0,19.48520851135254,0.707465134748644,C,9,,
discovery_engine,102022977_NEG633691011467352842,-633691011467352842,102022977,63.36910114533456,-46.73528424720473,461.0,2.0776121616363525,0.5030748433547356,C,10,,
discovery_engine,102022978_NEG637581426464806141,-637581426464806141,102022978,63.758142648269015,-46.48061414121818,2654.0,7.931738376617432,0.6596584815975491,C,10,,
discovery_engine,102022978_NEG638408332464166777,-638408332464166777,102022978,63.84083320876146,-46.41667777003319,1272.0,12.109345436096191,0.5656804633480639,C,10,,
discovery_engine,102022978_NEG638892307464240207,-638892307464240207,102022978,63.889230791059305,-46.42402076421591,669.0,2.657724142074585,0.8442814828449515,C,10,,
discovery_engine,102022978_NEG639856435467273842,-639856435467273842,102022978,63.9856435425629,-46.72738424488188,1230.0,3.74348258972168,2.3947359942212416,A,10,,
discovery_engine,102022978_NEG641544120464255144,-641544120464255144,102022978,64.15441209085984,-46.425514450717415,462.0,1.40146803855896,0.8664560241824737,C,9,,
discovery_engine,102022978_NEG643647863463499295,-643647863463499295,102022978,64.36478635470179,-46.349929588272026,974.0,3.524782419204712,0.8796518576430895,C,10,,
discovery_engine,102022978_NEG643661433463528750,-643661433463528750,102022978,64.36614339729933,-46.3528750105109,2471.0,4.266323566436768,0.8393272107546996,C,10,,
discovery_engine,102022979_NEG645150535467241969,-645150535467241969,102022979,64.51505355605518,-46.72419690671346,334.0,1.935744285583496,0.9164783556538812,C,10,,
discovery_engine,102022979_NEG645214430465266092,-645214430465266092,102022979,64.52144301472815,-46.52660928793458,1139.0,2.996223211288452,0.6959449961227009,C,10,,
discovery_engine,102022979_NEG646059380463491640,-646059380463491640,102022979,64.6059380657122,-46.34916404633146,1612.0,2.4785468578338623,1.1032211761431698,C,10,,
discovery_engine,102022979_NEG646939519465634551,-646939519465634551,102022979,64.69395196649528,-46.56345517821636,627.0,2.672912120819092,0.5390971250459108,C,8,,
discovery_engine,102022979_NEG648069830466910332,-648069830466910332,102022979,64.80698302216791,-46.69103320924987,801.0,2.7501845359802246,1.07078309739224,C,10,,
discovery_engine,102022979_NEG648362132462767425,-648362132462767425,102022979,64.83621328978028,-46.27674250566245,1170.0,6.330286502838135,1.392515269885853,C,10,,
discovery_engine,102022979_NEG648584516462532086,-648584516462532086,102022979,64.85845165056755,-46.253208632406015,492.0,3.048383474349976,1.145426050445788,C,10,,
discovery_engine,102022979_NEG648933921467198095,-648933921467198095,102022979,64.89339215164014,-46.71980950800423,382.0,1.2129433155059814,1.2101882891410525,C,9,,
discovery_engine,102022979_NEG649730462465487067,-649730462465487067,102022979,64.97304626203027,-46.5487067977089,9674.0,24.689897537231445,0.8186404195443974,C,10,,
discovery_engine,102022979_NEG650712882464619007,-650712882464619007,102022979,65.07128822931094,-46.461900732135184,556.0,5.284712791442871,1.0030764175180178,C,9,,
discovery_engine,102022980_NEG651811203464270280,-651811203464270280,102022980,65.18112033454088,-46.42702806628969,472.0,1.8627413511276243,0.7113938210598778,C,10,,
discovery_engine,102022980_NEG652791883466679845,-652791883466679845,102022980,65.27918831487847,-46.66798454685225,3004.0,11.555092811584473,0.7581050924301493,C,10,,
discovery_engine,102022980_NEG652859502467332289,-652859502467332289,102022980,65.28595020765569,-46.73322891440631,384.0,2.028576612472534,1.2448247520358722,C,8,,
discovery_engine,102022980_NEG652868048462934197,-652868048462934197,102022980,65.28680489356637,-46.293419796344885,4641.0,12.174965858459473,0.638618841682594,C,10,,
discovery_engine,102022980_NEG653069109465982282,-653069109465982282,102022980,65.30691092767607,-46.59822823435719,2277.0,8.158051490783691,2.276280676964072,A,10,,
discovery_engine,102022980_NEG653348606464342347,-653348606464342347,102022980,65.33486062889479,-46.43423476395177,536.0,1.2206826210021973,0.7722231032079153,C,10,,
discovery_engine,102022980_NEG654645541465625534,-654645541465625534,102022980,65.46455415059457,-46.5625534692025,1843.0,7.658661842346191,1.0538815892922395,C,10,,
discovery_engine,102022980_NEG656435302464993005,-656435302464993005,102022980,65.643530243243,-46.49930059063509,932.0,1.6102674007415771,0.916730929000904,C,9,,
discovery_engine,102022980_NEG657028227466975005,-657028227466975005,102022980,65.70282276460014,-46.69750055013302,5776.0,12.765372276306152,1.0442814828449516,C,10,,
discovery_engine,102022980_NEG657082285467450951,-657082285467450951,102022980,65.70822852262235,-46.74509511325952,573.0,1.6910686492919922,1.7649454172595542,B,8,,
discovery_engine,102022980_NEG657217570464190637,-657217570464190637,102022980,65.72175706167282,-46.41906374617125,454.0,1.326025128364563,1.1859159235239844,C,10,,
discovery_engine,102022980_NEG657440714464989804,-657440714464989804,102022980,65.74407143955513,-46.49898040907918,531.0,2.3070993423461914,1.3996516581370853,C,9,,
discovery_engine,102022980_NEG657553777465731159,-657553777465731159,102022980,65.75537771041878,-46.57311597346415,253.0,1.233062505722046,2.7570899261622577,A,10,,
discovery_engine,102022980_NEG657807287463973070,-657807287463973070,102022980,65.78072871307502,-46.397307041785474,824.0,3.582427740097046,0.7514778830063309,C,10,,
discovery_engine,102022980_NEG657960248467097996,-657960248467097996,102022980,65.79602480975264,-46.70979962073341,668.0,1.6309252977371216,0.9442814828449516,C,10,,
discovery_engine,102022981_NEG658998682466617025,-658998682466617025,102022981,65.89986822298803,-46.66170254326919,3740.0,16.75300407409668,0.5375772469363879,C,10,,
discovery_engine,102022981_NEG662726643466654484,-662726643466654484,102022981,66.27266431873302,-46.665448478539794,289.0,1.6541706323623655,0.6575052713387197,C,10,,
discovery_engine,102022981_NEG663410499467372217,-663410499467372217,102022981,66.34104997582655,-46.73722170609607,461.0,2.348140954971313,0.9114566851296352,C,10,,
discovery_engine,102022981_NEG663677675467263449,-663677675467263449,102022981,66.3677675977285,-46.72634492538595,661.0,3.797791004180908,0.5604817099651526,C,10,,
discovery_engine,102022982_NEG667898238465985233,-667898238465985233,102022982,66.78982387904301,-46.59852339497197,928.0,3.11898136138916,0.9043010248631128,C,10,,
discovery_engine,102023475_NEG607813213462381797,-607813213462381797,102023475,60.78132130537505,-46.23817974043847,1321.0,4.185389518737793,0.6288641152517563,C,9,,
discovery_engine,102023476_NEG610025395461180513,-610025395461180513,102023476,61.00253957732884,-46.11805137162271,598.0,1.5218068361282349,3.017787697532795,A,10,,
discovery_engine,102023476_NEG611551388462054166,-611551388462054166,102023476,61.15513882947343,-46.20541665781346,495.0,2.700571298599243,1.310900468626918,C,9,,
discovery_engine,102023476_NEG614811571462498040,-614811571462498040,102023476,61.48115713809919,-46.249804049102536,2172.0,8.321582794189453,0.6393272107546997,C,10,,
discovery_engine,102023477_NEG617331075461833413,-617331075461833413,102023477,61.733107581627394,-46.18334133412022,564.0,1.984952688217163,0.6649867284532142,C,10,,
discovery_engine,102023477_NEG617707385460450691,-617707385460450691,102023477,61.77073855992668,-46.04506914200059,7372.0,20.85249137878418,0.8244642072253294,C,10,,
discovery_engine,102023477_NEG623606953461346463,-623606953461346463,102023477,62.36069539525027,-46.134646359206656,928.0,3.0428555011749268,0.5677578432698558,C,10,,
discovery_engine,102023477_NEG623630160461311760,-623630160461311760,102023477,62.36301606275023,-46.13117605081216,602.0,1.4063353538513184,0.8033261587256482,C,9,,
discovery_engine,102023478_NEG624279595461711730,-624279595461711730,102023478,62.42795955148801,-46.17117305634186,6190.0,17.96845245361328,0.8800187217604958,C,10,,
discovery_engine,102023478_NEG624713369461407371,-624713369461407371,102023478,62.471336963457055,-46.140737182978704,2075.0,6.444217205047607,0.9903710135214304,C,9,,
discovery_engine,102023478_NEG627044068461303164,-627044068461303164,102023478,62.704406881340326,-46.130316403415776,596.0,2.467398166656494,1.0080834989151168,C,10,,
discovery_engine,102023478_NEG628457640459296313,-628457640459296313,102023478,62.84576401449824,-45.92963139466405,963.0,2.220866441726685,3.10855960380644,A,10,,
discovery_engine,102023478_NEG628745295458457369,-628745295458457369,102023478,62.87452955583125,-45.8457369710291,344.0,1.4004020690917969,0.5858993659895331,C,10,,
discovery_engine,102023479_NEG631728261462264711,-631728261462264711,102023479,63.17282618072984,-46.226471100852514,1069.0,3.517009258270264,0.686121615654038,C,10,,
discovery_engine,102023479_NEG631968882458727056,-631968882458727056,102023479,63.196888272888046,-45.87270566524282,306.0,1.8352303504943848,2.5067385786412397,A,10,,
discovery_engine,102023479_NEG632106383460162877,-632106383460162877,102023479,63.2106383566358,-46.01628774336627,769.0,2.683638334274292,0.5154062242967723,C,10,,
discovery_engine,102023479_NEG632788282458131350,-632788282458131350,102023479,63.27882828305538,-45.813135062314586,1153.0,2.38971209526062,0.6538815892922396,C,10,,
discovery_engine,102023479_NEG632887866461297175,-632887866461297175,102023479,63.28878669045783,-46.12971752597953,888.0,1.7132209539413452,0.6668435405623134,C,10,,
discovery_engine,102023479_NEG633179764458770018,-633179764458770018,102023479,63.3179764942238,-45.87700187320006,2798.0,3.2978084087371826,0.5783484534409723,C,10,,
discovery_engine,102023479_NEG633356736461611717,-633356736461611717,102023479,63.33567366762748,-46.16117178358185,3072.0,9.604851722717283,1.0622228806804297,C,10,,
discovery_engine,102023479_NEG633382827461467539,-633382827461467539,102023479,63.33828270800054,-46.14675398144309,716.0,2.049628973007202,2.1442814828449515,A,10,,
discovery_engine,102023479_NEG633491501461458871,-633491501461458871,102023479,63.34915010836785,-46.14588710558657,6016.0,11.60341453552246,1.7064489019751683,B,9,,
discovery_engine,102023479_NEG633574550461482307,-633574550461482307,102023479,63.35745502783527,-46.1482307213925,884.0,3.247191905975342,0.7870439335903694,C,10,,
discovery_engine,102023479_NEG634130969461586173,-634130969461586173,102023479,63.41309699366044,-46.15861737853299,3851.0,10.194706916809082,0.7442814828449517,C,10,,
discovery_engine,102023479_NEG634658837457827602,-634658837457827602,102023479,63.46588377669704,-45.78276023625513,7046.0,15.140911102294922,1.3511078279984496,C,10,,
discovery_engine,102023479_NEG634794291461525294,-634794291461525294,102023479,63.47942918129951,-46.15252946148603,884.0,2.622965097427368,1.0691546936583398,C,10,,
discovery_engine,102023479_NEG634822395459813458,-634822395459813458,102023479,63.48223952153383,-45.98134589982291,664.0,1.8425272703170776,0.7848142622888234,C,10,,
discovery_engine,102023479_NEG635374237459489098,-635374237459489098,102023479,63.5374237895989,-45.94890988449941,401.0,1.5619226694107056,0.7062786427306064,C,10,,
discovery_engine,102023479_NEG635439880461098830,-635439880461098830,102023479,63.54398808730353,-46.10988301037733,2230.0,4.527904510498047,1.1319197060311603,C,10,,
discovery_engine,102023479_NEG635645336459380377,-635645336459380377,102023479,63.56453365924594,-45.93803775454886,1476.0,2.950742721557617,1.289707561708153,C,10,,
discovery_engine,102023479_NEG635938758459461840,-635938758459461840,102023479,63.59387585127515,-45.946184087954265,2999.0,10.848854064941406,0.8013927793900383,C,10,,
discovery_engine,102023479_NEG636083673460825578,-636083673460825578,102023479,63.608367302399095,-46.082557888884686,574.0,1.7531198263168335,0.5107848188303368,C,10,,
discovery_engine,102023479_NEG636807843458895306,-636807843458895306,102023479,63.68078431886342,-45.889530609746906,6874.0,19.50151634216309,0.7581050924301493,C,10,,
discovery_engine,102023479_NEG637133867457897374,-637133867457897374,102023479,63.71338679808584,-45.78973749763844,543.0,1.15199875831604,0.8101882891410526,C,9,,
discovery_engine,102023479_NEG637599545462208181,-637599545462208181,102023479,63.7599545907649,-46.22081815902825,5734.0,18.65182304382324,1.0672151923819846,C,9,,
discovery_engine,102023479_NEG637730642462158599,-637730642462158599,102023479,63.773064221063976,-46.21585990205199,241.0,2.130617380142212,1.0077789914761075,C,10,,
discovery_engine,102023479_NEG637953103460317518,-637953103460317518,102023479,63.79531030311494,-46.03175185358722,603.0,0.9361379742622375,1.0466327553204482,C,10,,
discovery_engine,102023479_NEG638158962461005363,-638158962461005363,102023479,63.81589623303622,-46.10053637780353,1759.0,4.552690982818604,0.9844869050779425,C,10,,
discovery_engine,102023479_NEG638200059461329053,-638200059461329053,102023479,63.82000590259733,-46.13290534705634,861.0,1.6831121444702148,1.246079810747316,C,10,,
discovery_engine,102023480_NEG638786001462270331,-638786001462270331,102023480,63.87860011045332,-46.22703316838583,321.0,1.550965428352356,0.6046582692223069,C,8,,
discovery_engine,102023480_NEG640021734460830824,-640021734460830824,102023480,64.00217342456871,-46.08308249206795,621.0,2.4393656253814697,1.744281482844951,B,10,,
discovery_engine,102023480_NEG640270096460844048,-640270096460844048,102023480,64.02700969109169,-46.08440488708592,1365.0,3.4721157550811768,1.9560129507147772,B,9,,
discovery_engine,102023480_NEG640789009461970160,-640789009461970160,102023480,64.07890098829867,-46.19701606242378,318.0,1.557828426361084,0.5038969141106702,C,10,,
discovery_engine,102023480_NEG641653132460343238,-641653132460343238,102023480,64.16531320700629,-46.0343238549489,892.0,5.446582317352295,0.5319197060311606,C,10,,
discovery_engine,102023480_NEG642201006461096820,-642201006461096820,102023480,64.22010069763697,-46.10968203057439,1672.0,4.60703706741333,1.5596584815975492,B,10,,
discovery_engine,102023480_NEG643515742457626294,-643515742457626294,102023480,64.35157429981884,-45.76262945849678,798.0,4.559516429901123,0.5195344784845235,C,10,,
discovery_engine,102023480_NEG643946031461640626,-643946031461640626,102023480,64.39460314864206,-46.164062676428735,3473.0,7.770410537719727,1.0474450655098937,C,10,,
discovery_engine,102023481_NEG646711027460102899,-646711027460102899,102023481,64.6711027041591,-46.01028997732555,1188.0,2.9530162811279297,1.364282013659787,C,9,,
discovery_engine,102023481_NEG647034409460165381,-647034409460165381,102023481,64.70344096478027,-46.01653815371828,445.0,2.280439138412476,1.0711674023784437,C,10,,
discovery_engine,102023481_NEG647067432461318484,-647067432461318484,102023481,64.70674321114586,-46.13184848567852,11817.0,22.78294944763184,1.2101882891410525,C,9,,
discovery_engine,102023481_NEG647245161459048846,-647245161459048846,102023481,64.72451612348969,-45.90488464671768,381.0,2.005765199661255,2.215012338448944,A,9,,
discovery_engine,102023481_NEG649132760461482143,-649132760461482143,102023481,64.91327603051622,-46.14821437171463,851.0,2.3714189529418945,0.5825307735007618,C,10,,
discovery_engine,102023481_NEG649804183460455042,-649804183460455042,102023481,64.98041831266448,-46.045504234299024,2621.0,7.862095355987549,1.1146833957807398,C,9,,
discovery_engine,102023481_NEG650269720461811358,-650269720461811358,102023481,65.02697202495352,-46.18113582842483,894.0,3.3537096977233887,1.193819267838781,C,9,,
discovery_engine,102023481_NEG651472069461654889,-651472069461654889,102023481,65.14720699527781,-46.16548899437758,339.0,1.0472086668014526,1.246293869677486,C,10,,
discovery_engine,102023482_NEG652868174459357762,-652868174459357762,102023482,65.28681745259995,-45.93577629078091,420.0,1.21736741065979,1.3825307735007617,C,10,,
discovery_engine,102023482_NEG653902796459062441,-653902796459062441,102023482,65.39027966564537,-45.90624414403221,205.0,1.7204831838607788,0.7716062808474904,C,10,,
discovery_engine,102023482_NEG655179432459165110,-655179432459165110,102023482,65.51794326392798,-45.91651107756741,1493.0,12.953272819519045,1.6468176130644134,B,8,,
discovery_engine,102023482_NEG655228887459691030,-655228887459691030,102023482,65.52288874606776,-45.96910306273677,6173.0,14.55158519744873,1.0030748433547356,C,10,,
discovery_engine,102023482_NEG655815326461739895,-655815326461739895,102023482,65.58153266757411,-46.173989553878656,742.0,3.4055216312408447,0.5573574353708468,C,10,,
discovery_engine,102023482_NEG657383017460972594,-657383017460972594,102023482,65.73830175052379,-46.09725944968683,526.0,2.2547223567962646,1.5228008884342985,B,10,,
discovery_engine,102023482_NEG657682325462078275,-657682325462078275,102023482,65.76823250418582,-46.20782755880356,3624.0,15.687704086303713,1.2088525325454678,C,10,,
discovery_engine,102023982_NEG617655698457412516,-617655698457412516,102023982,61.76556980274424,-45.7412516654335,401.0,1.3607362508773804,0.9442814828449516,C,10,,
discovery_engine,102023983_NEG619518084457385823,-619518084457385823,102023983,61.95180843819342,-45.73858232917167,266.0,2.87818455696106,0.6722988290387777,C,10,,
discovery_engine,102023983_NEG620181114457450740,-620181114457450740,102023983,62.0181114114354,-45.74507402020453,515.0,0.8360555171966553,1.0967167405645395,C,10,,
discovery_engine,102023983_NEG623405855457035192,-623405855457035192,102023983,62.34058557859963,-45.70351921856444,563.0,1.8464161157608032,1.1442814828449517,C,10,,
discovery_engine,102023983_NEG624651675457259594,-624651675457259594,102023983,62.46516752774944,-45.72595948214266,583.0,4.327007293701172,0.7225582866246038,C,10,,
discovery_engine,102023984_NEG626018258457450485,-626018258457450485,102023984,62.60182589239597,-45.74504855026029,649.0,1.917733073234558,0.6246084284155345,C,10,,
discovery_engine,102023984_NEG627681391455587967,-627681391455587967,102023984,62.76813913977914,-45.558796735123146,391.0,1.275273680686951,0.8825307735007618,C,10,,
discovery_engine,102023984_NEG627804838454213106,-627804838454213106,102023984,62.78048386794535,-45.4213106327194,546.0,2.6551177501678467,2.358105092430149,A,10,,
discovery_engine,102023984_NEG628683592457046709,-628683592457046709,102023984,62.8683592745232,-45.704670979868624,4886.0,8.072391510009766,2.116638624494145,A,10,,
discovery_engine,102023984_NEG631043463457052623,-631043463457052623,102023984,63.10434637855938,-45.70526232957247,1389.0,2.8775293827056885,1.7504584040745894,B,9,edge-on,
discovery_engine,102023984_NEG631525469456388625,-631525469456388625,102023984,63.15254694815235,-45.63886257520052,681.0,2.878485918045044,0.5218176130644135,C,8,,
discovery_engine,102023985_NEG634366763454595098,-634366763454595098,102023985,63.43667636905823,-45.45950987046573,619.0,1.2292072772979736,0.9596584815975492,C,10,,
discovery_engine,102023985_NEG634852914456853707,-634852914456853707,102023985,63.48529143739889,-45.68537077674405,804.0,4.6933913230896,0.8581050924301493,C,10,,
discovery_engine,102023985_NEG635099482453520220,-635099482453520220,102023985,63.509948212353486,-45.35202201620588,324.0,1.7615561485290527,0.5040647973427285,C,9,,
discovery_engine,102023985_NEG636593640454476284,-636593640454476284,102023985,63.65936403200656,-45.44762847799742,417.0,1.6064279079437256,1.1226502756886556,C,10,,
discovery_engine,102023985_NEG636941277456969812,-636941277456969812,102023985,63.69412772848626,-45.696981227411406,309.0,1.6256047487258911,1.2431338552098246,C,9,,
discovery_engine,102023986_NEG640371961456083711,-640371961456083711,102023986,64.03719618650601,-45.60837119911286,4863.0,10.013410568237305,0.6338658872457174,C,11,,
discovery_engine,102023986_NEG640526524455638825,-640526524455638825,102023986,64.05265247799696,-45.56388254387607,1045.0,3.3634514808654785,0.738820306291809,C,10,,
discovery_engine,102023986_NEG641369093456490619,-641369093456490619,102023986,64.13690938653372,-45.64906190118951,433.0,1.24742329120636,0.6861105397645912,C,10,,
discovery_engine,102023986_NEG643189719456460589,-643189719456460589,102023986,64.31897196009866,-45.64605890044793,709.0,1.896056056022644,1.744281482844951,B,10,,
discovery_engine,102023986_NEG643278568456152213,-643278568456152213,102023986,64.3278568843478,-45.61522135359119,1421.0,5.624306678771973,0.9300187538655174,C,10,,
discovery_engine,102023986_NEG644775934455668144,-644775934455668144,102023986,64.47759342260096,-45.56681448708828,2026.0,8.739823341369629,0.7434289559445776,C,10,,
discovery_engine,102023986_NEG645588782455856779,-645588782455856779,102023986,64.55887827540474,-45.58567791486933,563.0,2.986436128616333,0.6947359942212417,C,10,,
discovery_engine,102023986_NEG646813937456088159,-646813937456088159,102023986,64.68139372005449,-45.60881599626301,318.0,1.537482976913452,0.9012882135190065,C,10,,
discovery_engine,102023986_NEG646939137455637493,-646939137455637493,102023986,64.69391370121664,-45.56374931332438,352.0,2.8522305488586426,0.5405219438993043,C,10,,
discovery_engine,102041032_NEG523182921302976501,-523182921302976501,102041032,52.3182921637738,-30.297650146116908,1859.0,3.575208902359009,0.7321007729842064,C,10,,
discovery_engine,102041032_NEG527889252302642854,-527889252302642854,102041032,52.78892529669567,-30.264285497234383,767.0,5.029295444488525,0.6656804633480639,C,10,,
discovery_engine,102041656_NEG521673237298384032,-521673237298384032,102041656,52.16732370354888,-29.838403256935337,980.0,3.4961726665496826,0.6596584815975491,C,10,,
discovery_engine,102041656_NEG521727718300586466,-521727718300586466,102041656,52.172771805419245,-30.05864662836268,1790.0,4.333052158355713,0.8566980783014794,C,10,,
discovery_engine,102041656_NEG522512583300985077,-522512583300985077,102041656,52.25125831154715,-30.098507791795257,1102.0,5.379266262054443,0.7318642080381654,C,10,,
discovery_engine,102041656_NEG522901423299700475,-522901423299700475,102041656,52.29014236168837,-29.970047548819345,899.0,5.336147785186768,0.9947359942212416,C,10,,
discovery_engine,102041656_NEG523213636300256352,-523213636300256352,102041656,52.321363604910495,-30.02563524305621,484.0,0.6493887901306152,1.0223935098615324,C,9,,
discovery_engine,102041656_NEG523359673301396466,-523359673301396466,102041656,52.33596739170452,-30.139646609274138,278.0,1.40165114402771,1.563632566022109,B,10,,
discovery_engine,102041656_NEG523929135301977427,-523929135301977427,102041656,52.39291356415835,-30.197742736377528,993.0,5.479530811309815,0.5775536877871875,C,9,,
discovery_engine,102041656_NEG524316861298325813,-524316861298325813,102041656,52.43168618863652,-29.832581360958628,1017.0,1.2774815559387207,1.2796518576430895,C,10,,
discovery_engine,102041656_NEG525074554300540761,-525074554300540761,102041656,52.50745540247147,-30.05407610588284,955.0,8.208080291748047,0.9457433156163584,C,10,,
discovery_engine,102041657_NEG526400623298942575,-526400623298942575,102041657,52.64006236289213,-29.89425756101037,989.0,4.160680770874023,1.3092850468275912,C,9,,
discovery_engine,102041657_NEG527330118300603942,-527330118300603942,102041657,52.73301189004299,-30.060394203188203,1029.0,3.058283567428589,1.868255752938565,B,10,edge-on,
discovery_engine,102041657_NEG527379187300560745,-527379187300560745,102041657,52.73791874548739,-30.056074530571884,3347.0,6.914824485778809,0.7891031653654038,C,10,,
discovery_engine,102041657_NEG527389810300577507,-527389810300577507,102041657,52.73898106550506,-30.05775079083134,656.0,1.861599922180176,0.8276952680766915,C,10,,
discovery_engine,102041657_NEG527431234301689349,-527431234301689349,102041657,52.74312345266807,-30.168934956270284,312.0,2.236876964569092,1.1072614281591824,C,10,,
discovery_engine,102041657_NEG527593902297425560,-527593902297425560,102041657,52.75939029595949,-29.74255605439272,6982.0,11.382938385009766,1.0796518576430896,C,10,,
discovery_engine,102041657_NEG527925237298894414,-527925237298894414,102041657,52.79252379595951,-29.88944147404416,472.0,3.162132978439331,2.391739370958049,A,9,,
discovery_engine,102041657_NEG528301123298298693,-528301123298298693,102041657,52.8301123322179,-29.82986934888345,514.0,1.6552726030349731,2.306302582982728,A,10,,
discovery_engine,102041657_NEG528659127301669619,-528659127301669619,102041657,52.86591275959928,-30.16696192378368,476.0,1.7445827722549438,0.8593815432035485,C,9,,
discovery_engine,102041657_NEG529209996299100136,-529209996299100136,102041657,52.92099965374398,-29.91001367205823,2848.0,6.770232677459717,2.3673327302476417,A,10,,
discovery_engine,102041657_NEG529441401298191099,-529441401298191099,102041657,52.94414010755915,-29.81910995956964,376.0,1.2696841955184937,0.9878860663244792,C,9,,
discovery_engine,102041657_NEG530166831297445808,-530166831297445808,102041657,53.01668310294704,-29.744580871295803,409.0,2.136751413345337,0.834982189460089,C,10,,
discovery_engine,102041657_NEG530594758301039621,-530594758301039621,102041657,53.0594758402077,-30.10396216544011,3503.0,17.807472229003906,1.350824122704803,C,10,,
discovery_engine,102041657_NEG530725017297838627,-530725017297838627,102041657,53.07250179620278,-29.78386277907249,2844.0,8.475181579589844,1.179765959165801,C,10,,
discovery_engine,102041657_NEG531065475298376465,-531065475298376465,102041657,53.10654754534171,-29.83764652617048,2646.0,4.425192832946777,1.190978464960764,C,10,,
discovery_engine,102041657_NEG531137295298608948,-531137295298608948,102041657,53.113729510062285,-29.8608948613702,514.0,4.083833694458008,1.0289038047420958,C,10,,
discovery_engine,102041658_NEG531705854298885278,-531705854298885278,102041658,53.17058542511963,-29.88852780095017,3760.0,13.8279390335083,0.7028554575129562,C,9,,
discovery_engine,102042282_NEG517070963297124785,-517070963297124785,102042282,51.707096352182745,-29.712478588163005,9552.0,16.251691818237305,1.6920848084020716,B,11,,
discovery_engine,102042282_NEG517080799295589929,-517080799295589929,102042282,51.70807999279621,-29.55899299470437,463.0,0.947628140449524,0.6361062908356073,C,10,,
discovery_engine,102042283_NEG518770667295125494,-518770667295125494,102042283,51.87706671211459,-29.512549467386364,1102.0,9.34580421447754,2.358105092430149,A,10,edge-on,
discovery_engine,102042283_NEG518943592296848247,-518943592296848247,102042283,51.89435924531992,-29.68482473084603,1094.0,2.6656672954559326,1.4651327195717987,C,10,,
discovery_engine,102042283_NEG519232663294154195,-519232663294154195,102042283,51.92326635367033,-29.41541950894536,623.0,4.0768022537231445,0.9825307735007618,C,10,,
discovery_engine,102042283_NEG519613623293740996,-519613623293740996,102042283,51.96136230731644,-29.37409967979473,482.0,1.2556861639022827,1.306982910051708,C,8,,
discovery_engine,102042283_NEG519778522297335533,-519778522297335533,102042283,51.977852218303845,-29.733553368383685,1435.0,8.036565780639648,0.7584446641419796,C,10,,
discovery_engine,102042283_NEG520282549294949401,-520282549294949401,102042283,52.028254968071145,-29.49494014136376,933.0,2.903349161148072,1.4236150125572014,C,10,,
discovery_engine,102042283_NEG520608563295081214,-520608563295081214,102042283,52.0608563513396,-29.50812141969979,1312.0,10.161842346191406,1.5361062908356071,B,10,,
discovery_engine,102042283_NEG521070591294671601,-521070591294671601,102042283,52.10705916602482,-29.467160198695264,717.0,2.660370349884033,1.6226871940221188,B,10,,
discovery_engine,102042283_NEG521164941294977764,-521164941294977764,102042283,52.11649415346062,-29.497776437904875,743.0,0.9734193086624146,0.9319197060311606,C,10,,
discovery_engine,102042283_NEG522870565296302838,-522870565296302838,102042283,52.28705651850122,-29.630283812739982,847.0,3.249481439590454,1.1656804633480635,C,10,,
discovery_engine,102042284_NEG523340389294981588,-523340389294981588,102042284,52.33403892944576,-29.49815888388931,6827.0,14.556361198425291,0.6062786427306064,C,10,,
discovery_engine,102042284_NEG523796860294260845,-523796860294260845,102042284,52.379686089288015,-29.426084544856497,304.0,2.33056378364563,0.5107848188303368,C,10,,
discovery_engine,102042284_NEG523902104295926900,-523902104295926900,102042284,52.39021042684189,-29.592690005903176,5591.0,8.758865356445312,1.95750527133872,B,10,,
discovery_engine,102042284_NEG525695349297092862,-525695349297092862,102042284,52.569534997822,-29.70928622170952,4128.0,15.621164321899414,0.53905755519547,C,10,,
discovery_engine,102042284_NEG526284599294375424,-526284599294375424,102042284,52.62845995842899,-29.43754243408277,781.0,4.554835319519043,1.13954380651601,C,10,,
discovery_engine,102042284_NEG526364571294435792,-526364571294435792,102042284,52.63645710453187,-29.443579213746563,1077.0,2.278644561767578,0.8457433156163583,C,10,,
discovery_engine,102042284_NEG526888815294982643,-526888815294982643,102042284,52.68888150861861,-29.498264398459888,1902.0,5.336310386657715,2.5105540077712662,A,10,,
discovery_engine,102042284_NEG527060080297017802,-527060080297017802,102042284,52.7060080748431,-29.701780205531165,582.0,1.8680126667022705,0.508083498915117,C,10,,
discovery_engine,102042284_NEG528028203296214517,-528028203296214517,102042284,52.8028203635844,-29.62145175217002,685.0,3.236638069152832,1.1160502420590452,C,10,,
discovery_engine,102042284_NEG528356577292866317,-528356577292866317,102042284,52.83565776408496,-29.28663177075172,865.0,6.775405883789063,1.5606428005173425,B,9,,
discovery_engine,102042284_NEG528469577293543249,-528469577293543249,102042284,52.8469577478342,-29.35432498316033,922.0,1.224919080734253,0.6442814828449516,C,10,,
discovery_engine,102042284_NEG528614674294431936,-528614674294431936,102042284,52.86146744117295,-29.443193659367665,2928.0,10.493612289428713,0.7788878227408116,C,10,,
discovery_engine,102042285_NEG529520291296210228,-529520291296210228,102042285,52.95202915198834,-29.62102286599167,530.0,1.538138747215271,0.9247124843145365,C,10,,
discovery_engine,102042285_NEG530356670294509826,-530356670294509826,102042285,53.0356670815343,-29.45098264874235,4634.0,10.858299255371094,0.7177636600589671,C,9,,
discovery_engine,102042285_NEG530616145296180547,-530616145296180547,102042285,53.061614580487095,-29.618054781878023,2651.0,10.43799877166748,0.7315872696441649,C,9,,
discovery_engine,102042285_NEG530876045294449536,-530876045294449536,102042285,53.08760458965715,-29.44495368249769,3162.0,8.635906219482422,1.3691770412281592,C,9,,
discovery_engine,102042285_NEG532436684295704036,-532436684295704036,102042285,53.24366841874621,-29.57040362618336,639.0,0.8893631100654602,0.5072614281591823,C,10,,
discovery_engine,102042285_NEG533185073293389379,-533185073293389379,102042285,53.31850732867294,-29.338937984035795,1063.0,3.043550729751587,0.5811280241167491,C,10,,
discovery_engine,102042285_NEG533656212293900818,-533656212293900818,102042285,53.36562129524383,-29.39008183775848,479.0,0.9818854331970216,0.697211858084189,C,10,,
discovery_engine,102042286_NEG535213059295368790,-535213059295368790,102042286,53.52130595285387,-29.53687902235428,2235.0,5.980582237243652,0.9983121030695584,C,10,,
discovery_engine,102042286_NEG535484993294853211,-535484993294853211,102042286,53.54849934782104,-29.48532118766653,599.0,2.1898913383483887,0.5956121391589496,C,10,,
discovery_engine,102042286_NEG535681105292610307,-535681105292610307,102042286,53.56811051136622,-29.2610307383117,456.0,3.8437650203704834,0.707465134748644,C,9,,
discovery_engine,102042286_NEG536775386294466519,-536775386294466519,102042286,53.67753861981216,-29.446651914920384,880.0,2.895780086517334,0.7947359942212417,C,10,,
discovery_engine,102042286_NEG537951383292729896,-537951383292729896,102042286,53.795138319183074,-29.27298964228992,563.0,2.75018572807312,0.9104652275350532,C,10,,
discovery_engine,102042286_NEG540060262297272920,-540060262297272920,102042286,54.00602623679979,-29.72729209815673,485.0,0.8031628131866455,0.7703103131506291,C,10,,
discovery_engine,102042287_NEG540365671293205439,-540365671293205439,102042287,54.03656715287476,-29.32054393414841,365.0,1.8115472793579104,1.6820838833130214,B,9,,
discovery_engine,102042287_NEG541343044294925091,-541343044294925091,102042287,54.13430444766483,-29.49250911939176,390.0,0.8835722804069519,0.9074937221693632,C,10,,
discovery_engine,102042287_NEG541343246295652990,-541343246295652990,102042287,54.134324662880665,-29.565299090239296,315.0,1.45930814743042,0.6946100189618063,C,10,,
discovery_engine,102042287_NEG541578162295608874,-541578162295608874,102042287,54.15781624174168,-29.5608874719479,9679.0,19.67654800415039,0.7930095203737044,C,10,,
discovery_engine,102042287_NEG541741574294781630,-541741574294781630,102042287,54.17415744823295,-29.47816300982129,475.0,2.0654728412628174,0.829791483960892,C,10,,
discovery_engine,102042287_NEG542959743294304587,-542959743294304587,102042287,54.295974398394016,-29.43045877654625,408.0,1.4408581256866455,0.6873236992064469,C,7,,
discovery_engine,102042287_NEG543727111293847771,-543727111293847771,102042287,54.37271115161365,-29.384777131349484,1171.0,4.085890769958496,1.7166790670981538,B,9,,
discovery_engine,102042287_NEG545897058294281620,-545897058294281620,102042287,54.589705877723055,-29.42816206601585,477.0,1.8531042337417605,0.8457433156163583,C,10,,
discovery_engine,102042288_NEG547300834293474564,-547300834293474564,102042288,54.73008341692873,-29.34745646052805,496.0,2.568385362625122,0.5218176130644135,C,8,,
discovery_engine,102042288_NEG547338085292800727,-547338085292800727,102042288,54.73380856696015,-29.28007275525061,547.0,1.2674669027328491,0.8891031653654039,C,10,,
discovery_engine,102042288_NEG547535180294416573,-547535180294416573,102042288,54.75351800131894,-29.441657354926544,466.0,2.2031049728393555,0.7072614281591824,C,10,,
discovery_engine,102042288_NEG550530052292626668,-550530052292626668,102042288,55.05300520879413,-29.262666865108283,879.0,6.537137508392334,0.7575052713387197,C,10,,
discovery_engine,102042912_NEG512872780290796053,-512872780290796053,102042912,51.28727808577719,-29.079605358339872,648.0,1.9759948253631592,0.6692858897457816,C,10,,
discovery_engine,102042912_NEG513191949291330728,-513191949291330728,102042912,51.31919493021542,-29.13307284409737,3786.0,16.292634963989258,1.2442814828449515,C,10,,
discovery_engine,102042912_NEG513425281289348802,-513425281289348802,102042912,51.34252810985024,-28.93488022316903,914.0,3.579841375350952,0.5291036736604132,C,10,,
discovery_engine,102042912_NEG513530513288379324,-513530513288379324,102042912,51.3530513183966,-28.837932453344227,1584.0,2.3566811084747314,0.9901061444186764,C,10,,
discovery_engine,102042912_NEG514279202288421851,-514279202288421851,102042912,51.42792026643427,-28.84218517113272,320.0,2.243658781051636,0.7885033442739742,C,10,,
discovery_engine,102042913_NEG515529104291321392,-515529104291321392,102042913,51.55291044443477,-29.132139230003148,320.0,2.7820301055908203,0.6393272107546997,C,10,,
discovery_engine,102042913_NEG515596854290228591,-515596854290228591,102042913,51.55968541095926,-29.022859166356096,1669.0,4.834662914276123,1.5463448219138882,B,8,,
discovery_engine,102042913_NEG515847139291141021,-515847139291141021,102042913,51.58471391404591,-29.114102191323457,460.0,2.143310070037842,2.056012950714777,A,9,,
discovery_engine,102042913_NEG516249178292373011,-516249178292373011,102042913,51.62491780564062,-29.23730114505462,498.0,1.2950286865234375,1.6825307735007615,B,10,edge-on,
discovery_engine,102042913_NEG516787707290677844,-516787707290677844,102042913,51.67877071720283,-29.06778447906204,301.0,1.5453338623046875,1.4137012542191276,C,9,,
discovery_engine,102042913_NEG518198793288220397,-518198793288220397,102042913,51.81987931988373,-28.82203972762372,575.0,1.988860845565796,1.8407596205524777,B,10,edge-on,
discovery_engine,102042913_NEG518664889287561371,-518664889287561371,102042913,51.86648892042271,-28.75613716885237,409.0,0.919130265712738,1.1891031653654038,C,10,,
discovery_engine,102042913_NEG519281943288837491,-519281943288837491,102042913,51.92819439125444,-28.883749145038006,1964.0,8.435680389404297,0.6901061444186763,C,10,,
discovery_engine,102042913_NEG520471782290867053,-520471782290867053,102042913,52.04717824679261,-29.08670539117257,360.0,1.1465482711791992,2.3901061444186764,A,10,,
discovery_engine,102042914_NEG520791097292457766,-520791097292457766,102042914,52.07910976293189,-29.24577660750816,485.0,1.320456624031067,2.347937023661761,A,10,,
discovery_engine,102042914_NEG520937796291833052,-520937796291833052,102042914,52.093779698159295,-29.183305273680286,665.0,3.443599939346313,1.1441998689374109,C,10,,
discovery_engine,102042914_NEG522203871289877811,-522203871289877811,102042914,52.22038715636024,-28.98778115699919,1287.0,6.243197917938232,0.5104652275350532,C,10,,
discovery_engine,102042914_NEG522625262291125533,-522625262291125533,102042914,52.262526273501,-29.11255338608705,503.0,3.571831464767456,2.2521381994884964,A,7,,
discovery_engine,102042914_NEG522659990290967270,-522659990290967270,102042914,52.26599900519126,-29.096727067936826,574.0,1.8996561765670776,0.8366244980194963,C,10,,
discovery_engine,102042914_NEG522883003288071416,-522883003288071416,102042914,52.28830033305185,-28.807141695477657,7681.0,6.6611833572387695,0.7873307296969615,C,10,,
discovery_engine,102042914_NEG523479785291521247,-523479785291521247,102042914,52.34797854483788,-29.15212478307529,1267.0,2.855332136154175,2.170310313150629,A,10,,
discovery_engine,102042914_NEG523861041287486239,-523861041287486239,102042914,52.38610410148034,-28.74862395170958,1493.0,5.918737411499023,0.7442814828449515,C,10,,
discovery_engine,102042914_NEG524485584289598057,-524485584289598057,102042914,52.4485584496044,-28.95980577409074,440.0,3.4435572624206543,0.5390971250459108,C,8,,
discovery_engine,102042914_NEG524563775290670696,-524563775290670696,102042914,52.45637753869583,-29.06706965552803,1565.0,5.862105846405029,0.8189082276598034,C,9,,
discovery_engine,102042914_NEG524816797287842581,-524816797287842581,102042914,52.48167970475254,-28.784258184167093,523.0,1.0187567472457886,1.3431968898841382,C,10,,
discovery_engine,102042914_NEG525966206289410013,-525966206289410013,102042914,52.59662065106207,-28.941001361340067,1729.0,0.5015156269073486,1.1306334887746226,C,9,,
discovery_engine,102042914_NEG526075323288694011,-526075323288694011,102042914,52.60753233101427,-28.869401194831426,1905.0,9.279696464538574,0.6366244980194964,C,10,,
discovery_engine,102042915_NEG526588221287770665,-526588221287770665,102042915,52.65882210413717,-28.7770665115202,771.0,2.6124308109283447,1.4442814828449515,C,10,,
discovery_engine,102042915_NEG526617131291080613,-526617131291080613,102042915,52.66171317263162,-29.108061343076816,5108.0,12.983002662658691,0.6852995448981034,C,10,,
discovery_engine,102042915_NEG527026224287703474,-527026224287703474,102042915,52.70262242655624,-28.770347416397275,1714.0,7.375351428985596,0.8825307735007618,C,10,,
discovery_engine,102042915_NEG527574180288799276,-527574180288799276,102042915,52.75741809343428,-28.87992760661953,501.0,2.931003332138061,2.2437747552942824,A,11,,
discovery_engine,102042915_NEG528545016288651034,-528545016288651034,102042915,52.85450169543065,-28.865103458157133,253.0,43.920841217041016,1.6853498741657789,B,10,,
discovery_engine,102042915_NEG529406479288349008,-529406479288349008,102042915,52.94064791001836,-28.834900896073968,742.0,2.5419816970825195,0.5853386598926289,C,10,,
discovery_engine,102042915_NEG529823788292531675,-529823788292531675,102042915,52.98237884657878,-29.253167568876144,292.0,1.2698991298675537,1.6631521857626017,B,10,,
discovery_engine,102042915_NEG529870997291509691,-529870997291509691,102042915,52.98709979897708,-29.15096913274093,386.0,2.015065193176269,0.9243062999188186,C,9,,
discovery_engine,102042915_NEG530140974290054600,-530140974290054600,102042915,53.014097464710574,-29.005460005638056,912.0,1.7543336153030396,0.7262870195649507,C,9,,
discovery_engine,102042915_NEG530229071287794840,-530229071287794840,102042915,53.02290713656975,-28.77948402655225,240.0,1.439149260520935,0.6829105155945596,C,9,,
discovery_engine,102042915_NEG530608697288576682,-530608697288576682,102042915,53.06086977893339,-28.857668206272784,1269.0,3.600616216659546,1.2927300475206986,C,9,,
discovery_engine,102042915_NEG530871001289997331,-530871001289997331,102042915,53.08710016405642,-28.99973315666351,726.0,2.91055965423584,0.5319197060311607,C,10,,
discovery_engine,102042915_NEG531128644289613349,-531128644289613349,102042915,53.11286442871516,-28.96133490806245,1060.0,3.631613492965698,1.0107848188303368,C,10,,
discovery_engine,102042915_NEG531310919292142818,-531310919292142818,102042915,53.131091993387386,-29.214281899776903,3234.0,8.975757598876953,1.9630666314298453,B,9,,
discovery_engine,102042916_NEG532056366289526323,-532056366289526323,102042916,53.20563662551474,-28.952632389167288,827.0,1.4141172170639038,1.2442814828449515,C,10,,
discovery_engine,102042916_NEG532929709288381745,-532929709288381745,102042916,53.29297091806423,-28.83817459799641,2161.0,6.5983076095581055,0.8581050924301493,C,10,,
discovery_engine,102042916_NEG533251142291509670,-533251142291509670,102042916,53.3251142778574,-29.15096706182251,1417.0,5.966599941253662,2.5902184063359392,A,10,,
discovery_engine,102042916_NEG533443350291365668,-533443350291365668,102042916,53.34433509135976,-29.136566857134017,1293.0,3.515571594238281,0.5504584040745893,C,9,,
discovery_engine,102042916_NEG535685580291614759,-535685580291614759,102042916,53.56855808619154,-29.161475942498928,402.0,2.5712928771972656,0.6319197060311607,C,10,,
discovery_engine,102042916_NEG536737323289784595,-536737323289784595,102042916,53.673732339376606,-28.978459525044872,561.0,3.3117547035217285,0.5703103131506293,C,10,,
discovery_engine,102042916_NEG537152922290117877,-537152922290117877,102042916,53.715292203871016,-29.01178776714154,429.0,3.164367437362671,0.7595701468406787,C,10,,
discovery_engine,102042917_NEG537739038290197289,-537739038290197289,102042917,53.77390381561709,-29.01972891247209,343.0,1.6591072082519531,0.5072614281591823,C,10,,
discovery_engine,102042917_NEG538177472290137113,-538177472290137113,102042917,53.81774726156274,-29.01371130791849,1434.0,6.451062202453613,0.763456013117351,C,10,,
discovery_engine,102042917_NEG539279061291936993,-539279061291936993,102042917,53.92790616393022,-29.19369935009748,1341.0,3.115741729736328,2.6574638338451635,A,10,,
discovery_engine,102042917_NEG540106227291487236,-540106227291487236,102042917,54.010622703368135,-29.148723692515222,1028.0,8.004218101501465,0.6831707374995257,C,10,,
discovery_engine,102042917_NEG540132584291926297,-540132584291926297,102042917,54.013258430324896,-29.192629748914623,512.0,3.3664638996124268,2.168064448437645,A,10,,
discovery_engine,102042917_NEG540926519290733004,-540926519290733004,102042917,54.09265196528655,-29.073300402181623,259.0,1.5953876972198486,1.6651251070789117,B,10,,
discovery_engine,102042917_NEG541259042292035660,-541259042292035660,102042917,54.12590429369371,-29.20356603922207,4066.0,10.09657382965088,1.0315872696441648,C,9,,
discovery_engine,102042917_NEG541483963288982186,-541483963288982186,102042917,54.14839632742182,-28.898218643740908,1662.0,3.5053083896636963,1.4085596038064394,C,10,,
discovery_engine,102042917_NEG541529426289719211,-541529426289719211,102042917,54.15294268686738,-28.971921107967496,601.0,1.703208327293396,0.6131329334520126,C,10,,
discovery_engine,102042917_NEG541570053287586169,-541570053287586169,102042917,54.15700530415752,-28.75861695913092,429.0,1.2671592235565186,0.8581050924301493,C,10,,
discovery_engine,102042917_NEG542102010289958983,-542102010289958983,102042917,54.2102010505034,-28.995898368234272,1070.0,4.130730152130127,0.5720869258309527,C,10,,
discovery_engine,102042918_NEG544078688288843547,-544078688288843547,102042918,54.40786885933942,-28.884354786976363,449.0,2.0836751461029053,0.5255555449341086,C,10,,
discovery_engine,102042918_NEG544707905290336324,-544707905290336324,102042918,54.47079058850701,-29.03363243730288,710.0,3.3647561073303223,1.410502145868516,C,10,,
discovery_engine,102042918_NEG544805259289548872,-544805259289548872,102042918,54.480525954294606,-28.954887264503345,4585.0,11.3297119140625,2.4222089640885094,A,10,,
discovery_engine,102042918_NEG545775127291818136,-545775127291818136,102042918,54.57751271144934,-29.181813672543694,3084.0,11.121238708496094,0.5509971127754939,C,10,,
discovery_engine,102042918_NEG547305258292306691,-547305258292306691,102042918,54.73052584244345,-29.230669198168645,18804.0,33.737300872802734,0.7885033442739742,C,10,,
discovery_engine,102042918_NEG547807838291041926,-547807838291041926,102042918,54.78078385876254,-29.104192679709435,3128.0,10.780184745788574,1.0532767701731194,C,10,,
discovery_engine,102042918_NEG548657577292438275,-548657577292438275,102042918,54.86575778849454,-29.24382752066208,2621.0,9.156095504760742,1.2101882891410525,C,9,,
discovery_engine,102042919_NEG549430607289227114,-549430607289227114,102042919,54.94306073412681,-28.92271146084221,11475.0,2.4497649669647217,0.6538815892922396,C,10,,
discovery_engine,102042919_NEG549525883291619345,-549525883291619345,102042919,54.95258837432254,-29.16193451041988,892.0,1.9718378782272337,2.299922904332745,A,10,,
discovery_engine,102042919_NEG549725555290756868,-549725555290756868,102042919,54.97255557552779,-29.07568680536772,2010.0,5.502967357635498,2.8006372903287686,A,10,,
discovery_engine,102042919_NEG550105155291238806,-550105155291238806,102042919,55.01051552373555,-29.12388069970221,1126.0,5.809864521026611,1.874770390733021,B,9,,
discovery_engine,102042919_NEG550298555288445169,-550298555288445169,102042919,55.02985559221574,-28.844516977045007,8699.0,14.524422645568848,1.5934747369074476,B,10,,
discovery_engine,102042919_NEG550519979290723330,-550519979290723330,102042919,55.0519979885989,-29.07233306517136,628.0,3.1524131298065186,0.5752805697953519,C,10,,
discovery_engine,102042919_NEG550683279289700727,-550683279289700727,102042919,55.06832793157976,-28.9700727133312,556.0,1.748339295387268,2.372037402952358,A,10,complete ring,
discovery_engine,102042919_NEG551286468292224681,-551286468292224681,102042919,55.12864688766092,-29.2224681924068,2074.0,9.59083366394043,1.2873829900262677,C,10,,
discovery_engine,102042919_NEG551310402292363544,-551310402292363544,102042919,55.13104026004993,-29.23635443718459,1158.0,4.525894165039063,0.7067281219468586,C,10,,
discovery_engine,102043545_NEG510622713286095770,-510622713286095770,102043545,51.06227131872969,-28.60957708493792,333.0,1.2539522647857666,0.8510787266830346,C,10,,
discovery_engine,102043545_NEG511883643285469911,-511883643285469911,102043545,51.18836434027842,-28.54699111097565,1380.0,6.083645820617676,1.328344112481116,C,10,,
discovery_engine,102043545_NEG512397850284711467,-512397850284711467,102043545,51.23978507378795,-28.4711467996231,1029.0,4.646315574645996,0.5104652275350532,C,10,,
discovery_engine,102043545_NEG512464340287390072,-512464340287390072,102043545,51.24643401884466,-28.739007249109367,557.0,2.569775581359864,0.8012882135190063,C,10,,
discovery_engine,102043546_NEG512964195287278076,-512964195287278076,102043546,51.29641951097143,-28.72780764565758,1919.0,12.410531044006348,0.5072614281591823,C,10,,
discovery_engine,102043546_NEG513401575282892099,-513401575282892099,102043546,51.34015751023782,-28.28920993284808,491.0,0.8684335947036743,0.7930095203737045,C,10,,
discovery_engine,102043546_NEG513580413286027888,-513580413286027888,102043546,51.358041371826,-28.602788836423088,928.0,5.417389392852783,0.8975797078043536,C,10,,
discovery_engine,102043546_NEG513875571286514101,-513875571286514101,102043546,51.38755711381367,-28.651410117182223,450.0,2.3563809394836426,0.5378524852027822,C,7,,
discovery_engine,102043546_NEG516189629287098857,-516189629287098857,102043546,51.61896298489231,-28.709885738903736,1054.0,2.358203172683716,1.0302270546792265,C,10,,
discovery_engine,102043546_NEG516209130283202667,-516209130283202667,102043546,51.62091309316138,-28.32026678977048,585.0,1.7189518213272097,1.2030830378244295,C,10,,
discovery_engine,102043546_NEG516415299287127344,-516415299287127344,102043546,51.64152991538741,-28.71273445378787,613.0,3.689122915267944,1.4442814828449515,C,10,,
discovery_engine,102043546_NEG516468376286214240,-516468376286214240,102043546,51.64683764168233,-28.621424056351355,260.0,2.5374772548675537,0.9228008884342984,C,10,,
discovery_engine,102043546_NEG516559001286493665,-516559001286493665,102043546,51.65590011467211,-28.6493665056946,1499.0,5.117490291595459,1.590106144418676,B,10,,
discovery_engine,102043547_NEG519333508283940007,-519333508283940007,102043547,51.93335087639258,-28.394000790170967,480.0,1.6081047058105469,0.7825307735007618,C,10,,
discovery_engine,102043547_NEG520145650284173702,-520145650284173702,102043547,52.01456502620324,-28.41737027806313,909.0,2.25740385055542,0.8223935098615325,C,9,,
discovery_engine,102043547_NEG521718578286130101,-521718578286130101,102043547,52.171857880552736,-28.61301010329764,895.0,1.7889723777770996,0.6050357816105217,C,11,,
discovery_engine,102043547_NEG522374110284755999,-522374110284755999,102043547,52.237411097924976,-28.475599930499843,2043.0,9.499100685119627,0.7101882891410527,C,9,,
discovery_engine,102043548_NEG523941152286326989,-523941152286326989,102043548,52.39411529116592,-28.63269895891013,1103.0,5.324686527252197,0.6286604086622947,C,10,,
discovery_engine,102043548_NEG525476572283082170,-525476572283082170,102043548,52.54765720836502,-28.30821705219879,610.0,2.5189149379730225,0.5150405056665586,C,9,,
discovery_engine,102043548_NEG526089996282864116,-526089996282864116,102043548,52.60899962024457,-28.28641162357333,1979.0,6.226612091064453,1.3072614281591823,C,10,,
discovery_engine,102043548_NEG526169302282698220,-526169302282698220,102043548,52.61693020769098,-28.26982208099156,2505.0,5.990557193756104,1.0947359942212418,C,10,,
discovery_engine,102043548_NEG526444275286881782,-526444275286881782,102043548,52.644427503883726,-28.68817828600849,4140.0,19.09449958801269,1.2812475646513433,C,10,,
discovery_engine,102043548_NEG528044788285565853,-528044788285565853,102043548,52.80447889677568,-28.556585309628783,461.0,1.2739993333816528,0.7786620604998954,C,9,,
discovery_engine,102043549_NEG530257443283430270,-530257443283430270,102043549,53.02574434762016,-28.34302702586864,315.0,2.1924521923065186,2.45482679662183,A,9,complete ring,
discovery_engine,102043549_NEG530935980286398103,-530935980286398103,102043549,53.09359800526675,-28.63981034887633,1836.0,5.988624095916748,0.8099728867931741,C,10,,
discovery_engine,102043549_NEG531821102284517061,-531821102284517061,102043549,53.18211022677349,-28.45170610621073,385.0,1.407913327217102,0.7682557529385653,C,10,,
discovery_engine,102043549_NEG531830409283282522,-531830409283282522,102043549,53.18304094959556,-28.3282522741646,429.0,4.399194717407227,1.440525579989549,C,10,,
discovery_engine,102043549_NEG532644799284898719,-532644799284898719,102043549,53.2644799716351,-28.48987190213648,8287.0,19.49116516113281,1.0581050924301494,C,10,,
discovery_engine,102043549_NEG534239143282548201,-534239143282548201,102043549,53.42391432259361,-28.25482018047457,715.0,3.91424822807312,0.6640971250459108,C,8,,
discovery_engine,102043549_NEG534773176286646168,-534773176286646168,102043549,53.477317674382654,-28.664616830282103,443.0,1.5703645944595337,0.6625853425794194,C,9,,
discovery_engine,102043550_NEG535266439285461612,-535266439285461612,102043550,53.52664392648735,-28.54616122716235,402.0,1.4054399728775024,0.7597643088582198,C,10,,
discovery_engine,102043550_NEG535684347284873382,-535684347284873382,102043550,53.56843472086663,-28.487338229490124,1139.0,4.642031669616699,1.0038969141106702,C,10,,
discovery_engine,102043550_NEG535896042285357229,-535896042285357229,102043550,53.58960422940589,-28.535722970121466,837.0,5.907036304473877,0.6475684614261821,C,10,,
discovery_engine,102043550_NEG535940298284818126,-535940298284818126,102043550,53.594029840781566,-28.48181260140423,3571.0,6.625062942504883,0.5663596273130309,C,10,,
discovery_engine,102043550_NEG536880649284866952,-536880649284866952,102043550,53.68806496985041,-28.48669522750405,591.0,1.5028533935546875,0.8228008884342985,C,10,,
discovery_engine,102043550_NEG537688813283843457,-537688813283843457,102043550,53.768881311969245,-28.38434571482498,911.0,4.620935916900635,0.6072614281591824,C,10,,
discovery_engine,102043550_NEG539348381285090233,-539348381285090233,102043550,53.93483814673662,-28.509023343779496,661.0,1.2854152917861938,0.8085596038064395,C,10,,
discovery_engine,102043550_NEG540733704283024107,-540733704283024107,102043550,54.07337048119982,-28.30241071102347,507.0,2.401548147201538,0.6670389638321913,C,10,,
discovery_engine,102043550_NEG540813066285766937,-540813066285766937,102043550,54.081306685418426,-28.57669376596351,826.0,4.9409894943237305,1.2200241826582316,C,10,,
discovery_engine,102043551_NEG540981562285775868,-540981562285775868,102043551,54.0981562152243,-28.577586891085428,270.0,1.3892501592636108,0.8362171194467303,C,9,,
discovery_engine,102043551_NEG541735972283199989,-541735972283199989,102043551,54.1735972768347,-28.319998992277824,376.0,1.5501165390014648,0.8083082281677687,C,10,,
discovery_engine,102043551_NEG541955812285853634,-541955812285853634,102043551,54.19558122279852,-28.585363459902297,477.0,2.5411899089813232,0.9136591249652484,C,10,,
discovery_engine,102043551_NEG542337285286784046,-542337285286784046,102043551,54.23372854547095,-28.67840468870704,464.0,1.904910683631897,0.8988058893127306,C,10,,
discovery_engine,102043551_NEG542774461286906112,-542774461286906112,102043551,54.27744618379619,-28.690611214572936,2470.0,10.12316608428955,1.682530773500762,B,10,,
discovery_engine,102043551_NEG542820641285812669,-542820641285812669,102043551,54.28206416401748,-28.58126693764839,674.0,2.403849601745605,0.6901061444186763,C,10,,
discovery_engine,102043551_NEG543013341285644842,-543013341285644842,102043551,54.30133412722745,-28.564484285077626,1035.0,3.957382917404175,1.243583153148849,C,10,,
discovery_engine,102043551_NEG543685643285335149,-543685643285335149,102043551,54.36856435116159,-28.53351499365056,3390.0,8.127483367919922,0.6512127273736579,C,9,,
discovery_engine,102043551_NEG543742738284005264,-543742738284005264,102043551,54.37427386767423,-28.400526447026465,2159.0,8.092621803283691,0.975280569795352,C,10,,
discovery_engine,102043551_NEG544735665285502399,-544735665285502399,102043551,54.47356655650909,-28.55023993346261,3319.0,6.0737175941467285,1.647064811199631,B,11,,
discovery_engine,102043551_NEG544910092283496601,-544910092283496601,102043551,54.49100920113602,-28.349660129981647,983.0,6.2743425369262695,1.2351403873298072,C,10,,
discovery_engine,102043551_NEG545215729283821439,-545215729283821439,102043551,54.52157299887967,-28.38214399693133,5200.0,16.724063873291016,1.0912162287594822,C,10,,
discovery_engine,102043551_NEG545617795287368777,-545617795287368777,102043551,54.56177950089915,-28.73687778609509,859.0,3.530663013458252,0.8581050924301493,C,10,,
discovery_engine,102043551_NEG545837408285204470,-545837408285204470,102043551,54.583740886085344,-28.520447041747,3286.0,14.378143310546877,0.9656694114566108,C,10,,
discovery_engine,102043551_NEG546245791286829440,-546245791286829440,102043551,54.6245791585433,-28.682944069298216,444.0,2.4043567180633545,2.168255752938565,A,10,,
discovery_engine,102043551_NEG546408883284872529,-546408883284872529,102043551,54.64088835319356,-28.48725292903618,818.0,3.085423707962036,0.6885033442739742,C,10,,
discovery_engine,102043551_NEG546493266284785987,-546493266284785987,102043551,54.64932665568372,-28.47859870680452,2963.0,10.529939651489258,0.6575695046401359,C,10,,
discovery_engine,102043552_NEG546855989282774008,-546855989282774008,102043552,54.6855989337124,-28.27740081538452,2222.0,7.154634952545166,1.322211471392606,C,10,,
discovery_engine,102043552_NEG547756940286644821,-547756940286644821,102043552,54.77569408152624,-28.66448211695416,18166.0,18.66313743591309,2.493542299816253,A,10,,
discovery_engine,102043552_NEG548209510282510524,-548209510282510524,102043552,54.82095104672501,-28.25105243240389,428.0,2.885805606842041,2.2988058893127308,A,10,,
discovery_engine,102043552_NEG548986297287494012,-548986297287494012,102043552,54.89862971232618,-28.749401253332696,3667.0,7.198511123657227,0.7975797078043536,C,10,,
discovery_engine,102043552_NEG549034246285573851,-549034246285573851,102043552,54.90342465004044,-28.55738515255509,431.0,3.024848937988281,0.7631521857626014,C,10,,
discovery_engine,102043552_NEG549167671286688303,-549167671286688303,102043552,54.9167671838525,-28.66883032043212,1563.0,7.111575126647949,0.8890734133606133,C,10,,
discovery_engine,102043552_NEG550783807284763098,-550783807284763098,102043552,55.07838071975476,-28.47630980757781,1484.0,8.718502044677734,1.1560129507147774,C,9,,
discovery_engine,102043552_NEG551470034283004674,-551470034283004674,102043552,55.147003496710376,-28.30046746452121,3365.0,13.731266021728516,1.0576762695058082,C,9,,
discovery_engine,102044181_NEG507160367278169879,-507160367278169879,102044181,50.71603674183437,-27.81698793575472,1190.0,6.476994514465332,1.3293732802989404,C,10,,
discovery_engine,102044181_NEG507377169278531259,-507377169278531259,102044181,50.73771699751652,-27.85312590975823,19942.0,20.448671340942383,0.7156011011037184,C,10,,
discovery_engine,102044181_NEG508995120281354518,-508995120281354518,102044181,50.89951209677747,-28.135451814112663,623.0,1.3906004428863523,0.8428936366994785,C,10,,
discovery_engine,102044181_NEG509222636281414174,-509222636281414174,102044181,50.92226364406348,-28.1414174486528,320.0,1.8342360258102417,0.8884991139493881,C,10,,
discovery_engine,102044182_NEG510181483277803809,-510181483277803809,102044182,51.01814831639855,-27.78038095373029,4005.0,7.009952068328857,1.642732541868788,B,10,,
discovery_engine,102044182_NEG510849997278655468,-510849997278655468,102044182,51.08499979386874,-27.86554685372998,1230.0,5.945194721221924,0.5361062908356075,C,10,,
discovery_engine,102044182_NEG510899016280707629,-510899016280707629,102044182,51.08990163763437,-28.070762919996383,546.0,3.456141471862793,1.098375207363686,C,10,,
discovery_engine,102044182_NEG511017328280548780,-511017328280548780,102044182,51.10173281927799,-28.05487809302218,235.0,0.563405454158783,0.8301199174530238,C,10,,
discovery_engine,102044182_NEG512061540278527911,-512061540278527911,102044182,51.20615401023922,-27.85279118357624,907.0,2.4968466758728027,2.032100772984206,A,10,,
discovery_engine,102044182_NEG512155988278187113,-512155988278187113,102044182,51.21559885127147,-27.818711364320755,951.0,3.4430019855499268,0.7104652275350531,C,10,,
discovery_engine,102044182_NEG514389250280709420,-514389250280709420,102044182,51.43892502504004,-28.070942091048742,2673.0,5.96658992767334,0.9685910667479928,C,10,,
discovery_engine,102044182_NEG514435270280350833,-514435270280350833,102044182,51.44352700531004,-28.0350833479322,441.0,1.609509825706482,2.422800888434298,A,10,,
discovery_engine,102044182_NEG515262570282428400,-515262570282428400,102044182,51.52625703214864,-28.24284002886058,353.0,1.2704826593399048,0.6459926929518697,C,10,,
discovery_engine,102044183_NEG515787441281897369,-515787441281897369,102044183,51.57874416555804,-28.189736933084728,1915.0,3.124002456665039,2.802351977196693,A,10,,
discovery_engine,102044183_NEG516765496280529619,-516765496280529619,102044183,51.67654965120518,-28.052961992438263,507.0,1.125346302986145,0.8104652275350531,C,10,,
discovery_engine,102044183_NEG519554955279346048,-519554955279346048,102044183,51.9554955850204,-27.934604819676206,2450.0,6.449422836303711,0.6891031653654038,C,10,,
discovery_engine,102044183_NEG519714223279541777,-519714223279541777,102044183,51.971422318218,-27.95417770827649,7228.0,8.54334831237793,1.2395576767416938,C,10,,
discovery_engine,102044184_NEG523535193277841616,-523535193277841616,102044184,52.35351932270268,-27.78416164313201,2423.0,10.551613807678224,1.1719941424967946,C,10,,
discovery_engine,102044184_NEG525708425281501193,-525708425281501193,102044184,52.57084256011961,-28.15011935816256,286.0,1.2899633646011353,0.6596584815975491,C,10,,
discovery_engine,102044185_NEG527087067278561642,-527087067278561642,102044185,52.70870673939618,-27.856164261538,440.0,0.8320303559303284,1.5860448671325742,B,10,,
discovery_engine,102044185_NEG527182513282277606,-527182513282277606,102044185,52.71825136546124,-28.22776061590684,2081.0,5.164338111877441,1.2062786427306065,C,10,,
discovery_engine,102044185_NEG528176967277992842,-528176967277992842,102044185,52.81769675690601,-27.799284255737305,1491.0,10.922992706298828,1.7216754731946644,B,9,,
discovery_engine,102044185_NEG528616188281990745,-528616188281990745,102044185,52.86161884839789,-28.199074549055744,486.0,7.138666152954102,0.6607480983410244,C,10,,
discovery_engine,102044185_NEG529514172281460834,-529514172281460834,102044185,52.95141727381891,-28.14608341271236,363.0,1.327182412147522,2.1119953938332285,A,9,,
discovery_engine,102044185_NEG530422588281158203,-530422588281158203,102044185,53.04225880928372,-28.11582034268222,1205.0,4.480688095092773,1.3965965239492215,C,10,,
discovery_engine,102044185_NEG531012570280206683,-531012570280206683,102044185,53.101257033835154,-28.02066832362332,1499.0,4.113387107849121,0.8295998014655546,C,10,,
discovery_engine,102044185_NEG531734672278660141,-531734672278660141,102044185,53.17346723833221,-27.86601419492517,879.0,3.211606979370117,1.0088635844369207,C,10,,
discovery_engine,102044185_NEG531849108282010264,-531849108282010264,102044185,53.18491086345521,-28.20102648588429,459.0,1.640159010887146,0.8618483324361679,C,10,,
discovery_engine,102044185_NEG532330660278991972,-532330660278991972,102044185,53.23306604758703,-27.899197212650336,715.0,2.673158645629883,0.6419560616383011,C,10,,
discovery_engine,102044185_NEG532534785280804537,-532534785280804537,102044185,53.253478523155394,-28.08045372353861,2449.0,5.249345302581787,1.014112759048312,C,11,,
discovery_engine,102044186_NEG533664994281203005,-533664994281203005,102044186,53.3664994613636,-28.12030053363001,369.0,2.1175432205200195,0.7702888687990541,C,10,,
discovery_engine,102044186_NEG533988101278137908,-533988101278137908,102044186,53.398810189709394,-27.81379081817674,332.0,1.225514531135559,0.805836449414031,C,10,,
discovery_engine,102044186_NEG534274492280683629,-534274492280683629,102044186,53.42744923442741,-28.068362974593185,280.0,1.413714051246643,1.014112759048312,C,11,,
discovery_engine,102044186_NEG534850868277647653,-534850868277647653,102044186,53.48508686860889,-27.76476531420212,1321.0,2.093001127243042,1.3442814828449516,C,10,,
discovery_engine,102044186_NEG535570870277824821,-535570870277824821,102044186,53.55708707678482,-27.7824821751064,542.0,5.766096591949463,1.4027704984213396,C,10,,
discovery_engine,102044186_NEG535621262280129063,-535621262280129063,102044186,53.56212625889032,-28.01290638406208,3982.0,19.004714965820312,2.869437669671453,A,10,complete ring,
discovery_engine,102044186_NEG536046784280461566,-536046784280461566,102044186,53.60467841381519,-28.04615669792411,2289.0,10.760897636413574,1.1606428005173428,C,9,,
discovery_engine,102044186_NEG536248277280066998,-536248277280066998,102044186,53.62482771435148,-28.00669984607364,448.0,2.1834285259246826,1.1994539599109475,C,10,,
discovery_engine,102044186_NEG536764250280439031,-536764250280439031,102044186,53.676425099151245,-28.043903187455896,600.0,1.8114030361175537,1.587589302670924,B,10,,
discovery_engine,102044186_NEG536786032282362369,-536786032282362369,102044186,53.678603221315605,-28.236236911068016,412.0,3.781055688858032,0.6364267289079018,C,9,,
discovery_engine,102044186_NEG537484692277631702,-537484692277631702,102044186,53.74846927381223,-27.763170217402745,362.0,1.7500182390213013,1.7529526345278157,B,10,,
discovery_engine,102044186_NEG538217418279056886,-538217418279056886,102044186,53.82174185431455,-27.90568865868445,1923.0,2.3826849460601807,1.0101882891410523,C,9,,
discovery_engine,102044187_NEG538510259280237822,-538510259280237822,102044187,53.85102594721731,-28.02378222346944,1119.0,2.147315263748169,1.4207083043699271,C,10,,
discovery_engine,102044187_NEG538533000282255459,-538533000282255459,102044187,53.85330005751175,-28.22554594493343,1119.0,4.46954870223999,1.5750219834311865,B,10,,
discovery_engine,102044187_NEG538575988280255664,-538575988280255664,102044187,53.85759887222229,-28.02556642635688,1344.0,2.647579431533813,2.298242560225151,A,10,,
discovery_engine,102044187_NEG542514788281499946,-542514788281499946,102044187,54.25147886592385,-28.149994640997942,4001.0,14.899229049682615,1.040029267422108,C,11,,
discovery_engine,102044187_NEG542891812279697972,-542891812279697972,102044187,54.289181214003854,-27.96979729520765,1513.0,5.024539947509766,1.527317043824684,B,10,,
discovery_engine,102044187_NEG543546607281993030,-543546607281993030,102044187,54.354660721216966,-28.19930300863757,502.0,0.9489916563034058,1.4575052713387195,C,10,,
discovery_engine,102044188_NEG544517310278613198,-544517310278613198,102044188,54.45173100879106,-27.86131985279404,4186.0,9.283570289611816,1.4985286978772303,C,10,,
discovery_engine,102044188_NEG545699109281088360,-545699109281088360,102044188,54.5699109605441,-28.10883603296949,2473.0,5.839969635009766,1.4504584040745894,C,9,,
discovery_engine,102044188_NEG545905613279346600,-545905613279346600,102044188,54.59056132189593,-27.93466008287748,2067.0,9.237086296081545,1.27796757005999,C,10,,
discovery_engine,102044188_NEG546373168281614642,-546373168281614642,102044188,54.63731680049939,-28.1614642137824,652.0,4.05953311920166,1.4651251070789115,C,10,,
discovery_engine,102044188_NEG546480450278400279,-546480450278400279,102044188,54.648045082433335,-27.84002798459905,1683.0,6.263159275054932,0.7104652275350531,C,10,,
discovery_engine,102044188_NEG547291513282436674,-547291513282436674,102044188,54.72915134220711,-28.243667498786674,4198.0,17.01653289794922,0.8101882891410526,C,9,,
discovery_engine,102044188_NEG548070624278595332,-548070624278595332,102044188,54.807062463478985,-27.85953328459572,1175.0,11.407014846801758,2.1379009487928955,A,9,edge-on,
discovery_engine,102044188_NEG548183212278929526,-548183212278929526,102044188,54.8183212720821,-27.89295262562563,3554.0,9.806316375732422,0.8855429409779043,C,10,,
discovery_engine,102044188_NEG549311506280522563,-549311506280522563,102044188,54.931150639269255,-28.052256355684023,4568.0,12.598854064941406,0.9380313863082615,C,10,,
discovery_engine,102044188_NEG549564658280837483,-549564658280837483,102044188,54.95646589957335,-28.083748349839084,1579.0,2.791964769363404,0.7279558237129742,C,10,,
discovery_engine,102044189_NEG550260786282569857,-550260786282569857,102044189,55.02607865217539,-28.25698578986865,228.0,2.6145124435424805,1.2734492847162924,C,10,,
discovery_engine,102044189_NEG551500609282665238,-551500609282665238,102044189,55.15006098230333,-28.266523888917163,2070.0,11.728053092956545,1.1130501692413677,C,10,,
discovery_engine,102044820_NEG507430130276135453,-507430130276135453,102044820,50.74301307741754,-27.6135453225542,516.0,1.347340703010559,1.1442814828449517,C,10,,
discovery_engine,102044820_NEG507644548275750820,-507644548275750820,102044820,50.76445486312821,-27.575082053882586,464.0,1.0692522525787354,0.6172927783055583,C,10,,
discovery_engine,102044821_NEG508273837276359918,-508273837276359918,102044821,50.82738370107642,-27.635991838592243,1058.0,2.49939513206482,0.5397796450380784,C,10,,
discovery_engine,102044821_NEG508798294276486404,-508798294276486404,102044821,50.87982942615197,-27.64864043281615,10420.0,10.953584671020508,2.179196533946125,A,10,,
discovery_engine,102044821_NEG509441779273215956,-509441779273215956,102044821,50.944177915549744,-27.321595613644785,637.0,1.7934365272521973,0.9136591249652484,C,10,,
discovery_engine,102044821_NEG509449559274572380,-509449559274572380,102044821,50.94495595239306,-27.4572380334476,1240.0,3.023499250411988,2.19674882340379,A,10,,
discovery_engine,102044821_NEG509462977274422830,-509462977274422830,102044821,50.94629777289976,-27.44228307102697,730.0,2.6647253036499023,0.9003305042714048,C,9,,
discovery_engine,102044821_NEG509502757274159818,-509502757274159818,102044821,50.95027578607336,-27.41598182302844,272.0,2.0555808544158936,0.9228008884342984,C,10,,
discovery_engine,102044821_NEG510255770277212631,-510255770277212631,102044821,51.02557703210249,-27.721263150498928,331.0,2.027206420898437,0.7873829900262678,C,10,,
discovery_engine,102044821_NEG510804908276453302,-510804908276453302,102044821,51.080490803663785,-27.64533020943393,1496.0,7.162627696990967,1.3101882891410526,C,9,,
discovery_engine,102044821_NEG510874275273172716,-510874275273172716,102044821,51.08742757304143,-27.317271629424408,560.0,2.566858053207397,0.8551873969255283,C,10,,
discovery_engine,102044821_NEG510977247277111006,-510977247277111006,102044821,51.09772478483481,-27.71110068212445,2089.0,6.159246444702148,0.7858993659895331,C,10,,
discovery_engine,102044821_NEG511080526272711995,-511080526272711995,102044821,51.10805266561364,-27.271199581965547,2657.0,8.509379386901855,0.8401893098351803,C,10,,
discovery_engine,102044821_NEG512698630275549192,-512698630275549192,102044821,51.269863080896606,-27.554919257358417,524.0,1.0192595720291138,1.065680463348064,C,10,,
discovery_engine,102044821_NEG512725711273898590,-512725711273898590,102044821,51.27257118988285,-27.389859026075364,974.0,2.2751946449279785,0.8462681831798976,C,9,,
discovery_engine,102044821_NEG513038183274200354,-513038183274200354,102044821,51.30381836550482,-27.42003544892537,508.0,0.9639986157417296,0.7901061444186763,C,10,,
discovery_engine,102044822_NEG514291180273084316,-514291180273084316,102044822,51.42911801700013,-27.30843166520742,318.0,0.5820765495300293,1.2413162410343328,C,7,,
discovery_engine,102044822_NEG515250940276800346,-515250940276800346,102044822,51.5250940913799,-27.68003464807933,917.0,1.8878331184387207,0.6318642080381655,C,10,,
discovery_engine,102044822_NEG518165141273076368,-518165141273076368,102044822,51.81651413217991,-27.30763687575345,1374.0,5.122133255004883,1.2104652275350531,C,10,,
discovery_engine,102044822_NEG518203256272676752,-518203256272676752,102044822,51.82032564531584,-27.2676752969856,505.0,1.2510554790496826,0.996283065648314,C,9,,
discovery_engine,102044822_NEG518523938276241166,-518523938276241166,102044822,51.85239385215878,-27.624116623060825,602.0,2.510915279388428,0.8205570811351889,C,10,,
discovery_engine,102044823_NEG519310575275844311,-519310575275844311,102044823,51.9310575405421,-27.584431114234448,5458.0,17.78437614440918,1.4954435135753048,C,9,,
discovery_engine,102044823_NEG519633334274259646,-519633334274259646,102044823,51.963333406311975,-27.425964645733604,1433.0,4.732502937316895,2.958890837040487,A,10,,
discovery_engine,102044823_NEG520607933275720823,-520607933275720823,102044823,52.06079332363328,-27.572082338741527,813.0,3.3367340564727783,0.5475684614261821,C,10,,
discovery_engine,102044823_NEG521203736275079518,-521203736275079518,102044823,52.1203736433087,-27.507951880374204,329.0,1.6497608423233032,1.1101066752335118,C,9,,
discovery_engine,102044823_NEG523091195273907574,-523091195273907574,102044823,52.309119513753465,-27.390757480741296,438.0,1.4332042932510376,1.5139662184810971,B,10,,
discovery_engine,102044823_NEG523132426272989904,-523132426272989904,102044823,52.31324263873724,-27.298990469781486,568.0,1.417976975440979,1.275197941872665,C,10,,
discovery_engine,102044824_NEG525230483273308137,-525230483273308137,102044824,52.5230483017954,-27.33081373157524,485.0,1.036069631576538,1.5630666314298454,B,9,,
discovery_engine,102044824_NEG525496478276053919,-525496478276053919,102044824,52.54964780960447,-27.605391942448005,278.0,1.537624478340149,0.7967245101093903,C,10,,
discovery_engine,102044824_NEG526416583274572330,-526416583274572330,102044824,52.6416583465498,-27.457233036706647,1263.0,8.58885669708252,0.5218176130644135,C,8,,
discovery_engine,102044824_NEG527346511275265584,-527346511275265584,102044824,52.73465114300155,-27.526558471091285,503.0,3.617252826690674,0.5030748433547355,C,10,,
discovery_engine,102044824_NEG527398094275545945,-527398094275545945,102044824,52.73980944581625,-27.554594530889368,1159.0,2.789721727371216,1.0796518576430894,C,10,,
discovery_engine,102044824_NEG527733674273469346,-527733674273469346,102044824,52.77336747106035,-27.34693460550416,865.0,2.984220266342163,0.7072614281591824,C,10,,
discovery_engine,102044824_NEG528789191276364582,-528789191276364582,102044824,52.87891913064314,-27.636458287943867,486.0,1.449770212173462,2.75636126052921,A,10,,
discovery_engine,102044825_NEG532406933273857282,-532406933273857282,102044825,53.24069330455683,-27.38572827373356,1117.0,5.43345832824707,0.8381299095040164,C,9,,
discovery_engine,102044825_NEG532714042276743580,-532714042276743580,102044825,53.271404206563446,-27.67435806318794,1715.0,6.746301651000977,0.6393272107546997,C,10,,
discovery_engine,102044825_NEG533989256272939751,-533989256272939751,102044825,53.39892567648313,-27.29397514627413,748.0,1.088865041732788,0.9581050924301492,C,10,,
discovery_engine,102044825_NEG534081174272937149,-534081174272937149,102044825,53.408117445209946,-27.2937149013282,1721.0,8.02412223815918,2.5378524852027824,A,7,,
discovery_engine,102044825_NEG534380416275091390,-534380416275091390,102044825,53.4380416600934,-27.50913909440813,1340.0,3.6155343055725098,1.4442814828449515,C,10,,
discovery_engine,102044825_NEG535588787276363392,-535588787276363392,102044825,53.558878786312405,-27.63633920552284,942.0,2.5821526050567627,0.508877995411051,C,10,,
discovery_engine,102044826_NEG536576979272660855,-536576979272660855,102044826,53.65769791167859,-27.26608558224856,489.0,1.8435730934143064,0.9101882891410524,C,9,,
discovery_engine,102044826_NEG537879168275630474,-537879168275630474,102044826,53.78791682486845,-27.5630474248287,385.0,2.5381829738616943,2.146954819005937,A,9,,
discovery_engine,102044826_NEG537893681272621987,-537893681272621987,102044826,53.78936818611787,-27.26219875128607,7600.0,15.431693077087402,2.0358437078948257,A,9,,
discovery_engine,102044826_NEG538160433272657778,-538160433272657778,102044826,53.81604336287655,-27.26577786413881,1672.0,8.514755249023438,0.5296706493750277,C,10,,
discovery_engine,102044826_NEG539374274272962869,-539374274272962869,102044826,53.93742740787228,-27.29628695384416,370.0,1.4729840755462646,0.969011006510726,C,10,,
discovery_engine,102044826_NEG539577245273475696,-539577245273475696,102044826,53.95772457357613,-27.34756966491416,578.0,2.409698963165283,0.5457433156163585,C,10,,
discovery_engine,102044826_NEG539681962273233813,-539681962273233813,102044826,53.96819620201285,-27.323381345461755,568.0,2.510406017303467,0.9101882891410524,C,9,,
discovery_engine,102044826_NEG540595660273120760,-540595660273120760,102044826,54.059566044780034,-27.312076058670428,2636.0,7.389900207519531,1.1581050924301493,C,10,,
discovery_engine,102044826_NEG540821918273629084,-540821918273629084,102044826,54.0821918111508,-27.36290845232241,478.0,2.109242677688598,1.15454486804265,C,10,,
discovery_engine,102044827_NEG542113879273436734,-542113879273436734,102044827,54.21138791876941,-27.343673435146165,3379.0,12.024374008178713,0.5663596273130309,C,10,,
discovery_engine,102044827_NEG542279635275740507,-542279635275740507,102044827,54.227963504583215,-27.574050778407504,959.0,8.575610160827637,0.7504584040745893,C,9,,
discovery_engine,102044827_NEG542714810277095438,-542714810277095438,102044827,54.271481098125854,-27.70954386556296,370.0,1.742531418800354,0.6703103131506293,C,10,,
discovery_engine,102044827_NEG542909292272696454,-542909292272696454,102044827,54.2909292678002,-27.269645476267584,1816.0,5.141806602478027,1.6454260504457878,B,10,,
discovery_engine,102044827_NEG543563154275991882,-543563154275991882,102044827,54.35631546617517,-27.599188256394488,793.0,1.362216830253601,1.0614050674380493,C,10,,
discovery_engine,102044827_NEG543682572272817617,-543682572272817617,102044827,54.36825722625667,-27.281761720283928,1149.0,5.086750984191895,1.1270171366916335,C,10,,
discovery_engine,102044827_NEG544125152277231824,-544125152277231824,102044827,54.41251524621777,-27.723182490488263,3294.0,7.60255765914917,1.1092810566313536,C,7,,
discovery_engine,102044827_NEG544423614276266111,-544423614276266111,102044827,54.44236143563962,-27.626611167335145,356.0,0.972852885723114,1.6703103131506292,B,10,,
discovery_engine,102044827_NEG545196983273321938,-545196983273321938,102044827,54.51969835137154,-27.3321938446178,832.0,4.492201328277588,0.5343948267179505,C,10,,
discovery_engine,102044827_NEG545246970276521971,-545246970276521971,102044827,54.52469709836456,-27.652197178720165,861.0,2.410231828689575,1.396283065648314,C,9,,
discovery_engine,102044827_NEG545359670273736913,-545359670273736913,102044827,54.53596701659301,-27.37369136326524,900.0,1.7855430841445925,0.8765067513037289,C,10,,
discovery_engine,102044827_NEG546402102275237823,-546402102275237823,102044827,54.64021022621704,-27.52378235544688,1241.0,3.7611048221588135,0.9277342873545706,C,10,,
discovery_engine,102044827_NEG546472484276100221,-546472484276100221,102044827,54.64724841800236,-27.610022173617,546.0,2.093412399291992,0.7251412991918752,C,11,,
discovery_engine,102044827_NEG546937470276360406,-546937470276360406,102044827,54.69374702062365,-27.63604067573928,2094.0,11.384772300720217,0.5876060862919906,C,10,,
discovery_engine,102044828_NEG547356679274735450,-547356679274735450,102044828,54.735667973549305,-27.473545073015124,828.0,4.22249698638916,0.8504584040745893,C,9,,
discovery_engine,102045463_NEG506975229268471008,-506975229268471008,102045463,50.69752295797399,-26.847100801153484,2070.0,7.219400405883789,0.5841940922917926,C,10,,
discovery_engine,102045463_NEG507355157269528214,-507355157269528214,102045463,50.735515730112496,-26.9528214394756,466.0,0.8013979196548462,1.2560129507147773,C,9,,
discovery_engine,102045463_NEG508419578272295293,-508419578272295293,102045463,50.84195789843693,-27.22952937142244,487.0,1.978907942771912,0.5234605310944639,C,10,,
discovery_engine,102045463_NEG508678065270519062,-508678065270519062,102045463,50.86780657868912,-27.05190625945093,1080.0,2.579996109008789,0.8538815892922397,C,10,,
discovery_engine,102045463_NEG508845516269925144,-508845516269925144,102045463,50.88455167703791,-26.99251448758096,438.0,1.2470308542251587,0.8891031653654039,C,10,,
discovery_engine,102045463_NEG509723477268505347,-509723477268505347,102045463,50.97234775299801,-26.85053475645937,846.0,1.4422236680984497,1.3116559338990057,C,11,,
discovery_engine,102045463_NEG510020362271915172,-510020362271915172,102045463,51.0020362232379,-27.191517292522285,2883.0,3.6148605346679688,1.6053972628561712,B,10,,
discovery_engine,102045463_NEG510363299272415391,-510363299272415391,102045463,51.036329986304246,-27.24153910410949,2281.0,4.265718936920166,2.973113592744652,A,10,,
discovery_engine,102045464_NEG512422645270221464,-512422645270221464,102045464,51.24226454312596,-27.02214645082399,3254.0,7.065893650054932,1.647568461426182,B,10,,
discovery_engine,102045464_NEG512953668271400542,-512953668271400542,102045464,51.295366885301085,-27.14005429170613,1328.0,4.75181770324707,0.6852995448981034,C,10,,
discovery_engine,102045464_NEG514005369267575609,-514005369267575609,102045464,51.40053697411829,-26.75756099823825,377.0,1.254868507385254,0.6062786427306064,C,10,,
discovery_engine,102045464_NEG514418387268262939,-514418387268262939,102045464,51.44183879061816,-26.82629397895439,453.0,1.161393165588379,1.975280569795352,B,10,,
discovery_engine,102045464_NEG515803462270682480,-515803462270682480,102045464,51.58034629682901,-27.06824809575101,489.0,2.84004545211792,1.5101882891410523,B,9,,
discovery_engine,102045464_NEG516091411267874959,-516091411267874959,102045464,51.60914117772867,-26.78749598420366,410.0,0.6969116926193237,0.6767413885516129,C,10,,
discovery_engine,102045465_NEG517271456270021957,-517271456270021957,102045465,51.72714563254655,-27.002195704203945,1433.0,11.005118370056152,0.5218176130644135,C,8,,
discovery_engine,102045465_NEG517729907267563614,-517729907267563614,102045465,51.77299074568759,-26.756361408285688,408.0,1.278167963027954,1.13621711944673,C,9,,
discovery_engine,102045465_NEG517735928270237621,-517735928270237621,102045465,51.77359283567089,-27.02376218407533,457.0,1.0761096477508545,0.8794002405355871,C,9,,
discovery_engine,102045465_NEG517995378271270139,-517995378271270139,102045465,51.79953784768403,-27.127013971398245,269.0,1.3467164039611816,0.8947359942212417,C,10,,
discovery_engine,102045465_NEG518186182272415573,-518186182272415573,102045465,51.81861824458701,-27.24155739783256,677.0,1.8130884170532229,0.6675509493887843,C,9,,
discovery_engine,102045465_NEG518232630268505392,-518232630268505392,102045465,51.82326302252094,-26.850539228126653,726.0,0.9901136755943298,1.026529986676014,C,9,,
discovery_engine,102045465_NEG519142776268102947,-519142776268102947,102045465,51.91427766545261,-26.810294779115143,1262.0,3.863356351852417,0.6890215514578631,C,10,,
discovery_engine,102045465_NEG519588482267897746,-519588482267897746,102045465,51.95884826534135,-26.789774669740016,656.0,1.7409166097640991,0.8554345824301594,C,10,,
discovery_engine,102045465_NEG520904830269230427,-520904830269230427,102045465,52.09048306302706,-26.923042767478936,533.0,1.4882720708847046,0.8442814828449515,C,10,,
discovery_engine,102045465_NEG520915997268295662,-520915997268295662,102045465,52.09159974421815,-26.82956627273037,3434.0,4.190933704376221,0.660980878603292,C,11,,
discovery_engine,102045465_NEG522129248271342876,-522129248271342876,102045465,52.21292485005422,-27.134287639225697,267.0,2.027992010116577,0.508585923291358,C,10,,
discovery_engine,102045466_NEG522625000270195464,-522625000270195464,102045466,52.26250004238732,-27.019546486197243,680.0,1.1715686321258545,1.1297954205426477,C,8,,
discovery_engine,102045466_NEG522646283271659462,-522646283271659462,102045466,52.26462838810304,-27.165946288336848,541.0,1.0939968824386597,0.8062786427306063,C,10,,
discovery_engine,102045466_NEG522784531269221616,-522784531269221616,102045466,52.27845319092136,-26.922161677633607,667.0,2.575723171234131,2.521817613064413,A,8,edge-on,
discovery_engine,102045466_NEG523813101268734044,-523813101268734044,102045466,52.38131018999788,-26.8734044100322,2468.0,8.215435981750488,1.3072614281591823,C,10,,
discovery_engine,102045466_NEG524815890270294944,-524815890270294944,102045466,52.48158901207819,-27.029494480804463,588.0,3.218083381652832,0.6997786134589863,C,10,,
discovery_engine,102045466_NEG525930538269474480,-525930538269474480,102045466,52.5930538090959,-26.947448096914496,385.0,1.805694818496704,0.9719941424967946,C,10,,
discovery_engine,102045466_NEG526160809272093912,-526160809272093912,102045466,52.61608096269949,-27.20939129869196,1828.0,7.611284255981445,1.00902974447401,C,9,,
discovery_engine,102045466_NEG526398502270513535,-526398502270513535,102045466,52.639850230005855,-27.05135350205716,586.0,2.041857957839966,2.503074843354736,A,10,,
discovery_engine,102045466_NEG526735767268568130,-526735767268568130,102045466,52.67357673662208,-26.8568130346764,535.0,1.0025436878204346,1.6372314396227956,B,10,,
discovery_engine,102045467_NEG528004470269276789,-528004470269276789,102045467,52.80044705330727,-26.92767891461593,317.0,1.4017246961593628,1.2386745456713495,C,10,,
discovery_engine,102045467_NEG528161531270731208,-528161531270731208,102045467,52.81615315423144,-27.0731208882559,661.0,1.824207782745361,0.6120246363955918,C,9,,
discovery_engine,102045467_NEG529528211271846649,-529528211271846649,102045467,52.95282117133039,-27.18466495948265,413.0,,0.5277342873545707,C,10,,
discovery_engine,102045467_NEG529760884271850076,-529760884271850076,102045467,52.97608846859429,-27.18500763947275,815.0,1.8265231847763064,1.9703103131506288,B,10,,
discovery_engine,102045467_NEG529964798269418977,-529964798269418977,102045467,52.99647982866794,-26.941897743959466,1283.0,4.211301803588867,1.0917393709580483,C,9,,
discovery_engine,102045467_NEG530124192271286808,-530124192271286808,102045467,53.01241927509493,-27.1286808102953,326.0,5.028292655944824,1.239331050574513,C,10,,
discovery_engine,102045467_NEG531966228268769505,-531966228268769505,102045467,53.19662285831866,-26.876950511793872,318.0,2.230531454086304,0.996750112314552,C,10,,
discovery_engine,102045467_NEG532154905270165941,-532154905270165941,102045467,53.21549051778291,-27.016594137225848,353.0,1.99251651763916,0.8587314528470967,C,10,,
discovery_engine,102045467_NEG532763580272334428,-532763580272334428,102045467,53.276358032878456,-27.233442868438058,364.0,1.859214186668396,0.9030803094863972,C,9,,
discovery_engine,102045467_NEG533299167270001207,-533299167270001207,102045467,53.3299167565955,-27.00012071239111,468.0,2.882822275161743,1.1879899974987318,C,10,,
discovery_engine,102045468_NEG534525411271636586,-534525411271636586,102045468,53.45254118345938,-27.16365862400199,529.0,0.8448670506477356,2.2946156684180385,A,10,edge-on,
discovery_engine,102045468_NEG535341800271613254,-535341800271613254,102045468,53.53418001219516,-27.16132548276093,2941.0,9.73777961730957,1.06445739325525,C,9,,
discovery_engine,102045468_NEG535380594268863319,-535380594268863319,102045468,53.53805940560601,-26.88633198736627,413.0,3.039053201675415,0.6829105155945596,C,9,,
discovery_engine,102045468_NEG535850797268396974,-535850797268396974,102045468,53.585079752047086,-26.83969741339551,1612.0,6.626072883605957,1.6947359942212414,B,10,,
discovery_engine,102045468_NEG536440857272232644,-536440857272232644,102045468,53.644085783516914,-27.223264429173245,9751.0,15.017958641052246,1.5133618941631335,B,10,,
discovery_engine,102045468_NEG537581789271144818,-537581789271144818,102045468,53.75817891108607,-27.114481825241555,972.0,4.029067516326904,1.7221745595495523,B,10,,
discovery_engine,102045468_NEG538689314271793583,-538689314271793583,102045468,53.86893146618892,-27.17935837052994,430.0,0.9362276792526244,0.7119281962952106,C,10,,
discovery_engine,102045469_NEG540938357270978628,-540938357270978628,102045469,54.093835731168205,-27.097862868239822,856.0,1.996379375457764,1.4749187186016193,C,10,,
discovery_engine,102045469_NEG542496287267637035,-542496287267637035,102045469,54.24962876932299,-26.763703532897427,1647.0,3.737205743789673,0.5825307735007618,C,10,,
discovery_engine,102045469_NEG542737239271046569,-542737239271046569,102045469,54.27372391552667,-27.104656978306856,555.0,2.2775824069976807,0.7454733946823229,C,10,,
discovery_engine,102045469_NEG543007907271960088,-543007907271960088,102045469,54.300790767521896,-27.19600889575463,988.0,3.5443437099456787,1.0833669506991284,C,10,,
discovery_engine,102045469_NEG544571433269638444,-544571433269638444,102045469,54.4571433653757,-26.963844414511712,818.0,7.556408405303955,0.6062786427306064,C,10,,
discovery_engine,102045470_NEG545076614270285200,-545076614270285200,102045470,54.5076614857637,-27.02852009990056,944.0,3.564622402191162,0.9105021458685162,C,10,,
discovery_engine,102045470_NEG546343068270832570,-546343068270832570,102045470,54.634306864124085,-27.083257003480128,241.0,,0.7646477322900008,C,10,,
discovery_engine,102045470_NEG546481364271947360,-546481364271947360,102045470,54.64813642542638,-27.19473600162915,963.0,2.6014366149902344,1.889103165365404,B,10,,
discovery_engine,102046109_NEG509857783266739361,-509857783266739361,102046109,50.98577834300799,-26.673936176996204,957.0,2.546873092651367,0.9020656290316106,C,10,,
discovery_engine,102046109_NEG510210496266997565,-510210496266997565,102046109,51.02104960524871,-26.69975652580901,503.0,2.285327434539795,1.4228008884342986,C,10,,
discovery_engine,102046109_NEG510714997266819059,-510714997266819059,102046109,51.0714997535684,-26.68190594825663,555.0,1.5271623134613037,0.6786132845517565,C,10,,
discovery_engine,102046109_NEG511033523266174541,-511033523266174541,102046109,51.10335237637548,-26.61745412323133,1028.0,12.000526428222656,0.6426483585669958,C,10,,
discovery_engine,102046110_NEG514895645265007140,-514895645265007140,102046110,51.48956456493584,-26.50071407297168,2116.0,9.560230255126951,1.302768908891759,C,10,,
discovery_engine,102046110_NEG515662321265753952,-515662321265753952,102046110,51.56623217357736,-26.57539525717481,353.0,2.0259690284729004,1.089103165365404,C,10,,
discovery_engine,102046110_NEG518495362266147268,-518495362266147268,102046110,51.84953628065392,-26.614726818475344,1495.0,1.943200945854187,1.5291091397920746,B,9,,
discovery_engine,102046110_NEG518918004265695954,-518918004265695954,102046110,51.89180041399258,-26.56959549189044,2397.0,5.24330997467041,0.6784907040243991,C,10,,
discovery_engine,102046110_NEG519718405264939147,-519718405264939147,102046110,51.9718405816138,-26.4939147543255,473.0,0.9530287384986876,0.5318642080381655,C,10,,
discovery_engine,102046111_NEG520793931263872746,-520793931263872746,102046111,52.0793931666776,-26.387274651501947,1565.0,4.341841220855713,1.2101882891410525,C,9,,
discovery_engine,102046111_NEG521680852264642631,-521680852264642631,102046111,52.16808527293831,-26.464263181372043,1786.0,7.046182632446289,0.7401447399098793,C,10,,
discovery_engine,102046111_NEG522631915266742195,-522631915266742195,102046111,52.26319153218572,-26.674219571254035,527.0,3.754639863967896,1.8442814828449516,B,10,,
discovery_engine,102046111_NEG522664414262984794,-522664414262984794,102046111,52.26644143051973,-26.298479474544152,829.0,2.635293245315552,1.3342176160554509,C,9,,
discovery_engine,102046111_NEG522665140264936840,-522665140264936840,102046111,52.26651400888187,-26.493684049870563,471.0,1.1399314403533936,0.5030748433547356,C,10,,
discovery_engine,102046111_NEG522775154263262223,-522775154263262223,102046111,52.2775154289252,-26.32622231344894,4405.0,3.73540997505188,0.8402430614499972,C,9,,
discovery_engine,102046111_NEG523431303267007144,-523431303267007144,102046111,52.34313037177775,-26.70071443451933,910.0,1.5610411167144775,0.9920762872191708,C,9,,
discovery_engine,102046111_NEG523866560267024518,-523866560267024518,102046111,52.38665600029223,-26.702451849465344,1581.0,6.376273155212402,1.301007041018341,C,8,,
discovery_engine,102046111_NEG524278724265812710,-524278724265812710,102046111,52.42787244504301,-26.58127102127123,1889.0,5.773311614990234,1.2160998989189369,C,10,,
discovery_engine,102046111_NEG524435442265816573,-524435442265816573,102046111,52.44354425391187,-26.58165733195546,1945.0,2.514133214950561,0.6651251070789117,C,10,,
discovery_engine,102046111_NEG524506177262911107,-524506177262911107,102046111,52.45061778531361,-26.29111079753021,786.0,2.9123730659484863,0.7331458875395377,C,10,,
discovery_engine,102046111_NEG524535231263409554,-524535231263409554,102046111,52.453523130156384,-26.34095544998652,474.0,0.8760992288589478,1.96915469365834,B,10,,
discovery_engine,102046111_NEG524620086266476783,-524620086266476783,102046111,52.46200860662302,-26.64767839090005,1927.0,5.80708646774292,0.7597383189695217,C,9,,
discovery_engine,102046111_NEG524846527263742206,-524846527263742206,102046111,52.484652754902186,-26.37422068224872,1778.0,3.9800100326538086,0.6014315713840744,C,10,,
discovery_engine,102046111_NEG525212167263344911,-525212167263344911,102046111,52.52121674819348,-26.334491142693672,592.0,1.562977910041809,0.5249266225272639,C,10,,
discovery_engine,102046111_NEG525367290265213245,-525367290265213245,102046111,52.53672902745541,-26.5213245495748,1665.0,3.743620872497559,0.7901061444186763,C,10,,
discovery_engine,102046111_NEG525445060265211534,-525445060265211534,102046111,52.54450604134525,-26.521153444380623,275.0,1.872727036476136,1.6703103131506292,B,10,,
discovery_engine,102046111_NEG525674252262710433,-525674252262710433,102046111,52.56742527162064,-26.27104331001816,2944.0,14.115147590637209,1.9091609430287249,B,10,,
discovery_engine,102046112_NEG525837444266602281,-525837444266602281,102046112,52.58374448255608,-26.660228155709977,1568.0,3.037752151489258,0.9442814828449516,C,10,,
discovery_engine,102046112_NEG526073002265222219,-526073002265222219,102046112,52.60730029742269,-26.522221925865992,1206.0,3.649510145187378,0.6825307735007617,C,10,,
discovery_engine,102046112_NEG527688212265912072,-527688212265912072,102046112,52.768821239543584,-26.591207212331227,996.0,2.6001155376434326,1.0611341320304652,C,10,,
discovery_engine,102046112_NEG528044316266317777,-528044316266317777,102046112,52.80443166794037,-26.63177778481332,464.0,1.5906797647476196,0.9235663386933038,C,8,,
discovery_engine,102046112_NEG529692686266658181,-529692686266658181,102046112,52.96926861245825,-26.66581811546856,450.0,0.8972020149230957,0.8366244980194963,C,10,,
discovery_engine,102046112_NEG529841104267449884,-529841104267449884,102046112,52.98411048333682,-26.74498845864553,1597.0,2.43027400970459,0.7442814828449515,C,10,,
discovery_engine,102046112_NEG530821283262596538,-530821283262596538,102046112,53.08212836341427,-26.25965385361712,19300.0,24.838077545166016,0.5442814828449516,C,10,,
discovery_engine,102046112_NEG530846554263472708,-530846554263472708,102046112,53.084655434802805,-26.347270808036704,1309.0,3.93784761428833,0.5778290746265354,C,10,,
discovery_engine,102046112_NEG531166573263953150,-531166573263953150,102046112,53.11665730249199,-26.395315013863005,822.0,1.6483491659164429,0.7177331254583093,C,9,,
discovery_engine,102046113_NEG531773951266911436,-531773951266911436,102046113,53.17739518622528,-26.691143680279,394.0,2.5980374813079834,0.7101882891410526,C,9,,
discovery_engine,102046114_NEG537018179267183759,-537018179267183759,102046114,53.701817916410754,-26.71837595462807,1944.0,10.626985549926758,0.8315872696441649,C,9,,
discovery_engine,102046114_NEG537084154267015431,-537084154267015431,102046114,53.70841543605162,-26.70154319440072,465.0,1.4290807247161863,2.646817613064413,A,8,quad,
discovery_engine,102046114_NEG537352034266671160,-537352034266671160,102046114,53.73520340274464,-26.667116031154272,13736.0,26.648134231567383,1.8343993498483395,B,10,,
discovery_engine,102046114_NEG537773781263764571,-537773781263764571,102046114,53.77737818932458,-26.3764571290483,1233.0,4.2626729011535645,0.6470558477516896,C,10,,
discovery_engine,102046114_NEG537800883265935115,-537800883265935115,102046114,53.78008839050496,-26.59351150737352,7503.0,16.59870719909668,0.5644080537770806,C,10,,
discovery_engine,102046114_NEG539682841264680696,-539682841264680696,102046114,53.9682841431277,-26.46806964808708,4669.0,6.670327186584473,1.1348813628511454,C,10,,
discovery_engine,102046114_NEG539996959264321043,-539996959264321043,102046114,53.9996959416972,-26.43210433221682,807.0,4.133939743041992,0.8736574612878254,C,10,,
discovery_engine,102046114_NEG540812214265851687,-540812214265851687,102046114,54.08122146731086,-26.585168760158705,713.0,1.6976155042648315,0.604811089550543,C,11,,
discovery_engine,102046114_NEG540908760267374976,-540908760267374976,102046114,54.09087606219873,-26.73749766724749,1588.0,3.230271577835083,1.8504584040745893,B,9,,
discovery_engine,102046114_NEG540998878267330055,-540998878267330055,102046114,54.09988785971113,-26.733005590515376,591.0,2.227773427963257,0.9441998689374108,C,10,,
discovery_engine,102046759_NEG522096295262136465,-522096295262136465,102046759,52.20962951125225,-26.21364656116373,299.0,2.184678792953491,2.1508241227048037,A,10,,
discovery_engine,102046760_NEG525436235261316818,-525436235261316818,102046760,52.54362352418669,-26.13168182976592,1865.0,8.247697830200195,0.8852995448981034,C,10,,
discovery_engine,102046760_NEG527954364260376274,-527954364260376274,102046760,52.79543649989455,-26.03762743180897,224.0,1.815621852874756,0.9239088875266268,C,10,,
discovery_engine,102046761_NEG530179946260060624,-530179946260060624,102046761,53.0179946133518,-26.00606249029413,699.0,1.7745165824890137,0.9319197060311606,C,10,,
discovery_engine,102046761_NEG530547438262401689,-530547438262401689,102046761,53.05474384470475,-26.24016899451642,629.0,2.1038825511932373,1.4106401661273569,C,10,,
discovery_engine,102046761_NEG531782867262094267,-531782867262094267,102046761,53.17828670361266,-26.2094267877214,850.0,1.427445888519287,2.3974912876889976,A,10,,
discovery_engine,102046761_NEG532020950261969455,-532020950261969455,102046761,53.20209508963684,-26.19694558334184,2131.0,4.913426876068115,2.4611786255411907,A,10,,
discovery_engine,102046761_NEG534264558260612632,-534264558260612632,102046761,53.42645580108414,-26.06126322516176,1167.0,3.2927019596099854,1.9889466092720929,B,10,,
discovery_engine,102046762_NEG534976824260024813,-534976824260024813,102046762,53.49768249351134,-26.00248137493295,1047.0,4.727001190185547,0.5107848188303368,C,10,,
discovery_engine,102157301_2666255882631264167,2666255882631264167,102157301,266.6255882828956,63.126416721292166,502.0,3.356373071670532,1.0832593942828554,C,10,,
discovery_engine,102157301_2667757218632033055,2667757218632033055,102157301,266.77572187379866,63.20330559722951,750.0,1.7234474420547483,0.7719860859061194,C,10,,
discovery_engine,102157301_2668702354632299323,2668702354632299323,102157301,266.8702354064009,63.229932363898726,522.0,1.7529162168502808,1.203929754003874,C,10,,
discovery_engine,102157303_2685550729632335172,2685550729632335172,102157303,268.55507298274324,63.23351729020795,1421.0,3.7731335163116455,1.1366594920589814,C,9,,
discovery_engine,102157629_2657950631637302362,2657950631637302362,102157629,265.7950631472725,63.73023626672797,1822.0,3.947392225265503,0.5538815892922396,C,10,,
discovery_engine,102157629_2659597079637328998,2659597079637328998,102157629,265.95970792815746,63.73289987930829,1276.0,3.406439781188965,1.0441998689374108,C,10,,
discovery_engine,102157629_2659727733636823810,2659727733636823810,102157629,265.9727733948663,63.68238103492873,1491.0,6.769284725189209,1.961008519147556,B,10,,
discovery_engine,102157630_2660737085633650280,2660737085633650280,102157630,266.07370856557213,63.36502803693203,1727.0,10.330581665039062,0.6107848188303368,C,10,,
discovery_engine,102157630_2662060947637376800,2662060947637376800,102157630,266.2060947683246,63.73768009706466,676.0,8.643280982971191,0.8085596038064395,C,10,,
discovery_engine,102157630_2662371526633389470,2662371526633389470,102157630,266.2371526152099,63.33894701088143,401.0,1.0167889595031738,0.6977279891315069,C,10,,
discovery_engine,102157630_2662743402637421803,2662743402637421803,102157630,266.27434029580854,63.74218037975498,1814.0,11.09934139251709,0.8319197060311605,C,10,,
discovery_engine,102157630_2664400830635525763,2664400830635525763,102157630,266.4400830674923,63.55257630112992,401.0,3.08090615272522,0.6085596038064395,C,10,,
discovery_engine,102157630_2664874839632544844,2664874839632544844,102157630,266.4874839282805,63.25448449191667,1058.0,1.4097720384597778,1.499489220629197,C,9,,
discovery_engine,102157630_2665772836637102014,2665772836637102014,102157630,266.57728361767727,63.710201464734894,5575.0,8.324177742004395,2.2056180473165665,A,11,,
discovery_engine,102157630_2666717393636253352,2666717393636253352,102157630,266.6717393723998,63.62533522297152,1770.0,4.791628837585449,0.9721255982737098,C,10,,
discovery_engine,102157630_2667064351637469512,2667064351637469512,102157630,266.70643519546536,63.74695128852653,15922.0,17.9322509765625,0.7575052713387197,C,10,,
discovery_engine,102157630_2669254960637511323,2669254960637511323,102157630,266.9254960967968,63.75113237739114,27183.0,14.83649730682373,0.7794671545997987,C,10,,
discovery_engine,102157630_2670092807633544584,2670092807633544584,102157630,267.0092807389031,63.35445845923286,10561.0,17.56172752380371,0.9634402508949612,C,10,,
discovery_engine,102157630_2670223888635610588,2670223888635610588,102157630,267.0223888121212,63.56105886408634,5362.0,14.450942993164062,0.5709911634435221,C,10,,
discovery_engine,102157631_2671435585636351259,2671435585636351259,102157631,267.14355858537226,63.63512593706211,315.0,1.8156558275222776,0.8072614281591823,C,10,,
discovery_engine,102157631_2672673082635532565,2672673082635532565,102157631,267.26730821064336,63.5532565722766,601.0,1.543500900268555,0.7538815892922396,C,10,,
discovery_engine,102157631_2672920142633005803,2672920142633005803,102157631,267.29201428201367,63.30058038447984,1441.0,5.869139194488525,0.9858993659895332,C,10,,
discovery_engine,102157631_2673349307635763466,2673349307635763466,102157631,267.33493070944496,63.57634660108571,526.0,2.0213546752929688,1.30630561666174,C,9,,
discovery_engine,102157631_2675676582636130848,2675676582636130848,102157631,267.5676582079269,63.61308483074743,2717.0,5.737194061279297,1.1645171402258936,C,9,,
discovery_engine,102157631_2680872144636277155,2680872144636277155,102157631,268.08721447933755,63.62771551799928,652.0,1.8017802238464355,1.310900468626918,C,9,,
discovery_engine,102157632_2683349933636669483,2683349933636669483,102157632,268.3349933948802,63.66694835084925,793.0,3.3397693634033203,0.947112875092731,C,10,,
discovery_engine,102157632_2687845938633863256,2687845938633863256,102157632,268.7845938231165,63.38632567388032,581.0,1.8944791555404663,0.7931331940765395,C,10,,
discovery_engine,102157632_2687978191635576174,2687978191635576174,102157632,268.7978191337256,63.55761745377166,285.0,1.0186383724212646,0.7046377283283622,C,10,,
discovery_engine,102157632_2689812292635253102,2689812292635253102,102157632,268.98122922095,63.52531028861341,5029.0,8.935019493103027,0.6151319956710815,C,10,,
discovery_engine,102157632_2691459542635251448,2691459542635251448,102157632,269.1459542899098,63.5251448497327,324.0,1.9560725688934328,0.850824122704803,C,10,,
discovery_engine,102157632_2691754663635937458,2691754663635937458,102157632,269.1754663378086,63.59374584927868,447.0,1.6114741563796997,1.818618568374509,B,10,,
discovery_engine,102157633_2694458809634722756,2694458809634722756,102157633,269.44588097389686,63.47227569545748,1030.0,,1.1804636253407097,C,10,,
discovery_engine,102157633_2700426679635042570,2700426679635042570,102157633,270.0426679405394,63.5042570259169,394.0,3.444007873535156,0.7946156684180389,C,10,,
discovery_engine,102157633_2700718618636419435,2700718618636419435,102157633,270.0718618396796,63.6419435659782,1423.0,2.841301202774048,0.7362171194467302,C,9,,
discovery_engine,102157633_2702499990636559109,2702499990636559109,102157633,270.2499990023647,63.655910974510576,1521.0,5.525412082672119,1.5101882891410523,B,9,,
discovery_engine,102157634_2704222410634987862,2704222410634987862,102157634,270.4222410216224,63.498786252882496,800.0,3.473127603530884,0.6936193127679535,C,9,,
discovery_engine,102157634_2705965645633794030,2705965645633794030,102157634,270.5965645580038,63.37940306082754,820.0,3.389278650283813,0.5931331940765394,C,10,,
discovery_engine,102157634_2706632938634139885,2706632938634139885,102157634,270.6632938615214,63.41398851493622,370.0,1.190632700920105,1.4442814828449515,C,10,,Rojas et al 2025
discovery_engine,102157634_2711665385635861612,2711665385635861612,102157634,271.1665385378312,63.58616126117322,1706.0,4.633143901824951,0.975280569795352,C,10,,
discovery_engine,102157952_2653863625641095887,2653863625641095887,102157952,265.3863625176694,64.10958879488933,474.0,1.0603026151657104,1.3922636918028932,C,10,,
discovery_engine,102157952_2654388961639715225,2654388961639715225,102157952,265.4388961932219,63.97152257914326,921.0,2.473787546157837,0.7691279824392708,C,9,,
discovery_engine,102157952_2658211530641487553,2658211530641487553,102157952,265.8211530815124,64.14875539666241,1406.0,2.295374155044556,2.815355006260986,A,10,,
discovery_engine,102157952_2658616879639330994,2658616879639330994,102157952,265.861687959614,63.93309942153464,780.0,3.010918378829956,1.5997786134589862,B,10,,
discovery_engine,102157952_2660517748638262451,2660517748638262451,102157952,266.0517748690918,63.82624511888856,1044.0,1.535006403923035,1.3825307735007617,C,10,,
discovery_engine,102157952_2660909925639885503,2660909925639885503,102157952,266.09099259970026,63.988550359849626,536.0,2.2129642963409424,1.1228008884342986,C,10,,
discovery_engine,102157953_2663073857641848290,2663073857641848290,102157953,266.3073857423297,64.18482906444333,1083.0,3.028820753097534,1.1402430614499972,C,9,,
discovery_engine,102157953_2663924468642114448,2663924468642114448,102157953,266.3924468337994,64.21144489465429,786.0,3.8265864849090576,0.585742809896222,C,10,,
discovery_engine,102157953_2664028339642029013,2664028339642029013,102157953,266.40283396372047,64.20290131403637,461.0,1.985920667648316,0.5457433156163584,C,10,,
discovery_engine,102157953_2665360475638329579,2665360475638329579,102157953,266.5360475248545,63.83295797886379,417.0,1.1808499097824097,0.8467724105841764,C,10,,
discovery_engine,102157953_2665837948640101882,2665837948640101882,102157953,266.5837948903451,64.01018827594963,1915.0,4.768716812133789,1.2917393709580485,C,9,,
discovery_engine,102157953_2667157070637899731,2667157070637899731,102157953,266.71570709085694,63.78997313083477,3800.0,6.286055088043213,0.8983752073636861,C,10,,
discovery_engine,102157953_2668203348640973901,2668203348640973901,102157953,266.8203348265631,64.09739011616426,853.0,2.1831579208374023,1.852881164780668,B,10,,
discovery_engine,102157953_2668288172639391107,2668288172639391107,102157953,266.82881722844246,63.93911077986698,326.0,0.9868790507316588,2.0853498741657788,A,10,,
discovery_engine,102157953_2669397021640472384,2669397021640472384,102157953,266.9397021862729,64.04723848691526,3854.0,14.919490814208984,2.998341096750831,A,10,,
discovery_engine,102157953_2670004229637647911,2670004229637647911,102157953,267.0004229592652,63.764791156556754,676.0,1.454923152923584,0.7104652275350531,C,10,,
discovery_engine,102157953_2670258346638825408,2670258346638825408,102157953,267.0258346302424,63.88254089364885,353.0,2.378834724426269,0.5538473929502594,C,10,,
discovery_engine,102157953_2670867930641857555,2670867930641857555,102157953,267.08679308652177,64.18575550938476,1051.0,4.57563591003418,0.7575052713387197,C,10,,
discovery_engine,102157953_2670994480641865653,2670994480641865653,102157953,267.0994480956625,64.18656538062261,13327.0,12.26099681854248,2.48426667553717,A,15,,
discovery_engine,102157954_2673248030639985621,2673248030639985621,102157954,267.3248030172581,63.99856216643936,561.0,1.3500889539718628,0.7947359942212417,C,10,,
discovery_engine,102157954_2673946487640168312,2673946487640168312,102157954,267.39464873158204,64.0168312765971,383.0,1.630943775177002,1.124344335113246,C,10,,
discovery_engine,102157954_2673987824638794378,2673987824638794378,102157954,267.39878243834187,63.879437842021744,7074.0,14.57172679901123,0.8085596038064395,C,10,,
discovery_engine,102157954_2674085525642238923,2674085525642238923,102157954,267.4085525341446,64.22389232757044,379.0,1.5615594387054443,1.2646477322900007,C,10,,
discovery_engine,102157954_2674176700639975086,2674176700639975086,102157954,267.4176700357009,63.99750864925062,2184.0,4.695193290710449,0.6253734300810642,C,10,,
discovery_engine,102157954_2674591182640031223,2674591182640031223,102157954,267.45911820296254,64.00312237879687,702.0,1.5712871551513672,1.3228008884342983,C,10,,
discovery_engine,102157954_2676483383639662353,2676483383639662353,102157954,267.64833830500663,63.96623535801994,4940.0,14.290759086608888,0.775280569795352,C,10,,
discovery_engine,102157954_2677454465638524285,2677454465638524285,102157954,267.7454465883803,63.85242858582388,342.0,4.269935607910156,1.0676225709547509,C,10,,
discovery_engine,102157954_2677725526640039676,2677725526640039676,102157954,267.7725526627888,64.00396761991807,2928.0,9.50728702545166,1.5581050924301494,B,10,,
discovery_engine,102157954_2678629431639725549,2678629431639725549,102157954,267.86294315834544,63.972554932473166,1851.0,9.583290100097656,2.0319197060311605,A,10,,
discovery_engine,102157954_2679576312639125362,2679576312639125362,102157954,267.95763121804384,63.9125362457922,2248.0,16.19169044494629,2.108083498915117,A,10,edge-on,Rojas et al 2025
discovery_engine,102157954_2680543070640040291,2680543070640040291,102157954,268.054307097033,64.00402914978793,1171.0,4.303304672241211,0.7786546284157847,C,9,,
discovery_engine,102157954_2681587288641785622,2681587288641785622,102157954,268.15872885973585,64.17856222472005,482.0,1.5802648067474363,0.8962830656483141,C,9,,
discovery_engine,102157954_2682983371638126599,2682983371638126599,102157954,268.29833712206386,63.81265991855817,1897.0,2.851489543914795,0.6538815892922396,C,10,,
discovery_engine,102157955_2684504642637873785,2684504642637873785,102157955,268.45046421374985,63.787378577395295,7440.0,16.430011749267578,0.6776211664556459,C,15,,
discovery_engine,102157955_2685490710638126805,2685490710638126805,102157955,268.54907109955803,63.81268052480853,1919.0,2.785006761550904,2.171737436543004,A,17,,
discovery_engine,102157955_2686353498641935777,2686353498641935777,102157955,268.63534989826115,64.19357778864354,494.0,2.953218460083008,1.124344335113246,C,10,,
discovery_engine,102157955_2686600512641893455,2686600512641893455,102157955,268.66005127219086,64.18934553937298,895.0,1.8966293334960933,0.6825307735007617,C,10,,
discovery_engine,102157955_2687552661637674643,2687552661637674643,102157955,268.75526619429024,63.76746435509685,3664.0,7.338053226470947,1.1794002405355872,C,9,,
discovery_engine,102157955_2687826458639555790,2687826458639555790,102157955,268.7826458072619,63.95557906350565,593.0,1.4192053079605105,1.0105021458685162,C,10,,
discovery_engine,102157955_2688196754640647683,2688196754640647683,102157955,268.8196754639905,64.06476839831232,825.0,1.0836586952209473,1.1354668179776266,C,9,,
discovery_engine,102157955_2689800257639551890,2689800257639551890,102157955,268.9800257836048,63.955189029991246,1222.0,13.438698768615724,2.2581379338746905,A,10,,Rojas et al 2025
discovery_engine,102157956_2695046853638479184,2695046853638479184,102157956,269.50468537766204,63.84791845246926,1644.0,3.0062155723571777,1.575507360361916,B,10,,
discovery_engine,102157956_2695988761638792702,2695988761638792702,102157956,269.59887611469924,63.879270255259335,1141.0,3.914692640304565,0.585349874165779,C,10,,
discovery_engine,102157956_2697710172639011066,2697710172639011066,102157956,269.7710172707377,63.90110669536118,1214.0,4.4562578201293945,0.9013083860858836,C,10,,
discovery_engine,102157956_2698524017641247745,2698524017641247745,102157956,269.85240171420713,64.12477453116966,582.0,2.021229982376098,0.5220604989429019,C,10,,
discovery_engine,102157956_2698756113639572709,2698756113639572709,102157956,269.87561139609824,63.95727095444405,267.0,3.450927257537842,0.5841940922917926,C,10,,
discovery_engine,102157956_2700028818638570223,2700028818638570223,102157956,270.0028818993277,63.85702233793675,4062.0,7.827847003936768,1.1825307735007615,C,10,,
discovery_engine,102157956_2700546205640397835,2700546205640397835,102157956,270.0546205082691,64.0397835666413,290.0,2.3351731300354004,2.34188523085361,A,9,,
discovery_engine,102157956_2702302875642366175,2702302875642366175,102157956,270.2302875308319,64.23661753136152,5192.0,9.028570175170898,0.6169178912346125,C,10,,
discovery_engine,102157956_2703720327638072708,2703720327638072708,102157956,270.3720327356558,63.80727088951375,348.0,1.663824200630188,0.8590874822470227,C,10,,
discovery_engine,102157956_2704460679641062301,2704460679641062301,102157956,270.446067973659,64.1062301023037,1188.0,5.605636119842529,0.7245609038970502,C,9,,
discovery_engine,102157956_2704655017641535458,2704655017641535458,102157956,270.4655017057284,64.15354585385174,374.0,0.8484642505645752,1.5295846523717185,B,10,,
discovery_engine,102157956_2705060084640178380,2705060084640178380,102157956,270.5060084359568,64.01783808807802,647.0,2.152503252029419,1.3325602047616243,C,10,,
discovery_engine,102157957_2707568379639317706,2707568379639317706,102157957,270.75683795247915,63.93177063785944,4450.0,20.83037376403809,0.8719941424967945,C,10,,
discovery_engine,102157957_2709336902640891580,2709336902640891580,102157957,270.9336902192357,64.08915803164079,2549.0,5.059720516204834,1.1175425966089425,C,10,,
discovery_engine,102157957_2709831890642151411,2709831890642151411,102157957,270.98318909431714,64.21514118700388,4010.0,10.474106788635254,0.7489826560429576,C,10,,
discovery_engine,102157957_2710909158637923907,2710909158637923907,102157957,271.09091587991537,63.79239077363285,439.0,2.025543451309204,0.7961199642268662,C,10,,
discovery_engine,102157957_2711813162637737494,2711813162637737494,102157957,271.1813162216756,63.773749419215626,4852.0,10.107192039489746,1.5720997072916267,B,10,,
discovery_engine,102157957_2714201391637491643,2714201391637491643,102157957,271.42013917969166,63.74916439948066,1889.0,6.802290916442871,0.6947359942212417,C,10,,
discovery_engine,102157958_2717889245638408550,2717889245638408550,102157958,271.788924544298,63.84085507785175,491.0,1.733708739280701,0.9068331299589024,C,10,,
discovery_engine,102157958_2719195933641972975,2719195933641972975,102157958,271.919593396224,64.1972975435358,556.0,3.3741824626922607,2.7228008884342985,A,10,edge-on,
discovery_engine,102157958_2722239345638350113,2722239345638350113,102157958,272.2239345005435,63.83501131123219,355.0,1.67997944355011,0.9362171194467304,C,9,,
discovery_engine,102157958_2722285786638229999,2722285786638229999,102157958,272.22857861828805,63.822999916812485,6747.0,20.809709548950195,1.7901061444186763,B,10,,
discovery_engine,102157958_2727137773639721420,2727137773639721420,102157958,272.713777307259,63.97214203825033,4371.0,12.43886375427246,2.154630319244951,A,15,,
discovery_engine,102157958_2728318235639859304,2728318235639859304,102157958,272.8318235153224,63.985930406582085,2602.0,6.143765926361084,0.5130166701087651,C,10,,
discovery_engine,102157958_2728464389639933156,2728464389639933156,102157958,272.8464389611731,63.9933156819348,1112.0,2.465167999267578,0.6393272107546997,C,10,,
discovery_engine,102157959_2728770986641210943,2728770986641210943,102157959,272.87709869049775,64.121094314441,510.0,0.7181993126869202,0.8072614281591823,C,10,,
discovery_engine,102157959_2731299727642055595,2731299727642055595,102157959,273.1299727617105,64.20555953086428,2444.0,6.4562835693359375,1.0965965239492217,C,10,,
discovery_engine,102157959_2731365379641616568,2731365379641616568,102157959,273.1365379853265,64.1616568507845,333.0,2.21186900138855,0.6028554575129561,C,9,,
discovery_engine,102157959_2731443491642106141,2731443491642106141,102157959,273.14434917640153,64.21061416899774,962.0,2.748441219329834,1.4377987895068958,C,10,,
discovery_engine,102158269_2644640709647243677,2644640709647243677,102158269,264.4640709313673,64.72436773646568,560.0,0.9573238492012024,0.6294247106889161,C,10,,
discovery_engine,102158270_2654337786643538414,2654337786643538414,102158270,265.43377860339933,64.35384146804655,641.0,1.777680516242981,2.613664298356968,A,10,,
discovery_engine,102158270_2654630828645925284,2654630828645925284,102158270,265.46308281402,64.59252842992812,11280.0,17.909780502319336,0.5840361849852818,C,9,,
discovery_engine,102158270_2654638164643746830,2654638164643746830,102158270,265.4638164018132,64.37468304708283,1078.0,3.448580026626587,0.8581050924301493,C,10,,
discovery_engine,102158270_2655263997646759053,2655263997646759053,102158270,265.5263997793205,64.67590531162458,377.0,1.3229750394821167,0.5253734300810642,C,10,,
discovery_engine,102158270_2656382386643695481,2656382386643695481,102158270,265.6382386693545,64.36954818386313,433.0,1.9576746225357056,1.791453596747299,B,10,,
discovery_engine,102158270_2656815066646473630,2656815066646473630,102158270,265.681506630342,64.64736309077054,3059.0,6.418205261230469,2.394615668418038,A,10,,
discovery_engine,102158270_2656868345643195308,2656868345643195308,102158270,265.68683454907165,64.31953088131895,2798.0,4.046778678894043,1.4581050924301493,C,10,,
discovery_engine,102158270_2657149457645524728,2657149457645524728,102158270,265.71494574223846,64.55247284992736,2689.0,6.641247272491455,1.3000173767672991,C,10,,
discovery_engine,102158270_2657548803647273037,2657548803647273037,102158270,265.7548803156984,64.7273037645623,925.0,1.3405126333236694,0.6442814828449517,C,10,,
discovery_engine,102158270_2658155561645042142,2658155561645042142,102158270,265.8155561604588,64.50421421353147,448.0,0.8325686454772949,1.0747981295504032,C,8,,
discovery_engine,102158270_2659040290643403961,2659040290643403961,102158270,265.9040290299082,64.34039611380324,1836.0,2.808271169662476,0.5651251070789117,C,10,,
discovery_engine,102158270_2659132262647279980,2659132262647279980,102158270,265.91322625779253,64.72799808621423,2315.0,7.989649295806885,0.6442814828449516,C,10,,
discovery_engine,102158270_2659458922642761404,2659458922642761404,102158270,265.94589223705503,64.27614042248885,628.0,2.109950304031372,1.3892411856242446,C,10,,
discovery_engine,102158270_2660101090644460436,2660101090644460436,102158270,266.0101090586714,64.44604369485799,6102.0,5.383235454559326,1.7979463844393446,B,9,,
discovery_engine,102158270_2661910855643778637,2661910855643778637,102158270,266.1910855510885,64.37786376499659,1114.0,4.533770561218262,0.6538815892922397,C,10,,
discovery_engine,102158270_2662527621645054682,2662527621645054682,102158270,266.25276217727634,64.5054682940064,1674.0,3.522756338119507,1.517763660058967,B,9,,
discovery_engine,102158271_2663454792646039044,2663454792646039044,102158271,266.345479266346,64.60390447294114,2089.0,6.393918991088867,0.6467928764503432,C,10,,
discovery_engine,102158271_2664946780647342201,2664946780647342201,102158271,266.4946780086246,64.73422014483994,4039.0,12.618053436279297,1.1585357743791938,C,10,,
discovery_engine,102158271_2665236167644831980,2665236167644831980,102158271,266.5236167729248,64.483198065541,3480.0,9.754802703857422,0.6538815892922396,C,10,,
discovery_engine,102158271_2665805764642614383,2665805764642614383,102158271,266.5805764492324,64.26143834926226,1519.0,5.612002372741699,1.0977279891315068,C,10,,
discovery_engine,102158271_2666096789644790215,2666096789644790215,102158271,266.60967895529205,64.47902151554179,1733.0,4.413019180297852,1.2107848188303367,C,10,,
discovery_engine,102158271_2666275399643768812,2666275399643768812,102158271,266.6275399812074,64.37688126215781,3667.0,14.791213989257812,0.6965602912460297,C,16,,
discovery_engine,102158271_2667075841643597456,2667075841643597456,102158271,266.7075841661368,64.35974560846714,729.0,2.211665868759156,1.1101882891410526,C,9,,
discovery_engine,102158271_2667495126642648648,2667495126642648648,102158271,266.74951262924424,64.26486482529228,927.0,2.3608875274658203,1.0012882135190062,C,10,,
discovery_engine,102158271_2669002391642836561,2669002391642836561,102158271,266.9002391559647,64.28365612660174,5740.0,7.195884704589844,0.5631521857626015,C,10,,
discovery_engine,102158271_2669150827644220050,2669150827644220050,102158271,266.9150827812126,64.4220050058148,5821.0,11.573756217956545,0.916679067098154,C,9,,
discovery_engine,102158271_2669416976643022366,2669416976643022366,102158271,266.941697673943,64.30223666784019,3193.0,8.408930778503418,0.8211868452766173,C,10,,
discovery_engine,102158271_2669783965645385151,2669783965645385151,102158271,266.9783965995823,64.53851515043344,928.0,4.1089768409729,0.7030748433547356,C,10,,
discovery_engine,102158271_2671218681643745753,2671218681643745753,102158271,267.1218681888161,64.37457530544856,5523.0,14.291058540344238,0.7151319956710814,C,10,,
discovery_engine,102158271_2671235183646742735,2671235183646742735,102158271,267.12351835618296,64.67427352080641,1637.0,3.348395347595215,0.6443313247143261,C,10,,
discovery_engine,102158271_2672219165644938776,2672219165644938776,102158271,267.22191650185687,64.49387766220696,2637.0,8.909514427185059,1.1502466408944525,C,10,,
discovery_engine,102158271_2672343829643151429,2672343829643151429,102158271,267.23438291261016,64.31514299489444,473.0,0.9542015790939332,2.0224356121540987,A,9,edge-on,
discovery_engine,102158271_2672377449643470686,2672377449643470686,102158271,267.2377449618229,64.34706862253732,1431.0,2.708238363265991,1.1109084925331718,C,10,,
discovery_engine,102158271_2673286456647484940,2673286456647484940,102158271,267.3286456277658,64.74849400896058,4276.0,11.148317337036133,1.3602708084508035,C,9,,
discovery_engine,102158271_2674456721643678860,2674456721643678860,102158271,267.44567210580004,64.36788602432307,7753.0,16.852272033691406,0.8892755731485151,C,9,,
discovery_engine,102158272_2675315831643158955,2675315831643158955,102158272,267.5315831499296,64.31589558802735,2898.0,6.19085693359375,1.0441998689374108,C,10,,
discovery_engine,102158272_2676140710646693144,2676140710646693144,102158272,267.614071047872,64.66931446736385,621.0,1.1523009538650513,1.1978749657869048,C,10,,
discovery_engine,102158272_2676284272645204151,2676284272645204151,102158272,267.62842722731733,64.52041513207705,1141.0,2.831195831298828,0.8575052713387196,C,10,,
discovery_engine,102158272_2676372662645231497,2676372662645231497,102158272,267.6372662543229,64.52314972670398,881.0,5.328006267547607,0.7788580707360211,C,10,,
discovery_engine,102158272_2676925155645768556,2676925155645768556,102158272,267.69251559854945,64.57685561665514,325.0,1.500902771949768,0.917763660058967,C,9,,
discovery_engine,102158272_2677714056647259412,2677714056647259412,102158272,267.77140563180683,64.7259412182356,1011.0,1.7351996898651123,1.4361062908356073,C,10,,
discovery_engine,102158272_2678087036644598709,2678087036644598709,102158272,267.8087036964251,64.45987091477285,382.0,1.4941797256469729,2.1581050924301493,A,10,,
discovery_engine,102158272_2680673037644785063,2680673037644785063,102158272,268.0673037036402,64.47850638510299,578.0,1.5747166872024536,0.6364940578407308,C,10,,
discovery_engine,102158272_2680917462645517489,2680917462645517489,102158272,268.09174629207,64.55174893274807,888.0,2.027642011642456,0.7133731084362834,C,10,,
discovery_engine,102158272_2683269878647372264,2683269878647372264,102158272,268.32698789276674,64.73722640663556,1328.0,4.232758522033691,0.7766149364078718,C,10,,
discovery_engine,102158272_2683555203642954376,2683555203642954376,102158272,268.3555203318142,64.29543764195286,2749.0,5.277688503265381,2.2442814828449515,A,10,,
discovery_engine,102158272_2684914506646628956,2684914506646628956,102158272,268.4914506103214,64.6628956715206,502.0,1.4779717922210691,0.9143117531899488,C,18,,
discovery_engine,102158272_2685023553645164388,2685023553645164388,102158272,268.50235536587115,64.51643889079287,1123.0,2.695087432861328,0.9642820136597872,C,9,,
discovery_engine,102158272_2685730342643470690,2685730342643470690,102158272,268.5730342815341,64.34706905219893,3966.0,9.33508014678955,1.6101882891410526,B,9,,
discovery_engine,102158273_2687208432642883837,2687208432642883837,102158273,268.72084323406955,64.28838370440079,560.0,2.8545172214508057,0.7985663386933038,C,8,,
discovery_engine,102158273_2697192667642722765,2697192667642722765,102158273,269.7192667017294,64.27227651525557,729.0,2.469188451766968,2.117763660058967,A,9,,
discovery_engine,102158274_2698833630644265072,2698833630644265072,102158274,269.88336309250366,64.4265072456434,510.0,0.7671222686767578,0.7319197060311606,C,10,,
discovery_engine,102158274_2703143932645171613,2703143932645171613,102158274,270.3143932282378,64.51716136167605,238.0,3.1033878326416016,1.04147046679898,C,10,,
discovery_engine,102158274_2704568140646997364,2704568140646997364,102158274,270.4568140639096,64.69973649424063,542.0,2.1072022914886475,0.5072614281591823,C,10,,
discovery_engine,102158274_2704723597642696271,2704723597642696271,102158274,270.4723597403578,64.26962718083168,679.0,1.995655298233032,2.0719941424967945,A,10,,
discovery_engine,102158274_2706060111645234144,2706060111645234144,102158274,270.6060111075193,64.52341440180304,1938.0,8.037447929382324,1.539199618382307,B,10,,
discovery_engine,102158274_2706396692645789411,2706396692645789411,102158274,270.63966923558075,64.57894118720775,299.0,1.05201518535614,0.7529722212512022,C,10,,
discovery_engine,102158274_2706664505644131780,2706664505644131780,102158274,270.6664505679347,64.41317803433601,753.0,2.548225164413452,1.4812162272312055,C,10,,
discovery_engine,102158274_2707250057645961298,2707250057645961298,102158274,270.72500573467624,64.59612983777029,253.0,1.4319990873336792,1.0315872696441648,C,9,,
discovery_engine,102158274_2707677683646233767,2707677683646233767,102158274,270.7677683118632,64.6233767492037,854.0,3.1536426544189453,0.5559676221457683,C,10,,
discovery_engine,102158274_2707902754646858951,2707902754646858951,102158274,270.7902754791758,64.68589512861702,474.0,2.691522121429444,0.6965965239492216,C,10,,
discovery_engine,102158275_2709154905643765181,2709154905643765181,102158275,270.9154905916008,64.37651816864391,387.0,1.2734805345535278,0.8286604086622947,C,10,,
discovery_engine,102158275_2709777393645726835,2709777393645726835,102158275,270.977739341077,64.57268354179256,2161.0,6.074974060058594,3.0167996218685444,A,19,,Rojas et al 2025
discovery_engine,102158275_2709788792642952494,2709788792642952494,102158275,270.9788792698428,64.29524946398904,835.0,3.4741759300231934,0.9929655524664256,C,9,,
discovery_engine,102158275_2712381682645980356,2712381682645980356,102158275,271.23816822852723,64.59803565443195,533.0,0.9986147284507751,0.769011006510726,C,10,,
discovery_engine,102158275_2713231622643632503,2713231622643632503,102158275,271.3231622601812,64.36325033443039,1106.0,3.758100509643554,1.836195675095155,B,9,,
discovery_engine,102158275_2716096858644978107,2716096858644978107,102158275,271.6096858714246,64.49781078904043,1795.0,5.944199562072754,0.6656804633480639,C,10,,
discovery_engine,102158275_2719331119643884219,2719331119643884219,102158275,271.93311195260526,64.38842193971169,1147.0,3.6928086280822754,1.4691546936583395,C,10,,
discovery_engine,102158276_2720476218643633724,2720476218643633724,102158276,272.04762186117097,64.36337249087941,2729.0,9.335460662841797,0.9101882891410524,C,9,,
discovery_engine,102158276_2722118079645890187,2722118079645890187,102158276,272.211807938658,64.58901878979076,3540.0,12.711113929748535,0.6891031653654038,C,10,,
discovery_engine,102158276_2722561985645255526,2722561985645255526,102158276,272.25619852909443,64.5255526391153,1676.0,2.400406837463379,1.5887076947303995,B,9,,
discovery_engine,102158276_2723443885646233453,2723443885646233453,102158276,272.34438858743664,64.62334533808817,1513.0,2.393316984176636,0.8673836577336835,C,10,,
discovery_engine,102158276_2724990561645687895,2724990561645687895,102158276,272.4990561199818,64.56878952241868,675.0,1.0601844787597656,1.272293665224003,C,10,,
discovery_engine,102158276_2727435595645547639,2727435595645547639,102158276,272.7435595161034,64.55476393577682,6831.0,25.44352531433105,1.6442814828449517,B,10,,
discovery_engine,102158276_2727446636646498997,2727446636646498997,102158276,272.74466369786245,64.64989979472608,933.0,3.234484434127808,1.3021129630224997,C,8,,
discovery_engine,102158276_2727570223645896962,2727570223645896962,102158276,272.7570223673387,64.58969626327753,1744.0,6.639215469360352,2.917409891376127,A,10,,
discovery_engine,102158276_2727927202643342684,2727927202643342684,102158276,272.7927202067452,64.33426847052054,552.0,3.0173985958099365,0.5948702723962704,C,10,,
discovery_engine,102158276_2728853410646481263,2728853410646481263,102158276,272.8853410135998,64.64812636289068,822.0,2.0515060424804688,1.0823391416020338,C,10,,
discovery_engine,102158277_2733524648645511387,2733524648645511387,102158277,273.3524648265846,64.55113873843047,1328.0,6.980738639831543,1.965680463348064,B,10,,
discovery_engine,102158277_2738945549646397299,2738945549646397299,102158277,273.8945549705793,64.63972990931421,593.0,0.9620506763458252,2.5378024255971408,A,10,,
discovery_engine,102158277_2741792314642553604,2741792314642553604,102158277,274.17923143706327,64.25536044973455,695.0,2.543009281158448,0.5744266997473096,C,10,,
discovery_engine,102158278_2743329197645424631,2743329197645424631,102158278,274.3329197470716,64.54246315130146,1137.0,3.3385138511657715,1.0080834989151168,C,10,,
discovery_engine,102158278_2745692749646546479,2745692749646546479,102158278,274.5692749058374,64.65464793886545,7068.0,12.2622652053833,0.5475684614261821,C,10,,
discovery_engine,102158580_2631644629651693582,2631644629651693582,102158580,263.16446299769245,65.16935824161169,331.0,1.8912265300750728,1.5631521857626014,B,10,,
discovery_engine,102158580_2635101482652334146,2635101482652334146,102158580,263.5101482930756,65.23341467280565,414.0,1.536347508430481,1.0841940922917923,C,10,,
discovery_engine,102158580_2637893271649000307,2637893271649000307,102158580,263.78932718989256,64.90003070432704,277.0,2.686832904815674,1.0929655524664257,C,9,,
discovery_engine,102158580_2641300660649209232,2641300660649209232,102158580,264.13006606463523,64.92092323399173,587.0,6.1557159423828125,0.8319197060311605,C,10,,
discovery_engine,102158580_2642022214651039372,2642022214651039372,102158580,264.20222145214086,65.10393727526511,2291.0,9.05165195465088,1.2247638819081603,C,10,,
discovery_engine,102158581_2650598488651331302,2650598488651331302,102158581,265.05984888095406,65.13313027459685,815.0,4.314040660858154,0.9642820136597872,C,9,,
discovery_engine,102158581_2651138143647553695,2651138143647553695,102158581,265.1138143291183,64.755369574668,657.0,2.313100576400757,0.9419890104015876,C,10,,
discovery_engine,102158581_2651430271647603394,2651430271647603394,102158581,265.14302714903806,64.76033946832594,452.0,1.3804855346679688,1.0538309823908585,C,10,,
discovery_engine,102158582_2655081143648438059,2655081143648438059,102158582,265.5081143018837,64.84380594724549,593.0,1.605524659156799,1.3584446641419796,C,10,,
discovery_engine,102158582_2655753387652324244,2655753387652324244,102158582,265.57533878130045,65.23242440822226,2147.0,7.681204319000244,1.5704549121780735,B,9,,
discovery_engine,102158582_2660875051650707576,2660875051650707576,102158582,266.08750517647104,65.07075765699025,663.0,3.019474983215332,0.8048020745459619,C,10,,
discovery_engine,102158582_2662018807648619781,2662018807648619781,102158582,266.20188074211137,64.86197811824223,756.0,1.6542726755142212,0.8051559355122512,C,10,,
discovery_engine,102158582_2662358029650494540,2662358029650494540,102158582,266.2358029327391,65.04945405659983,604.0,2.191600799560547,1.0577200179757311,C,10,,
discovery_engine,102158583_2666942307651520406,2666942307651520406,102158583,266.6942307060368,65.15204064910925,1696.0,4.193866729736328,0.5062786427306063,C,10,,
discovery_engine,102158583_2671095746648184486,2671095746648184486,102158583,267.1095746894038,64.81844868049211,595.0,1.4109612703323364,1.4228008884342986,C,10,,
discovery_engine,102158583_2672803654649962203,2672803654649962203,102158583,267.280365471512,64.99622031604929,2421.0,8.975214958190918,1.9871464915614336,B,10,,Rojas et al 2025
discovery_engine,102158583_2672839457649784962,2672839457649784962,102158583,267.28394578426185,64.97849623855677,1001.0,4.743358612060547,1.1812475646513432,C,10,,
discovery_engine,102158583_2674724083652311112,2674724083652311112,102158583,267.47240838269994,65.231111272144,7979.0,19.94060516357422,1.2319197060311606,C,10,,
discovery_engine,102158583_2674854379651549479,2674854379651549479,102158583,267.4854379208438,65.15494791786838,6861.0,24.73737907409668,0.7773871030433794,C,10,,
discovery_engine,102158583_2674909195648793961,2674909195648793961,102158583,267.4909195027654,64.87939618981366,1625.0,7.147694110870361,0.8468784904361787,C,10,,
discovery_engine,102158583_2675779524648376331,2675779524648376331,102158583,267.5779524881112,64.83763313725701,493.0,2.2320668697357178,1.0490082146231847,C,8,,
discovery_engine,102158583_2676190264647720489,2676190264647720489,102158583,267.6190264664388,64.77204897054503,1826.0,11.540355682373049,1.0441998689374108,C,10,,
discovery_engine,102158584_2679429178649660575,2679429178649660575,102158584,267.9429178639179,64.96605756490509,4658.0,16.01959991455078,0.936326416230617,C,9,,
discovery_engine,102158584_2680982848648375511,2680982848648375511,102158584,268.098284894203,64.83755112318488,424.0,1.5303587913513184,0.6442814828449517,C,10,,
discovery_engine,102158584_2682518899650423259,2682518899650423259,102158584,268.25188996305326,65.04232598114912,1244.0,7.952332019805908,0.5581050924301494,C,10,,
discovery_engine,102158584_2683596446647545481,2683596446647545481,102158584,268.3596446884735,64.75454810383339,3191.0,10.371828079223633,0.5977279891315069,C,10,,
discovery_engine,102158584_2684246741649013381,2684246741649013381,102158584,268.42467411554617,64.90133815975773,2496.0,6.700502395629883,0.8442814828449515,C,10,,
discovery_engine,102158584_2684636301650542568,2684636301650542568,102158584,268.46363012596834,65.05425689620138,3866.0,6.5569376945495605,1.270310313150629,C,10,,
discovery_engine,102158584_2684833905652441360,2684833905652441360,102158584,268.48339051785683,65.24413604032269,246.0,2.3142201900482178,0.7090912100588032,C,10,,
discovery_engine,102158584_2686855325651108603,2686855325651108603,102158584,268.6855325160297,65.11086038477805,2363.0,2.6261661052703857,0.8285670483940081,C,10,,
discovery_engine,102158584_2687900321650859511,2687900321650859511,102158584,268.79003210743605,65.08595110358115,1202.0,4.160053253173828,3.158401407051961,A,17,complete ring,
discovery_engine,102158584_2687970439648743491,2687970439648743491,102158584,268.797043967054,64.87434919733515,2048.0,3.583665609359741,1.5732203240051716,B,10,,
discovery_engine,102158584_2688054361648826754,2688054361648826754,102158584,268.80543613154765,64.88267549138783,869.0,3.61294150352478,1.7101882891410525,B,9,,
discovery_engine,102158584_2688149271647967093,2688149271647967093,102158584,268.8149271987569,64.79670930779008,1555.0,6.954442024230957,2.215557342727903,A,9,,
discovery_engine,102158584_2688264303649710847,2688264303649710847,102158584,268.8264303944396,64.97108470808703,371.0,2.08577847480774,0.6631521857626015,C,10,,
discovery_engine,102158585_2690666515648268601,2690666515648268601,102158585,269.0666515554563,64.82686014026385,3846.0,12.687500953674316,2.0101882891410527,A,9,,
discovery_engine,102158585_2691536427648717460,2691536427648717460,102158585,269.15364270230305,64.87174608114636,1552.0,6.702149868011475,0.5170627932594367,C,10,,
discovery_engine,102158585_2693087252648465508,2693087252648465508,102158585,269.30872520367217,64.84655082882615,541.0,1.5123502016067505,0.6442338019602515,C,9,,
discovery_engine,102158585_2694431496651859060,2694431496651859060,102158585,269.4431496401328,65.18590608640102,1060.0,4.016578197479248,1.3584446641419796,C,10,,
discovery_engine,102158585_2694958058650832108,2694958058650832108,102158585,269.4958058244813,65.083210840253,1716.0,9.366166114807127,1.9497981295504032,B,8,,
discovery_engine,102158585_2695685045651186609,2695685045651186609,102158585,269.5685045445832,65.1186609362149,1090.0,4.740140438079834,0.983192769131576,C,10,,
discovery_engine,102158585_2699546732651711472,2699546732651711472,102158585,269.95467326104944,65.17114722836848,1834.0,7.535086631774902,0.9828200824722388,C,11,,
discovery_engine,102158586_2701075725649854421,2701075725649854421,102158586,270.10757254628084,64.98544217434547,588.0,1.1086821556091309,0.775280569795352,C,10,,
discovery_engine,102158586_2702895131649963474,2702895131649963474,102158586,270.2895131158823,64.99634745716763,1241.0,4.1075286865234375,1.4796080605152286,C,8,,
discovery_engine,102158586_2702922441650092356,2702922441650092356,102158586,270.29224415845937,65.00923569818201,1398.0,3.6727280616760254,0.7841940922917926,C,10,,
discovery_engine,102158586_2706825613651177724,2706825613651177724,102158586,270.682561318435,65.1177724174317,262.0,1.1815831661224363,0.7941802338643508,C,10,,
discovery_engine,102158586_2707002269652317064,2707002269652317064,102158586,270.7002269481976,65.2317064456381,2835.0,5.508004665374756,1.0246808020330014,C,10,,
discovery_engine,102158586_2707869621648468872,2707869621648468872,102158586,270.7869621948174,64.8468872035074,1344.0,2.9946203231811523,0.8762627113569641,C,10,,
discovery_engine,102158586_2707908112649845702,2707908112649845702,102158586,270.7908112363319,64.9845702769772,364.0,0.9903712272644044,2.4261694809230696,A,10,,
discovery_engine,102158586_2708339084650317253,2708339084650317253,102158586,270.8339084172371,65.03172533859782,711.0,2.0439670085906982,1.1892411856242446,C,10,,Rojas et al 2025
discovery_engine,102158586_2710017972652457457,2710017972652457457,102158586,271.0017972222676,65.24574575577422,2291.0,1.7848858833312988,1.7361062908356075,B,10,,
discovery_engine,102158586_2710089778651431778,2710089778651431778,102158586,271.0089778974805,65.1431778434225,569.0,2.133634090423584,0.5331226908491404,C,9,,
discovery_engine,102158586_2710273614647700542,2710273614647700542,102158586,271.0273614658411,64.77005427002409,639.0,2.164930820465088,0.6101882891410526,C,9,,
discovery_engine,102158586_2710369886651392865,2710369886651392865,102158586,271.0369886918163,65.13928658523771,1322.0,2.6043014526367188,0.7122593371053434,C,10,,
discovery_engine,102158586_2710715909647637365,2710715909647637365,102158586,271.0715909593037,64.76373659895555,353.0,0.96345853805542,1.0535413890205332,C,10,,
discovery_engine,102158586_2710834800648486342,2710834800648486342,102158586,271.08348004173496,64.84863421733759,814.0,2.7572920322418213,2.146817613064413,A,8,edge-on,
discovery_engine,102158587_2711988261648357583,2711988261648357583,102158587,271.1988261717693,64.8357583216835,4647.0,5.347082614898682,1.749103190460103,B,9,,
discovery_engine,102158587_2712709658649218438,2712709658649218438,102158587,271.27096581223424,64.9218438504039,377.0,1.1809803247451782,0.5072614281591824,C,10,,
discovery_engine,102158587_2712771168649302043,2712771168649302043,102158587,271.2771168643414,64.93020432362324,6516.0,13.779675483703612,0.7332204961835371,C,8,,
discovery_engine,102158587_2713791012651064546,2713791012651064546,102158587,271.3791012296916,65.10645467263667,559.0,0.6575313806533813,0.5159043611581658,C,10,,
discovery_engine,102158587_2714932353647956685,2714932353647956685,102158587,271.4932353557834,64.79566858977799,891.0,2.2193520069122314,0.7566980783014794,C,10,,
discovery_engine,102158587_2722135115648424041,2722135115648424041,102158587,272.2135115587099,64.84240418056166,518.0,0.9856993556022644,1.4181293786891809,C,10,,
discovery_engine,102158587_2723283886647835617,2723283886647835617,102158587,272.32838860741083,64.7835617885781,2204.0,6.042192459106445,0.7545448680426499,C,10,,
discovery_engine,102158588_2724339997649611002,2724339997649611002,102158588,272.43399979102776,64.96110024010527,1137.0,2.243536949157715,0.6915736532709735,C,10,,
discovery_engine,102158588_2725456033648568864,2725456033648568864,102158588,272.5456033224914,64.85688644365084,1836.0,3.6503193378448486,0.6852995448981034,C,10,,
discovery_engine,102158588_2726057152649094867,2726057152649094867,102158588,272.60571525114045,64.90948678260845,384.0,0.9166308045387268,1.0315872696441648,C,9,,
discovery_engine,102158588_2729952558650396278,2729952558650396278,102158588,272.9952558496476,65.0396278003182,600.0,0.9503813982009888,1.1012882135190063,C,10,,
discovery_engine,102158588_2730711937650971562,2730711937650971562,102158588,273.0711937122832,65.0971562504116,1111.0,3.439827680587769,1.1453894703550431,C,10,,
discovery_engine,102158588_2731029503648712521,2731029503648712521,102158588,273.1029503814923,64.87125217011916,315.0,1.6890913248062134,0.7207046682796822,C,10,,
discovery_engine,102158588_2732781131648919625,2732781131648919625,102158588,273.27811318033326,64.89196250827327,912.0,4.166035175323486,0.5966487842785277,C,10,,
discovery_engine,102158588_2733245445650036972,2733245445650036972,102158588,273.3245445437747,65.00369729909544,3694.0,5.262092113494873,0.785899365989533,C,10,,
discovery_engine,102158588_2733783515650048924,2733783515650048924,102158588,273.37835153151167,65.00489245038712,4842.0,7.51511812210083,1.1796518576430894,C,10,,
discovery_engine,102158589_2736070744647816848,2736070744647816848,102158589,273.60707444033466,64.78168480290192,595.0,0.9820826053619384,1.0012882135190062,C,10,,
discovery_engine,102158589_2738549174648330730,2738549174648330730,102158589,273.8549174651233,64.83307303401618,535.0,1.0934900045394895,1.171469706428287,C,8,,
discovery_engine,102158589_2738592709648339236,2738592709648339236,102158589,273.8592709214204,64.8339236692911,2273.0,3.568880558013916,2.0181234906125023,A,10,,
discovery_engine,102158589_2744546452650772802,2744546452650772802,102158589,274.45464529067243,65.07728020119745,716.0,1.821555137634277,0.508083498915117,C,10,,
discovery_engine,102158589_2744568849651754043,2744568849651754043,102158589,274.45688499444947,65.17540439711732,16716.0,18.871057510375977,2.3982389237973414,A,10,,
discovery_engine,102158589_2744607815651760624,2744607815651760624,102158589,274.46078151981294,65.17606245864386,4695.0,5.161646366119385,2.3315872696441646,A,9,,
discovery_engine,102158589_2746220626650723926,2746220626650723926,102158589,274.62206264225136,65.07239265507404,417.0,1.2014755010604858,0.9594765099627572,C,10,,
discovery_engine,102158590_2749972211650622428,2749972211650622428,102158590,274.99722117943384,65.06224281149053,305.0,0.9939180612564088,1.3651251070789117,C,10,,
discovery_engine,102158590_2751102237648287695,2751102237648287695,102158590,275.1102237524699,64.8287695823032,384.0,1.4244989156723022,1.6468176130644134,B,8,,
discovery_engine,102158590_2753533120651175476,2753533120651175476,102158590,275.35331206953373,65.11754769105387,651.0,0.7349385619163513,0.8322945772301303,C,11,,
discovery_engine,102158590_2755779933650642467,2755779933650642467,102158590,275.5779933217906,65.0642467250097,2404.0,5.443665027618408,0.7825307735007618,C,10,,
discovery_engine,102158590_2757798040649612793,2757798040649612793,102158590,275.77980402461776,64.96127937728593,6564.0,10.536009788513184,1.0288842878186335,C,9,,
discovery_engine,102158590_2758066062650843967,2758066062650843967,102158590,275.8066062674231,65.084396763564,2014.0,6.803145408630371,1.2523992360847085,C,11,,
discovery_engine,102158590_2758134942651174253,2758134942651174253,102158590,275.8134942182329,65.117425315732,3195.0,6.062684059143066,1.3966487842785278,C,10,,
discovery_engine,102158885_2630694967656593683,2630694967656593683,102158885,263.0694967925958,65.6593683690869,818.0,2.8353517055511475,1.337173503190296,C,10,,
discovery_engine,102158885_2631975188656022964,2631975188656022964,102158885,263.19751881131816,65.60229648001264,1769.0,2.934652328491211,1.6965965239492211,B,10,,
discovery_engine,102158885_2631991726655800261,2631991726655800261,102158885,263.19917264584524,65.58002618491464,406.0,0.9692638516426086,0.7442814828449517,C,10,,
discovery_engine,102158886_2633443612655444744,2633443612655444744,102158886,263.34436123445795,65.54447443773961,506.0,1.5522077083587646,1.4362171194467304,C,9,,
discovery_engine,102158886_2633637103654291464,2633637103654291464,102158886,263.36371033788834,65.42914648733041,493.0,1.2573752403259275,0.5625853425794194,C,9,,
discovery_engine,102158886_2634844253652766955,2634844253652766955,102158886,263.4844253996918,65.27669559359313,619.0,0.8116331100463867,0.5538815892922396,C,10,,
discovery_engine,102158886_2635714167653280496,2635714167653280496,102158886,263.571416757954,65.32804967556233,3820.0,5.551707267761231,1.246293869677486,C,10,,
discovery_engine,102158886_2638190875655383066,2638190875655383066,102158886,263.81908755691234,65.53830669844908,318.0,1.4639036655426023,1.3875859104092187,C,9,,
discovery_engine,102158886_2638243781653944844,2638243781653944844,102158886,263.82437818107155,65.3944844535988,365.0,2.3126261234283447,1.091470567903917,C,10,,
discovery_engine,102158886_2639177106655662295,2639177106655662295,102158886,263.91771063364934,65.56622958964608,1536.0,4.888686656951904,1.1319197060311603,C,10,,
discovery_engine,102158886_2639435029654444688,2639435029654444688,102158886,263.94350297708223,65.44446888180101,551.0,1.8050271272659304,1.3146589786681724,C,10,,
discovery_engine,102158886_2639435536653600933,2639435536653600933,102158886,263.94355360158056,65.3600933406733,4167.0,10.11884307861328,1.9904476018845572,B,10,,
discovery_engine,102158886_2641867744653343162,2641867744653343162,102158886,264.1867744091848,65.33431624987132,907.0,1.6117396354675293,2.139331050574513,A,10,,
discovery_engine,102158886_2643546356654992684,2643546356654992684,102158886,264.3546356664112,65.4992684242719,1905.0,5.363055229187012,0.7584446641419796,C,10,,
discovery_engine,102158887_2645433309656170404,2645433309656170404,102158887,264.5433309754188,65.61704042999969,1019.0,1.5784374475479126,0.8691546936583399,C,10,,
discovery_engine,102158887_2646461630654930628,2646461630654930628,102158887,264.64616303287295,65.49306284930077,3639.0,10.094295501708984,3.1212795124218915,A,20,,
discovery_engine,102158887_2646505563654031455,2646505563654031455,102158887,264.65055632480727,65.40314557305086,344.0,1.1290183067321775,1.1997893575158072,C,9,,
discovery_engine,102158887_2648223419654261880,2648223419654261880,102158887,264.8223419828193,65.42618803638058,1259.0,2.4566516876220703,2.370515510782917,A,10,,
discovery_engine,102158887_2648451021656423504,2648451021656423504,102158887,264.84510210156674,65.64235043772936,1119.0,7.824073314666748,0.9347322733593574,C,10,,
discovery_engine,102158887_2648480950656002589,2648480950656002589,102158887,264.8480950506216,65.60025895897401,847.0,1.4412716627120972,0.9119110166882928,C,10,,
discovery_engine,102158887_2648546977656742591,2648546977656742591,102158887,264.8546977730832,65.67425914258796,611.0,1.4763685464859009,0.8442814828449515,C,10,,
discovery_engine,102158887_2650227433653831334,2650227433653831334,102158887,265.022743321699,65.38313348329434,1813.0,3.432509183883667,0.8388368219813268,C,10,,
discovery_engine,102158887_2650264794652970851,2650264794652970851,102158887,265.02647944746604,65.29708515556413,1656.0,6.098460674285889,0.613910711971914,C,10,,
discovery_engine,102158887_2651714354654861084,2651714354654861084,102158887,265.17143541344655,65.48610840340662,2633.0,6.087773323059082,2.6913275943922423,A,9,,
discovery_engine,102158887_2652607272654619529,2652607272654619529,102158887,265.2607272621356,65.46195298024517,1520.0,4.711942195892334,1.056378669344991,C,10,,
discovery_engine,102158887_2653714387653234848,2653714387653234848,102158887,265.37143870905203,65.32348483906226,1316.0,7.634405136108398,0.5442814828449516,C,10,,
discovery_engine,102158887_2654129070655512593,2654129070655512593,102158887,265.41290700547484,65.55125935194354,1566.0,6.768959999084473,2.240542095679068,A,10,,
discovery_engine,102158887_2655306065654633189,2655306065654633189,102158887,265.5306065631984,65.46331893363914,472.0,2.491140365600586,2.8139662184810974,A,10,,
discovery_engine,102158887_2655528906655835262,2655528906655835262,102158887,265.55289065640727,65.5835262260394,963.0,4.570631980895996,2.2424899400590936,A,10,,
discovery_engine,102158888_2656360749657251471,2656360749657251471,102158888,265.63607495581874,65.72514719610223,1183.0,2.2619941234588623,1.0319197060311605,C,10,,
discovery_engine,102158888_2656629810656238581,2656629810656238581,102158888,265.6629810560244,65.62385814287734,846.0,5.103316783905029,0.6319197060311605,C,10,,
discovery_engine,102158888_2657149384653125164,2657149384653125164,102158888,265.71493843701336,65.31251642135264,904.0,2.123335599899292,0.6752805697953519,C,10,,
discovery_engine,102158888_2657819747657129186,2657819747657129186,102158888,265.78197471779185,65.71291865956003,9109.0,21.5020694732666,1.744281482844951,B,10,,
discovery_engine,102158888_2659467460657407372,2659467460657407372,102158888,265.9467460193917,65.7407372719755,2701.0,8.38614273071289,1.64536294615166,B,10,,
discovery_engine,102158888_2659753895653871052,2659753895653871052,102158888,265.9753895280555,65.38710523882253,1237.0,1.5272148847579956,1.518129378689181,B,10,,
discovery_engine,102158888_2660587195654988663,2660587195654988663,102158888,266.0587195420248,65.49886630385154,10072.0,15.13419246673584,1.0719418821674882,C,10,,
discovery_engine,102158888_2662725929654667784,2662725929654667784,102158888,266.2725929582737,65.4667784284087,1064.0,4.514050483703613,0.8156011011037183,C,10,,
discovery_engine,102158888_2665903102652542540,2665903102652542540,102158888,266.59031025847577,65.25425407992556,641.0,4.420199394226074,0.8897731716110064,C,9,,
discovery_engine,102158888_2666127505654253183,2666127505654253183,102158888,266.61275057357886,65.42531835553343,266.0,2.669220447540283,0.8664560241824737,C,9,,
discovery_engine,102158888_2666352359653343604,2666352359653343604,102158888,266.6352359529673,65.33436044717372,913.0,1.2253497838974,0.8884991139493881,C,10,,
discovery_engine,102158888_2667434443654461269,2667434443654461269,102158888,266.7434443925532,65.44612692321355,1423.0,3.0127711296081543,3.0608281996390545,A,13,,Rojas et al 2025
discovery_engine,102158888_2667598212656664956,2667598212656664956,102158888,266.75982124560363,65.66649567484197,1250.0,3.631490230560303,0.7058013736086138,C,10,,
discovery_engine,102158889_2668443415653707960,2668443415653707960,102158889,266.8443415141928,65.37079608035918,348.0,2.5941786766052246,1.8576461772541493,B,8,,
discovery_engine,102158889_2668788901653963879,2668788901653963879,102158889,266.8788901091584,65.39638790081199,1020.0,3.148359775543213,0.7976760677210045,C,11,,
discovery_engine,102158889_2668840030656697877,2668840030656697877,102158889,266.8840030421217,65.66978773904577,505.0,1.064409613609314,0.712646573764857,C,10,,
discovery_engine,102158889_2669765455655642613,2669765455655642613,102158889,266.97654555756355,65.56426131732789,429.0,1.9656909704208367,0.6319197060311605,C,10,,
discovery_engine,102158889_2671823434655725219,2671823434655725219,102158889,267.18234341549777,65.57252192871321,1837.0,5.5752854347229,0.5566980783014794,C,10,,
discovery_engine,102158889_2673032728653818116,2673032728653818116,102158889,267.3032728361319,65.3818116543117,369.0,1.6200499534606934,0.6319197060311607,C,10,,
discovery_engine,102158889_2674118174654422285,2674118174654422285,102158889,267.4118174099874,65.44222856535436,1575.0,5.577180862426758,2.22616948092307,A,10,,
discovery_engine,102158889_2675083637653327123,2675083637653327123,102158889,267.50836371023115,65.33271238082844,355.0,1.7080389261245728,0.5035763308885226,C,8,,
discovery_engine,102158889_2677513196654042333,2677513196654042333,102158889,267.75131966132767,65.40423333049316,3002.0,6.873414993286133,1.088678246404696,C,9,,
discovery_engine,102158889_2677617925656981314,2677617925656981314,102158889,267.7617925463183,65.69813141666594,6567.0,11.84372329711914,0.847112875092731,C,10,,
discovery_engine,102158889_2677624236654538082,2677624236654538082,102158889,267.762423658248,65.45380829154423,2443.0,4.006954193115234,2.988088000559918,A,17,,Rojas et al 2025
discovery_engine,102158889_2677656329657413815,2677656329657413815,102158889,267.7656329767335,65.74138154216472,857.0,1.4522074460983276,0.6183999390411248,C,10,,
discovery_engine,102158889_2677813028655307424,2677813028655307424,102158889,267.78130284070573,65.53074243100221,710965.0,502.5527648925781,3.120170981573215,A,10,NGC6505,Riordan et al 2025
discovery_engine,102158889_2677870860657015612,2677870860657015612,102158889,267.78708602252647,65.7015612907136,6304.0,15.786476135253906,1.1101882891410526,C,9,,
discovery_engine,102158890_2680102426653109132,2680102426653109132,102158890,268.01024269914507,65.31091328269127,398.0,1.309406042098999,1.0133767445265285,C,10,,
discovery_engine,102158890_2680242082656735280,2680242082656735280,102158890,268.024208255704,65.6735280308199,2982.0,6.66685152053833,1.6306334887746228,B,9,,Pearson et al in prep (GZ Cosmic Dawn)
discovery_engine,102158890_2682416085653414140,2682416085653414140,102158890,268.2416085654731,65.34141404087579,582.0,1.2048749923706057,1.2718176130644134,C,8,,
discovery_engine,102158890_2683357136652678772,2683357136652678772,102158890,268.3357136809144,65.26787725606941,600.0,2.015873908996582,2.520704668279682,A,10,edge-on,
discovery_engine,102158891_2695572104652837533,2695572104652837533,102158891,269.5572104418369,65.28375335366,734.0,2.2408039569854736,1.096283065648314,C,9,,
discovery_engine,102158891_2695961403655036750,2695961403655036750,102158891,269.59614037712146,65.50367505814947,698.0,2.251554489135742,0.7319197060311606,C,10,,
discovery_engine,102158891_2697945867654006892,2697945867654006892,102158891,269.7945867897509,65.4006892267203,578.0,1.90192449092865,1.1798076191083533,C,10,,
discovery_engine,102158891_2698899135652599785,2698899135652599785,102158891,269.8899135840037,65.2599785081468,3722.0,4.775332450866699,2.031587269644165,A,9,,Rojas et al 2025
discovery_engine,102158891_2699695481653039637,2699695481653039637,102158891,269.9695481107585,65.3039637491121,825.0,3.1638195514678955,1.0260367088314744,C,10,,
discovery_engine,102158891_2699896914654311553,2699896914654311553,102158891,269.98969140340046,65.43115534265293,3302.0,6.131415367126465,2.8814404034846364,A,18,,
discovery_engine,102158891_2700857611652676803,2700857611652676803,102158891,270.0857611762812,65.26768037561399,605.0,1.216044783592224,2.7283584708633413,A,10,,
discovery_engine,102158891_2701971872653035695,2701971872653035695,102158891,270.197187279649,65.30356956325488,4050.0,15.243006706237791,0.9442814828449516,C,10,,Rojas et al 2025
discovery_engine,102158892_2703681011657269406,2703681011657269406,102158892,270.368101176438,65.7269406739178,2661.0,3.743750810623169,2.398742785018603,A,10,,
discovery_engine,102158892_2703777048654709706,2703777048654709706,102158892,270.3777048233637,65.47097068059469,3100.0,7.705523490905762,0.6882500925424532,C,10,,
discovery_engine,102158892_2703838311654309323,2703838311654309323,102158892,270.383831154244,65.43093239635579,6437.0,8.63924789428711,1.7363538773658231,B,10,,Pearson et al in prep (GZ Cosmic Dawn)
discovery_engine,102158892_2704207707655346900,2704207707655346900,102158892,270.42077073409786,65.53469002438264,407.0,0.9096840023994446,1.3104652275350532,C,10,,
discovery_engine,102158892_2704470582654415692,2704470582654415692,102158892,270.44705826038404,65.4415692078126,8670.0,18.644102096557617,2.488250092542453,A,10,,
discovery_engine,102158892_2705057544656821165,2705057544656821165,102158892,270.5057544962521,65.68211656364414,458.0,1.140495538711548,1.4239682303932053,C,10,,
discovery_engine,102158892_2706416435656019386,2706416435656019386,102158892,270.6416435959113,65.60193860657397,664.0,2.1330208778381348,0.8393272107546996,C,10,,
discovery_engine,102158892_2707314324656268012,2707314324656268012,102158892,270.7314324547877,65.62680129543786,545.0,2.8053171634674072,1.409554822022248,C,10,,
discovery_engine,102158892_2708664590656004720,2708664590656004720,102158892,270.86645906534375,65.6004720738172,366.0,1.5624059438705444,0.988503344273974,C,10,,
discovery_engine,102158892_2708714763654459305,2708714763654459305,102158892,270.8714763538149,65.44593053251508,225.0,1.3289231061935425,1.0101882891410523,C,9,,
discovery_engine,102158892_2709538335652691584,2709538335652691584,102158892,270.9538335133311,65.2691584625734,3050.0,3.748382806777954,1.2457433156163584,C,10,,
discovery_engine,102158892_2712800474657358672,2712800474657358672,102158892,271.28004742222976,65.73586720157644,1436.0,3.619022846221924,0.9291907536996156,C,9,,
discovery_engine,102158893_2715622043654241467,2715622043654241467,102158893,271.5622043652823,65.42414676764255,529.0,1.1899031400680542,0.6361062908356073,C,10,,
discovery_engine,102158893_2716322187654606327,2716322187654606327,102158893,271.6322187934667,65.4606327166629,743.0,1.4310688972473145,1.04037981936909,C,10,,
discovery_engine,102158893_2718451148653685387,2718451148653685387,102158893,271.84511483300264,65.36853870666421,3144.0,12.820045471191406,0.5319197060311607,C,10,,
discovery_engine,102158893_2718537531655471577,2718537531655471577,102158893,271.8537531803472,65.54715776596166,6479.0,21.98970031738281,0.5008068964359143,C,11,,
discovery_engine,102158893_2719347803657244854,2719347803657244854,102158893,271.9347803724526,65.7244854670406,2178.0,2.8602566719055176,1.6538815892922396,B,10,,
discovery_engine,102158893_2719632403653665006,2719632403653665006,102158893,271.9632403307673,65.36650067986812,308.0,1.14603853225708,1.4442814828449515,C,10,,
discovery_engine,102158893_2719741658654189324,2719741658654189324,102158893,271.974165814184,65.41893248410224,4560.0,14.011418342590332,1.0952800865950416,C,9,,
discovery_engine,102158893_2720583810655664894,2720583810655664894,102158893,272.05838105279497,65.5664894900246,1923.0,7.509823799133301,2.8022550206361205,A,14,,
discovery_engine,102158893_2721124372655369555,2721124372655369555,102158893,272.1124372051401,65.53695551984427,784.0,5.336578845977783,0.6319700352988361,C,10,,
discovery_engine,102158893_2725763208654620020,2725763208654620020,102158893,272.5763208440961,65.46200205149746,3560.0,4.954023838043213,0.5086852166893483,C,10,,
discovery_engine,102158894_2727204133655854778,2727204133655854778,102158894,272.7204133736786,65.58547788104437,965.0,1.424264430999756,0.7074940249605481,C,10,,
discovery_engine,102158894_2728669261653554282,2728669261653554282,102158894,272.86692614102776,65.3554282792385,690.0,2.609148979187012,0.9442814828449516,C,10,,
discovery_engine,102158894_2730612507653143373,2730612507653143373,102158894,273.06125079548667,65.31433733285209,14702.0,23.96055793762207,2.831724027563258,A,10,,Rojas et al 2025
discovery_engine,102158894_2730784331653938160,2730784331653938160,102158894,273.0784331992523,65.39381604617724,353.0,1.0630533695220947,0.6198317094479415,C,9,,
discovery_engine,102158894_2731135258656550703,2731135258656550703,102158894,273.11352585193185,65.65507031998351,977.0,2.231111764907837,1.1776299871621017,C,10,,
discovery_engine,102158894_2732104159652921218,2732104159652921218,102158894,273.21041591199406,65.29212183491639,363.0,1.5256000757217407,0.6085596038064395,C,10,,
discovery_engine,102158894_2732811615653780024,2732811615653780024,102158894,273.2811615714012,65.37800248411259,5442.0,10.0460786819458,1.008873742871497,C,9,,
discovery_engine,102158894_2733212462655784384,2733212462655784384,102158894,273.3212462317532,65.57843846636936,4006.0,12.474431037902832,2.118745759406767,A,10,,
discovery_engine,102158894_2734190810654662437,2734190810654662437,102158894,273.41908107288185,65.46624370914466,1225.0,2.744068622589112,0.8887076947303996,C,9,,
discovery_engine,102158894_2737148144656963711,2737148144656963711,102158894,273.7148144184607,65.69637118248029,2608.0,13.81723403930664,0.7030748433547356,C,10,,
discovery_engine,102158894_2738191227656929027,2738191227656929027,102158894,273.819122763427,65.69290277799388,697.0,3.8510234355926514,0.6517862951136771,C,9,,
discovery_engine,102158894_2738651839652514617,2738651839652514617,102158894,273.8651839218568,65.25146170343137,1261.0,5.644850254058838,0.7426374539594051,C,11,,
discovery_engine,102158895_2740771080652799361,2740771080652799361,102158895,274.0771080244986,65.27993615427702,6091.0,14.288643836975098,0.6853498741657789,C,10,,
discovery_engine,102158895_2742358799652607894,2742358799652607894,102158895,274.2358799236823,65.26078941919059,519.0,2.644980192184448,0.7825307735007618,C,10,,
discovery_engine,102158895_2742864460654646580,2742864460654646580,102158895,274.2864460268463,65.4646580014786,318.0,1.298338532447815,0.5656804633480639,C,10,,
discovery_engine,102158895_2743711687656088879,2743711687656088879,102158895,274.37116878145736,65.60888795170064,1891.0,3.248454332351685,0.8861216156540379,C,10,,
discovery_engine,102158895_2745580263655982375,2745580263655982375,102158895,274.5580263721567,65.59823752063036,3236.0,14.955636978149414,0.7764872343802669,C,9,,
discovery_engine,102158895_2747055838653492415,2747055838653492415,102158895,274.70558382737755,65.34924151593188,4855.0,14.555512428283691,1.1175801279704356,C,14,,
discovery_engine,102158895_2747717859656675763,2747717859656675763,102158895,274.77178596261524,65.66757634152474,2750.0,6.480672359466553,0.7486069547190918,C,16,,
discovery_engine,102158895_2749194642653977890,2749194642653977890,102158895,274.9194642291112,65.39778909371488,670.0,1.5857995748519895,0.7348707995980871,C,10,,
discovery_engine,102158895_2749459142654824339,2749459142654824339,102158895,274.9459142377044,65.48243394106994,3599.0,16.522165298461914,0.9561442846884388,C,10,,
discovery_engine,102158896_2751699681655051907,2751699681655051907,102158896,275.169968160899,65.50519075416895,835.0,5.0086517333984375,0.9332994239421092,C,9,,
discovery_engine,102158896_2752149841653729649,2752149841653729649,102158896,275.2149841814818,65.37296492574811,3129.0,7.9564528465271,1.7442814828449518,B,10,,
discovery_engine,102158896_2752645036652374998,2752645036652374998,102158896,275.2645036757121,65.23749986490333,22709.0,28.525161743164062,2.142223974585997,A,10,,
discovery_engine,102158896_2752889644654627869,2752889644654627869,102158896,275.28896442169224,65.46278699610194,4925.0,13.100072860717772,1.0254879951461449,C,11,,
discovery_engine,102158896_2753259104654747327,2753259104654747327,102158896,275.3259104887559,65.4747327087615,801.0,1.8008666038513184,1.0551873969255283,C,10,,
discovery_engine,102158896_2753932087657433468,2753932087657433468,102158896,275.3932087063792,65.74334688765707,2386.0,5.730186939239502,1.1159043611581658,C,10,,
discovery_engine,102158896_2753955585653465085,2753955585653465085,102158896,275.3955585466052,65.34650854459173,2805.0,8.21236515045166,0.8897731716110067,C,9,,
discovery_engine,102158896_2755778332656876880,2755778332656876880,102158896,275.5778332023385,65.68768806282,5468.0,15.399799346923828,2.25388158929224,A,10,edge-on,
discovery_engine,102158896_2756664546654694735,2756664546654694735,102158896,275.6664546329766,65.46947354435169,1159.0,4.014262676239014,0.7823391416020337,C,10,,
discovery_engine,102158896_2756881489656234545,2756881489656234545,102158896,275.68814899345534,65.62345453548319,1787.0,5.077724456787109,0.9538815892922397,C,10,,
discovery_engine,102158896_2759494948653559960,2759494948653559960,102158896,275.94949483817913,65.35599609764981,1629.0,7.984011173248291,0.6062786427306064,C,10,,
discovery_engine,102158896_2759635466654599708,2759635466654599708,102158896,275.96354663810604,65.45997080685525,818.0,2.0465950965881348,0.7395576767416939,C,10,,
discovery_engine,102158896_2759717332653541075,2759717332653541075,102158896,275.97173321950385,65.3541075500284,354.0,1.7852718830108645,1.9517324869845625,B,10,,
discovery_engine,102158896_2759952576654365704,2759952576654365704,102158896,275.9952576497475,65.43657040252394,1315.0,3.16632080078125,0.8607152781045946,C,9,,
discovery_engine,102158896_2760239474652997516,2760239474652997516,102158896,276.023947465575,65.29975167419644,2592.0,1.8370181322097776,0.6175755301258515,C,15,,
discovery_engine,102158896_2760272555655712464,2760272555655712464,102158896,276.0272555248371,65.57124647764964,1072.0,9.050124168395996,1.9451554297921143,B,10,,
discovery_engine,102158896_2760871650654303966,2760871650654303966,102158896,276.0871650825683,65.43039664592615,1282.0,7.11478853225708,0.5348961446575935,C,10,,
discovery_engine,102158896_2760975684657287517,2760975684657287517,102158896,276.0975684684393,65.72875175708243,869.0,4.042119026184082,0.5457433156163584,C,10,,
discovery_engine,102159186_2625065502659556125,2625065502659556125,102159186,262.50655024434434,65.9556125442265,2557.0,9.120389938354492,1.3551873969255284,C,10,,
discovery_engine,102159186_2627329913661096998,2627329913661096998,102159186,262.7329913400828,66.10969980963885,1045.0,2.569615840911865,0.7062786427306064,C,10,,
discovery_engine,102159186_2629675598662133108,2629675598662133108,102159186,262.9675598679062,66.2133108032715,1054.0,1.5383151769638062,0.7151319956710814,C,10,,
discovery_engine,102159186_2629977876661915061,2629977876661915061,102159186,262.9977876706968,66.19150614118641,540.0,1.402014136314392,0.5127478221196836,C,10,,
discovery_engine,102159186_2631794504660304436,2631794504660304436,102159186,263.17945044356406,66.0304436122694,987.0,1.4453750848770142,2.044199868937411,A,10,,
discovery_engine,102159186_2632387939662408264,2632387939662408264,102159186,263.23879390157254,66.24082642257652,1080.0,2.836960554122925,2.1025135243606217,A,20,,
discovery_engine,102159186_2633197037658917560,2633197037658917560,102159186,263.31970374091105,65.89175606262853,613.0,1.286934733390808,0.8897731716110064,C,9,,
discovery_engine,102159186_2634351421657724214,2634351421657724214,102159186,263.43514219303097,65.77242145620238,570.0,0.6395813822746277,0.6559107914287777,C,10,,
discovery_engine,102159187_2635212763661578121,2635212763661578121,102159187,263.5212763727511,66.15781217948697,1359.0,4.818120002746582,0.8882500925424532,C,10,,
discovery_engine,102159187_2637598807657587998,2637598807657587998,102159187,263.7598807612108,65.75879984656575,885.0,1.3812265396118164,0.9622760270567148,C,8,,
discovery_engine,102159187_2637721068659020159,2637721068659020159,102159187,263.7721068660646,65.90201591230128,502.0,1.5242705345153809,0.8690611797448955,C,10,,
discovery_engine,102159187_2638806679660192602,2638806679660192602,102159187,263.8806679557297,66.01926021464115,2281.0,9.086360931396484,1.812744812462904,B,7,,
discovery_engine,102159187_2639230520659765010,2639230520659765010,102159187,263.92305205053293,65.9765010372005,2055.0,3.60012149810791,2.1771075569887124,A,10,,
discovery_engine,102159187_2640522692659514343,2640522692659514343,102159187,264.05226926906533,65.95143431504884,2306.0,6.762277603149414,0.5230585058326993,C,18,,
discovery_engine,102159187_2642811528660074125,2642811528660074125,102159187,264.28115285380323,66.00741252515112,512.0,3.554741859436035,0.5523157074810003,C,10,,
discovery_engine,102159187_2644225869660088418,2644225869660088418,102159187,264.4225869701764,66.0088418868631,375.0,1.4762462377548218,0.856493797216204,C,10,,
discovery_engine,102159187_2645580164662468179,2645580164662468179,102159187,264.55801641779,66.24681799395167,3026.0,4.843444347381592,1.5873829900262677,B,10,,
discovery_engine,102159187_2646315946660730843,2646315946660730843,102159187,264.63159467253274,66.07308438636541,568.0,2.0667049884796143,0.5193606400493656,C,10,,
discovery_engine,102159187_2646504448657919965,2646504448657919965,102159187,264.6504448855512,65.79199651842181,403.0,0.6220789551734924,1.6319197060311603,B,10,,
discovery_engine,102159188_2647534241661308379,2647534241661308379,102159188,264.75342411318275,66.13083796284693,5769.0,12.134381294250488,0.5566980783014794,C,10,,
discovery_engine,102159188_2648129644657905590,2648129644657905590,102159188,264.8129644650276,65.79055900398791,792.0,3.599537372589112,0.7442814828449517,C,10,,
discovery_engine,102159188_2648744583660139425,2648744583660139425,102159188,264.87445834835194,66.01394257403007,697.0,1.313256859779358,0.6886091715346448,C,10,,
discovery_engine,102159188_2649702338662357681,2649702338662357681,102159188,264.97023389516,66.23576813492791,1417.0,4.525668621063232,1.1085304167821748,C,10,,
discovery_engine,102159188_2650916598657763366,2650916598657763366,102159188,265.0916598732804,65.77633663339412,2081.0,9.053472518920898,1.3820204616893348,C,9,,
discovery_engine,102159188_2652763834658560044,2652763834658560044,102159188,265.27638346784005,65.85600442323606,6027.0,20.966339111328125,2.0852995448981035,A,10,complete ring,
discovery_engine,102159188_2655848274659154223,2655848274659154223,102159188,265.5848274710976,65.91542239631126,349.0,1.178677320480347,0.8781298241075881,C,10,,
discovery_engine,102159188_2656470541661180278,2656470541661180278,102159188,265.647054114695,66.1180278452719,554.0,2.9737918376922607,1.184164000040134,C,9,,
discovery_engine,102159189_2658662368660275505,2658662368660275505,102159189,265.8662368793035,66.02755053589486,6089.0,13.694853782653809,0.6441636860778877,C,9,,
discovery_engine,102159189_2660828499662054158,2660828499662054158,102159189,266.0828499232283,66.20541585469901,1984.0,2.4931201934814453,0.8402430614499972,C,9,,
discovery_engine,102159189_2662212405661652948,2662212405661652948,102159189,266.22124055772844,66.16529483416535,463.0,0.5743276476860046,0.5570199887294398,C,10,,
discovery_engine,102159189_2663231466659368059,2663231466659368059,102159189,266.32314660184653,65.93680598259884,1492.0,5.36574125289917,3.0100096536708434,A,15,edge-on,Rojas et al 2025
discovery_engine,102159189_2664883423659424440,2664883423659424440,102159189,266.48834238126096,65.94244402775118,3851.0,6.30776834487915,1.231730330412562,C,17,,Rojas et al 2025
discovery_engine,102159189_2665531940660739428,2665531940660739428,102159189,266.5531940837494,66.07394281736157,844.0,3.017143726348877,1.250824122704803,C,10,,
discovery_engine,102159189_2667307885658289641,2667307885658289641,102159189,266.7307885627306,65.82896415554623,2811.0,9.179171562194824,0.7072614281591824,C,10,,
discovery_engine,102159189_2667596748662187959,2667596748662187959,102159189,266.7596748105514,66.218795975012,1233.0,2.636152029037476,2.4042514700210837,A,19,,
discovery_engine,102159189_2667621594658425817,2667621594658425817,102159189,266.7621594260971,65.84258177618031,1501.0,2.567445993423462,1.0887076947303995,C,9,,
discovery_engine,102159189_2669025467660431663,2669025467660431663,102159189,266.9025467474394,66.04316637532862,4065.0,5.551675796508789,1.3825307735007617,C,10,,
discovery_engine,102159189_2669116606659806362,2669116606659806362,102159189,266.9116606222967,65.98063623573434,573.0,4.266890525817871,2.163152185762601,A,10,,
discovery_engine,102159189_2669674055661286334,2669674055661286334,102159189,266.9674055993545,66.12863341360313,827.0,2.2134575843811035,2.244199868937411,A,10,quad,Rojas et al 2025
discovery_engine,102159189_2670264740661969458,2670264740661969458,102159189,267.02647405860614,66.19694583301239,3096.0,6.861963272094727,1.1591265219774674,C,10,,Rojas et al 2025
discovery_engine,102159190_2672257351658785268,2672257351658785268,102159190,267.22573512627173,65.87852682965087,730.0,2.680124998092652,1.085299544898103,C,10,,
discovery_engine,102159190_2674262403661110051,2674262403661110051,102159190,267.42624039386794,66.11100511151837,991.0,2.2667298316955566,0.6030748433547355,C,10,,
discovery_engine,102159190_2676907617661010676,2676907617661010676,102159190,267.6907617288034,66.10106769394946,893.0,2.073909282684326,0.7227533404150678,C,10,,
discovery_engine,102159190_2677222229661197294,2677222229661197294,102159190,267.7222229282561,66.1197294286405,500.0,3.198906660079956,0.6196022501173323,C,9,,
discovery_engine,102159190_2678548089657542455,2678548089657542455,102159190,267.85480894918766,65.75424556517181,1072.0,2.139580488204956,1.1442814828449517,C,10,,
discovery_engine,102159190_2680136665657888295,2680136665657888295,102159190,268.0136665899106,65.78882953480664,6065.0,9.799032211303713,1.0346931896912446,C,10,,
discovery_engine,102159190_2680561975659196523,2680561975659196523,102159190,268.05619754677895,65.91965235328644,3453.0,7.8712992668151855,0.755972920976296,C,19,,
discovery_engine,102159191_2683342191661471471,2683342191661471471,102159191,268.3342191477879,66.14714712381733,479.0,0.8134480118751526,1.5581050924301494,B,10,,
discovery_engine,102159191_2684122335659583531,2684122335659583531,102159191,268.41223350766086,65.95835311784843,668.0,3.192989110946656,0.5467724105841765,C,10,,
discovery_engine,102159191_2686897092659972714,2686897092659972714,102159191,268.68970920939927,65.9972714327098,430.0,0.8467249274253845,1.5072614281591823,B,10,,
discovery_engine,102159191_2687183584657900200,2687183584657900200,102159191,268.7183584343036,65.7900200420844,1555.0,9.56178379058838,0.7773871030433794,C,10,,
discovery_engine,102159191_2687214852658088573,2687214852658088573,102159191,268.7214852977211,65.8088573616498,9682.0,10.450819969177246,0.921885430359614,C,10,,
discovery_engine,102159191_2688559950659263232,2688559950659263232,102159191,268.8559950583659,65.92632323476188,617.0,0.9103975892066956,0.5293732802989406,C,10,,
discovery_engine,102159191_2691378586657925024,2691378586657925024,102159191,269.1378586725578,65.79250244490284,569.0,1.2284870147705078,0.6719941424967946,C,10,,
discovery_engine,102159191_2691530145662173033,2691530145662173033,102159191,269.15301459580394,66.21730334309584,1254.0,3.953449487686157,0.5854838128766535,C,11,,
discovery_engine,102159191_2691532629662288078,2691532629662288078,102159191,269.1532629624124,66.22880782275317,3171.0,12.555815696716309,0.8858993659895331,C,10,,
discovery_engine,102159192_2695197869661844158,2695197869661844158,102159192,269.5197869860399,66.18441585056613,563.0,1.550832986831665,2.0228008884342983,A,10,,Rojas et al 2025
discovery_engine,102159192_2696391125658047080,2696391125658047080,102159192,269.639112520517,65.80470800089167,534.0,3.184725761413574,0.7101882891410526,C,9,,
discovery_engine,102159192_2698553108657820483,2698553108657820483,102159192,269.85531089451314,65.78204839509542,708.0,2.5077524185180664,0.5072614281591823,C,10,,
discovery_engine,102159192_2699004780662092340,2699004780662092340,102159192,269.9004780925334,66.2092340860312,1913.0,6.0742058753967285,2.75219104188914,A,10,,
discovery_engine,102159192_2700068627658889119,2700068627658889119,102159192,270.0068627720822,65.88891190927127,3095.0,4.547561168670654,0.8104652275350531,C,10,,Rojas et al 2025
discovery_engine,102159192_2700731985662054551,2700731985662054551,102159192,270.0731985924356,66.20545516675229,3644.0,5.440451622009277,0.7294800763567899,C,17,,Pearson et al in prep (GZ Cosmic Dawn)
discovery_engine,102159192_2701240139658625250,2701240139658625250,102159192,270.1240139158444,65.86252509028083,3367.0,5.33726167678833,0.8442814828449515,C,10,,
discovery_engine,102159192_2704698077659154166,2704698077659154166,102159192,270.46980775235585,65.91541666896089,7067.0,16.758588790893555,1.113910711971914,C,10,,Rojas et al 2025
discovery_engine,102159193_2707691350660866121,2707691350660866121,102159193,270.76913503153025,66.0866121305588,3028.0,6.8643317222595215,0.7930095203737045,C,10,,
discovery_engine,102159193_2708098080659054193,2708098080659054193,102159193,270.80980808871755,65.90541939255482,1353.0,3.2421658039093018,0.9223935098615323,C,9,,
discovery_engine,102159193_2708430518658230140,2708430518658230140,102159193,270.8430518992586,65.82301404701843,8282.0,14.615853309631348,0.696871453160105,C,21,,
discovery_engine,102159193_2709160432660459052,2709160432660459052,102159193,270.9160432741581,66.0459052507934,15062.0,17.94298553466797,0.7030748433547356,C,10,,
discovery_engine,102159193_2709220832662190378,2709220832662190378,102159193,270.922083218344,66.21903780952944,410.0,2.081834077835083,0.6536017173240476,C,10,,
discovery_engine,102159193_2709229125660833136,2709229125660833136,102159193,270.92291251906494,66.08331360079913,6416.0,21.480018615722656,0.9149714036347836,C,10,,
discovery_engine,102159193_2710780471658635618,2710780471658635618,102159193,271.0780471491921,65.86356188705734,792.0,1.4709392786026,1.2921938471907055,C,10,,
discovery_engine,102159194_2720182368661063858,2720182368661063858,102159194,272.018236858689,66.10638585368493,363.0,1.2053929567337036,0.5825307735007618,C,10,,
discovery_engine,102159194_2720218468661752478,2720218468661752478,102159194,272.0218468258914,66.17524782067571,2342.0,1.1342265605926514,1.498375207363686,C,10,,
discovery_engine,102159194_2723464956661228420,2723464956661228420,102159194,272.3464956503574,66.12284205652554,666.0,3.1222734451293945,2.591399263450381,A,9,,
discovery_engine,102159194_2725065332659081576,2725065332659081576,102159194,272.50653327881685,65.90815766087438,747.0,3.703354358673096,0.6190492503235536,C,10,,
discovery_engine,102159194_2725912970657915590,2725912970657915590,102159194,272.5912970235865,65.79155908257874,1674.0,4.993740081787109,0.7703103131506291,C,10,,
discovery_engine,102159194_2727710312660809859,2727710312660809859,102159194,272.771031258172,66.08098592050754,876.0,1.5905797481536863,0.8747398561323638,C,9,,
discovery_engine,102159194_2729143668660171612,2729143668660171612,102159194,272.91436685295474,66.01716125445085,559.0,2.107463836669922,0.7101882891410526,C,9,,
discovery_engine,102159195_2734094103661424333,2734094103661424333,102159195,273.4094103263643,66.14243336619603,2279.0,7.314037799835205,2.033390216176136,A,20,,
discovery_engine,102159195_2734906221662009456,2734906221662009456,102159195,273.49062215332924,66.20094562511777,1160.0,2.7707760334014893,0.8626312489464265,C,10,,
discovery_engine,102159195_2735895687661762528,2735895687661762528,102159195,273.58956876922434,66.176252888773,1468.0,3.2901735305786133,0.9682694152877768,C,19,,
discovery_engine,102159195_2739926897659828555,2739926897659828555,102159195,273.99268971961067,65.98285556470962,497.0,1.2321139574050903,0.9393272107546996,C,10,,
discovery_engine,102159195_2741452339657603258,2741452339657603258,102159195,274.1452339982016,65.7603258538678,635.0,1.6407411098480225,0.9385814115223972,C,10,,
discovery_engine,102159195_2742963716660507012,2742963716660507012,102159195,274.2963716241523,66.05070126528864,3785.0,10.310425758361816,0.5716068530154653,C,10,,
discovery_engine,102159196_2745555812657916819,2745555812657916819,102159196,274.5555812252928,65.79168196503805,1446.0,4.855266094207764,0.9151319956710816,C,10,,
discovery_engine,102159196_2746379606658382150,2746379606658382150,102159196,274.63796066689326,65.83821506384315,2339.0,6.205809593200684,1.0487461016321034,C,9,,
discovery_engine,102159196_2746582293658497411,2746582293658497411,102159196,274.6582293065188,65.84974119493272,742.0,1.429416537284851,1.0429418123092633,C,11,,
discovery_engine,102159196_2750209178658155394,2750209178658155394,102159196,275.02091783914415,65.81553944858133,2185.0,3.5333173274993896,0.6361062908356073,C,10,,
discovery_engine,102159196_2750501045660009778,2750501045660009778,102159196,275.0501045526839,66.00097784468164,1076.0,1.6292260885238647,1.4381299095040163,C,9,,
discovery_engine,102159196_2750719383660442039,2750719383660442039,102159196,275.0719383791194,66.04420394490067,448.0,0.7808570861816406,2.046079810747316,A,10,,
discovery_engine,102159197_2758626130661770946,2758626130661770946,102159197,275.86261307502593,66.17709460267002,4462.0,11.86655330657959,1.644299516022125,B,15,,
discovery_engine,102159481_2628710693667107790,2628710693667107790,102159481,262.8710693395685,66.71077906507058,453.0,2.593268156051636,0.585349874165779,C,10,,
discovery_engine,102159481_2633436585662965140,2633436585662965140,102159481,263.3436585139581,66.29651407884053,393.0,2.295138120651245,0.9525075718159896,C,10,,
discovery_engine,102159481_2634849207665073829,2634849207665073829,102159481,263.48492071150446,66.50738290801786,681.0,2.4752376079559326,2.291769463209707,A,10,complete ring,
discovery_engine,102159481_2635212626663669301,2635212626663669301,102159481,263.5212626724271,66.36693014159633,8216.0,3.749455451965332,2.1702888687990542,A,10,quad,
discovery_engine,102159481_2635672550665304144,2635672550665304144,102159481,263.5672550784736,66.53041448208228,1730.0,3.638091802597046,0.7442814828449515,C,10,,
discovery_engine,102159481_2636582462663202718,2636582462663202718,102159481,263.658246275695,66.32027187335544,860.0,2.568676471710205,1.3442814828449516,C,10,,
discovery_engine,102159482_2641112805667380583,2641112805667380583,102159482,264.1112805902549,66.738058374639,1072.0,2.7901599407196045,0.6104652275350532,C,10,,
discovery_engine,102159482_2642187265662870019,2642187265662870019,102159482,264.2187265387634,66.28700190849396,2399.0,4.328581809997559,0.8615838994447711,C,18,,
discovery_engine,102159482_2642474434666614156,2642474434666614156,102159482,264.24744342726655,66.66141563469942,522.0,2.245236396789551,1.585299544898103,B,10,,
discovery_engine,102159482_2646034009664244554,2646034009664244554,102159482,264.6034009625877,66.42445541278079,651.0,1.946666955947876,0.6735663386933038,C,8,,
discovery_engine,102159482_2648340376663185161,2648340376663185161,102159482,264.8340376983689,66.31851610160858,299.0,1.5121948719024658,1.2631521857626014,C,10,,
discovery_engine,102159483_2649609676663872881,2649609676663872881,102159483,264.96096768812345,66.38728810952757,1042.0,5.028299331665039,1.486423038440858,C,10,,
discovery_engine,102159483_2651119819662770276,2651119819662770276,102159483,265.1119819328292,66.27702765474245,2743.0,6.366580009460449,0.5030748433547356,C,10,,
discovery_engine,102159483_2656109274664952173,2656109274664952173,102159483,265.61092745084807,66.49521730934592,1153.0,2.029364109039306,0.5798076191083533,C,10,,
discovery_engine,102159483_2656785447666330198,2656785447666330198,102159483,265.6785447682027,66.63301987810804,215.0,1.549657106399536,1.0893539103135272,C,10,,
discovery_engine,102159483_2656881409664081402,2656881409664081402,102159483,265.6881409385637,66.40814022899818,439.0,1.2707252502441406,0.5440705388008986,C,14,,
discovery_engine,102159483_2659872799666371332,2659872799666371332,102159483,265.987279945432,66.63713320694595,30042.0,30.985912322998047,2.565680463348064,A,10,,
discovery_engine,102159484_2662106618662513055,2662106618662513055,102159484,266.2106618513316,66.25130553641756,316.0,2.3364133834838867,0.6019978815747445,C,10,,
discovery_engine,102159484_2663190959666793114,2663190959666793114,102159484,266.31909599320926,66.67931148084118,663.0,1.528107762336731,2.131651980404889,A,9,,
discovery_engine,102159484_2663252705665091145,2663252705665091145,102159484,266.32527059048783,66.5091145750281,434.0,3.780728101730346,1.310900468626918,C,9,,
discovery_engine,102159484_2665369897666631529,2665369897666631529,102159484,266.536989704698,66.66315298620171,2913.0,5.847357273101807,0.5072614281591824,C,10,,
discovery_engine,102159484_2665581065664778853,2665581065664778853,102159484,266.55810653587696,66.47788537074143,1667.0,3.668711185455322,1.7790282484690478,B,9,,Rojas et al 2025
discovery_engine,102159484_2666605005665652449,2666605005665652449,102159484,266.660500517051,66.56524490107083,679.0,4.175774574279785,0.916679067098154,C,9,,
discovery_engine,102159484_2669178270666305940,2669178270666305940,102159484,266.9178270139711,66.63059402966819,748.0,4.368341445922852,0.5631521857626014,C,10,,
discovery_engine,102159484_2671260031663410363,2671260031663410363,102159484,267.1260031247856,66.34103633171318,337.0,1.0586590766906738,0.9874338977437268,C,10,,
discovery_engine,102159484_2672869558665589951,2672869558665589951,102159484,267.2869558600101,66.55899513814343,622.0,3.299316883087158,1.245914709384324,C,9,,
discovery_engine,102159485_2678219217666605830,2678219217666605830,102159485,267.82192173342406,66.66058301163098,320.0,1.1812124252319336,0.7682181714352572,C,9,,
discovery_engine,102159485_2679947150664076983,2679947150664076983,102159485,267.9947150814267,66.40769832077444,1947.0,7.854431629180908,0.6581050924301494,C,10,,
discovery_engine,102159485_2680792814667089014,2680792814667089014,102159485,268.0792814181537,66.70890146675926,1448.0,5.7762837409973145,0.5321007729842064,C,10,,
discovery_engine,102159485_2680932712664697516,2680932712664697516,102159485,268.093271296963,66.46975163883475,923.0,4.564446926116943,1.5331226908491404,B,9,,
discovery_engine,102159485_2681289316665353959,2681289316665353959,102159485,268.1289316574225,66.53539596729244,4147.0,8.681904792785645,1.6101882891410526,B,9,,
discovery_engine,102159485_2684110894663784721,2684110894663784721,102159485,268.41108944985416,66.37847219340172,5362.0,14.860269546508787,0.9747703907330216,C,9,,
discovery_engine,102159486_2687285005662700452,2687285005662700452,102159486,268.72850057447783,66.27004520357782,1365.0,3.1056151390075684,0.5073986993342446,C,12,,
discovery_engine,102159486_2687387797663911328,2687387797663911328,102159486,268.7387797106231,66.39113288447253,854.0,1.744270086288452,0.7504584040745893,C,9,,
discovery_engine,102159486_2687878697665278175,2687878697665278175,102159486,268.78786973049387,66.52781753130482,594.0,3.0267248153686523,0.875280569795352,C,10,,
discovery_engine,102159486_2688002734663956069,2688002734663956069,102159486,268.80027342443464,66.39560694569413,381.0,1.2755976915359497,0.6104652275350532,C,10,,
discovery_engine,102159486_2688402504666583967,2688402504666583967,102159486,268.840250477141,66.65839674869703,386.0,1.1369826793670654,1.0361062908356071,C,10,,
discovery_engine,102159486_2689426699665002477,2689426699665002477,102159486,268.94266994835846,66.50024773949407,1055.0,4.653661251068115,0.5218176130644135,C,8,,
discovery_engine,102159486_2689454589663308985,2689454589663308985,102159486,268.945458985677,66.33089855777907,1234.0,5.01836633682251,0.7260231492114322,C,10,,
discovery_engine,102159486_2691200739666476860,2691200739666476860,102159486,269.1200739576987,66.64768602598777,1332.0,3.651273727416992,2.0040044523993514,A,11,,Pearson et al in prep (GZ Cosmic Dawn)
discovery_engine,102159486_2691401316663846892,2691401316663846892,102159486,269.14013160547006,66.38468926649463,5238.0,13.34251880645752,1.0504013375363652,C,11,,Rojas et al 2025
discovery_engine,102159486_2693437101666320849,2693437101666320849,102159486,269.343710179718,66.63208491803287,214.0,1.7545716762542725,0.9101882891410524,C,9,,
discovery_engine,102159486_2693955308663390132,2693955308663390132,102159486,269.39553081907,66.33901321500124,2778.0,14.157510757446287,1.0606428005173427,C,9,,
discovery_engine,102159486_2694152770663300508,2694152770663300508,102159486,269.415277055399,66.33005082533884,844.0,2.0342142581939697,0.6642883314001145,C,10,,
discovery_engine,102159486_2695397736666928563,2695397736666928563,102159486,269.5397736070413,66.69285635133348,5924.0,14.296102523803713,2.344281482844951,A,10,,
discovery_engine,102159486_2695742579667159067,2695742579667159067,102159486,269.57425792914387,66.71590670202212,801.0,2.8174712657928467,0.6442814828449516,C,10,,
discovery_engine,102159487_2700334150665531882,2700334150665531882,102159487,270.033415089727,66.55318828255838,811.0,1.0756785869598389,1.0972195878713968,C,10,,Pearson et al in prep (GZ Cosmic Dawn)
discovery_engine,102159487_2702648437664620342,2702648437664620342,102159487,270.264843798001,66.46203422228521,1837.0,3.2560601234436035,2.382530773500762,A,10,,Rojas et al 2025
discovery_engine,102159487_2703413088666550508,2703413088666550508,102159487,270.34130887532933,66.65505089145721,392.0,1.20345139503479,0.7330609507962572,C,10,,
discovery_engine,102159487_2703462136666104849,2703462136666104849,102159487,270.3462136256399,66.61048490707853,552.0,2.1254053115844727,1.2852995448981033,C,10,,
discovery_engine,102159487_2705250978663539248,2705250978663539248,102159487,270.525097836274,66.35392482164016,2377.0,8.374044418334961,0.6051724512017691,C,10,,
discovery_engine,102159487_2706682050664328480,2706682050664328480,102159487,270.66820502045954,66.43284801548677,4060.0,11.572728157043455,0.8024255086017884,C,10,,Rojas et al 2025
discovery_engine,102159487_2707242895666210104,2707242895666210104,102159487,270.7242895124349,66.62101047472808,707.0,0.7904917597770691,0.7553449130713626,C,9,,
discovery_engine,102159487_2707801551665907772,2707801551665907772,102159487,270.7801551525949,66.59077728203911,526.0,1.5918452739715576,0.7223935098615325,C,9,,
discovery_engine,102159487_2708761980663328902,2708761980663328902,102159487,270.8761980829123,66.33289029634406,864.0,2.9121737480163574,0.9947359942212416,C,10,,
discovery_engine,102159487_2709810502664507896,2709810502664507896,102159487,270.98105025431335,66.4507896350975,731.0,5.077225208282471,0.680486462750135,C,10,,
discovery_engine,102159488_2710916367667113757,2710916367667113757,102159488,271.091636783465,66.71137574301339,2219.0,3.583227157592773,0.9852995448981032,C,10,,
discovery_engine,102159488_2711554470664543031,2711554470664543031,102159488,271.15544702340566,66.45430312562245,840.0,1.4847266674041748,1.2104652275350531,C,10,,
discovery_engine,102159488_2713387318663787465,2713387318663787465,102159488,271.3387318041255,66.37874659548034,817.0,2.0201187133789062,0.8442814828449515,C,10,,
discovery_engine,102159488_2713676797664775125,2713676797664775125,102159488,271.36767973190274,66.47751251256692,394.0,1.57830011844635,0.8062786427306063,C,10,,
discovery_engine,102159488_2715904729665064695,2715904729665064695,102159488,271.5904729815268,66.5064695088448,1227.0,2.464298248291016,2.05454486804265,A,10,,Rojas et al 2025
discovery_engine,102159488_2717571775663564534,2717571775663564534,102159488,271.75717754417883,66.3564534849012,567.0,2.630383253097534,2.1207718510140685,A,10,,
discovery_engine,102159488_2718900423665580445,2718900423665580445,102159488,271.8900423740914,66.55804450212028,405.0,0.7127968072891235,1.1261694809230698,C,10,,
discovery_engine,102159488_2719783197667236381,2719783197667236381,102159488,271.9783197596144,66.7236381913696,1111.0,3.0977768898010254,0.6447121647939962,C,10,,
discovery_engine,102159488_2720116052662791759,2720116052662791759,102159488,272.0116052252407,66.27917595265059,722.0,1.5163578987121582,0.5321007729842064,C,10,,
discovery_engine,102159488_2721660958665742075,2721660958665742075,102159488,272.16609586106864,66.57420752437041,1788.0,3.951105356216431,0.6596584815975491,C,10,,
discovery_engine,102159488_2721675492663841067,2721675492663841067,102159488,272.1675492168443,66.38410673982028,721.0,1.7341794967651367,1.0218854303596143,C,10,,Rojas et al 2025
discovery_engine,102159488_2722435416665536395,2722435416665536395,102159488,272.24354164118955,66.55363951992408,3239.0,3.732812166213989,1.2517427248952964,C,10,,
discovery_engine,102159489_2723632848667104286,2723632848667104286,102159489,272.3632848333844,66.710428694376,2020.0,11.667147636413574,0.5331226908491404,C,9,,Pearson et al in prep (GZ Cosmic Dawn)
discovery_engine,102159489_2723706564665709625,2723706564665709625,102159489,272.37065645592014,66.57096258895318,451.0,1.6010286808013916,0.8271028037291062,C,9,,
discovery_engine,102159489_2724356615666513878,2724356615666513878,102159489,272.43566156419445,66.65138783569176,5818.0,15.264087677001951,0.5175819566349009,C,10,,
discovery_engine,102159489_2724545600662816467,2724545600662816467,102159489,272.4545600019229,66.2816467473405,403.0,1.848139762878418,0.9878860663244792,C,9,,
discovery_engine,102159489_2725731664662876609,2725731664662876609,102159489,272.5731664097009,66.28766098258262,429.0,1.391034483909607,1.7934747369074475,B,10,,
discovery_engine,102159489_2726981595665987676,2726981595665987676,102159489,272.698159588393,66.59876761464275,22117.0,34.27315139770508,2.963409310418023,A,9,quad,
discovery_engine,102159489_2728201578663264671,2728201578663264671,102159489,272.8201578460188,66.32646714756937,454.0,1.4372035264968872,1.8101882891410528,B,9,edge-on,
discovery_engine,102159489_2728618705666781319,2728618705666781319,102159489,272.8618705613337,66.67813192843643,532.0,2.272047519683838,0.712313929862372,C,8,,
discovery_engine,102159489_2730705167663624037,2730705167663624037,102159489,273.07051672243847,66.36240377723576,1827.0,4.001795291900635,2.0356237891712774,A,9,,Pearson et al in prep (GZ Cosmic Dawn)
discovery_engine,102159489_2732468826665031436,2732468826665031436,102159489,273.24688260549846,66.50314361080771,404.0,0.8474620580673218,0.7206365521757162,C,9,,
discovery_engine,102159489_2735153870664587731,2735153870664587731,102159489,273.5153870561253,66.4587731771154,807.0,5.422933101654053,0.6731648260121765,C,10,,
discovery_engine,102159490_2735793479663219001,2735793479663219001,102159490,273.57934792667913,66.32190010991758,367.0,1.6513116359710691,0.576506751303729,C,10,,
discovery_engine,102159490_2735907281664403557,2735907281664403557,102159490,273.59072812821495,66.44035574124057,271.0,1.3429158926010132,0.8072614281591823,C,10,,
discovery_engine,102159490_2737537024662786045,2737537024662786045,102159490,273.7537024463943,66.27860457614045,531.0,0.92548930644989,0.8871834314331432,C,8,,
discovery_engine,102159490_2738636080662743042,2738636080662743042,102159490,273.8636080609275,66.2743042858827,1952.0,11.203059196472168,0.5983752073636861,C,10,,
discovery_engine,102159490_2743205364666306983,2743205364666306983,102159490,274.320536439871,66.6306983016616,464.0,1.7611571550369265,1.310900468626918,C,9,,
discovery_engine,102159490_2744893361664602862,2744893361664602862,102159490,274.4893361921933,66.46028624033477,1361.0,7.0057902336120605,1.1030748433547355,C,10,,
discovery_engine,102159490_2745097475664476790,2745097475664476790,102159490,274.50974756208524,66.44767903593001,2465.0,6.672394275665283,0.7362171194467302,C,9,,
discovery_engine,102159490_2746125279667087337,2746125279667087337,102159490,274.61252792254254,66.70873372016605,535.0,1.2677264213562012,1.2793162563230918,C,10,,
discovery_engine,102159490_2746570770664056377,2746570770664056377,102159490,274.657077001204,66.40563775853177,472.0,0.6797366142272949,0.913493434239486,C,10,,
discovery_engine,102159490_2746839414664813080,2746839414664813080,102159490,274.6839414047225,66.48130802746421,807.0,4.487035274505615,0.6784923521058074,C,9,,
discovery_engine,102159491_2748353358663206335,2748353358663206335,102159491,274.8353358782567,66.32063350060866,824.0,3.895146608352661,0.8537337533243667,C,10,,
discovery_engine,102159491_2748533848665527864,2748533848665527864,102159491,274.853384892025,66.55278646197823,879.0,1.7432268857955933,1.372477707186147,C,10,,
discovery_engine,102159491_2749383769666271358,2749383769666271358,102159491,274.93837695415306,66.6271358433024,3406.0,9.433511734008787,0.5175819566349009,C,10,,
discovery_engine,102159491_2750041792665390699,2750041792665390699,102159491,275.00417923236887,66.53906991617394,540.0,1.5863792896270752,1.0088635844369207,C,10,,
discovery_engine,102159491_2750401520665356534,2750401520665356534,102159491,275.0401520762689,66.53565347576068,676.0,1.7359108924865725,1.7553449130713623,B,9,,
discovery_engine,102159491_2750844512664257993,2750844512664257993,102159491,275.0844512045072,66.42579932527879,770.0,2.042734384536743,0.523735350107801,C,10,,
discovery_engine,102159491_2754209539663432568,2754209539663432568,102159491,275.42095392587424,66.34325688672256,1493.0,2.4490609169006348,1.3952800865950414,C,9,,
discovery_engine,102159491_2754998495664697720,2754998495664697720,102159491,275.4998495991057,66.4697720252383,1244.0,4.4674153327941895,0.5029270073868627,C,10,,
discovery_engine,102159491_2755011419663940993,2755011419663940993,102159491,275.5011419637375,66.39409933306753,774.0,3.661071538925171,0.9210942032216292,C,9,,
discovery_engine,102159491_2757401848666955732,2757401848666955732,102159491,275.74018485372426,66.69557325038375,1952.0,3.271547555923462,0.5551873969255282,C,10,,
discovery_engine,102159491_2758162341664766113,2758162341664766113,102159491,275.8162341933964,66.47661137561158,1405.0,2.178749322891236,0.6952407747172131,C,9,,
discovery_engine,102159491_2759377187664442986,2759377187664442986,102159491,275.9377187181359,66.44429869121905,311.0,1.502657175064087,1.5321007729842064,B,10,,
discovery_engine,102159491_2759694439666456837,2759694439666456837,102159491,275.9694439524236,66.64568377824713,11107.0,20.45917510986328,0.8852995448981034,C,10,,
discovery_engine,102159492_2763503362665481671,2763503362665481671,102159492,276.35033624887035,66.54816715405106,820.0,3.8945157527923584,1.0525093695296974,C,10,,
discovery_engine,102159492_2763540383664526211,2763540383664526211,102159492,276.3540383292579,66.45262115817177,8159.0,20.555688858032227,0.6825307735007617,C,10,,
discovery_engine,102159492_2763707929666514857,2763707929666514857,102159492,276.3707929383711,66.65148571427727,1135.0,6.904032707214356,0.7104652275350531,C,10,,
discovery_engine,102159492_2764438788663271367,2764438788663271367,102159492,276.4438788775616,66.32713676778846,1816.0,3.14281702041626,0.8504584040745893,C,9,,
discovery_engine,102159492_2765199213665444646,2765199213665444646,102159492,276.5199213725876,66.54446465743383,402.0,1.3943181037902832,0.7015332380593247,C,10,,
discovery_engine,102159492_2765340214665699861,2765340214665699861,102159492,276.5340214579972,66.56998611078126,490.0,1.1083070039749146,0.6947359942212417,C,10,,
discovery_engine,102159771_2641324179668845569,2641324179668845569,102159771,264.1324179740579,66.88455695755152,703.0,1.3922157287597656,1.1393272107546997,C,10,,
discovery_engine,102159771_2643073721671053537,2643073721671053537,102159771,264.3073721070583,67.10535370647938,4104.0,8.42409610748291,1.9014315713840744,B,10,,
discovery_engine,102159771_2645005552671976577,2645005552671976577,102159771,264.5005552752031,67.19765774687613,1240.0,4.420760154724121,1.485349874165779,C,10,,
discovery_engine,102159771_2645195528669074866,2645195528669074866,102159771,264.5195528461879,66.90748669071384,1247.0,6.967446804046631,1.6139107119719138,B,10,,
discovery_engine,102159771_2646633377668594811,2646633377668594811,102159771,264.6633377458893,66.85948117233264,604.0,1.2647955417633057,0.7940216267056708,C,9,,
discovery_engine,102159771_2649175262672486766,2649175262672486766,102159771,264.9175262944676,67.24867662198734,430.0,1.0283606052398682,0.5039297540038741,C,10,,
discovery_engine,102159771_2649776259672210177,2649776259672210177,102159771,264.97762593914257,67.22101777071072,5793.0,11.575732231140137,0.5319197060311606,C,10,,
discovery_engine,102159772_2654175460669310683,2654175460669310683,102159772,265.4175460040185,66.93106836981772,4017.0,11.774571418762209,0.6887076947303996,C,9,,
discovery_engine,102159772_2654573101671251576,2654573101671251576,102159772,265.4573101116544,67.12515766401812,2506.0,11.224265098571776,2.0674996924193896,A,10,edge-on,
discovery_engine,102159772_2656908462671985495,2656908462671985495,102159772,265.6908462379085,67.1985495744645,2200.0,7.477548599243164,0.6983752073636861,C,10,,
discovery_engine,102159772_2657244795670716163,2657244795670716163,102159772,265.72447956578617,67.07161638988462,4388.0,6.731599807739258,2.665189077620968,A,12,,
discovery_engine,102159772_2657277272667938062,2657277272667938062,102159772,265.7277272589643,66.79380621218434,433.0,0.884486198425293,0.937798789506896,C,10,,
discovery_engine,102159772_2659343143671076882,2659343143671076882,102159772,265.93431432616933,67.10768824498834,2141.0,7.788570880889893,0.8947359942212417,C,10,,
discovery_engine,102159772_2661148440667948302,2661148440667948302,102159772,266.114844094778,66.79483022363966,541.0,3.400485754013061,0.9775671352935849,C,9,,
discovery_engine,102159772_2662094186671478083,2662094186671478083,102159772,266.20941861290214,67.14780835034841,4625.0,8.743864059448242,0.5128419916774406,C,11,,
discovery_engine,102159772_2662187210669371994,2662187210669371994,102159772,266.2187210145421,66.93719945077342,601.0,4.596175193786621,0.5442814828449516,C,10,,
discovery_engine,102159772_2662377857668656609,2662377857668656609,102159772,266.2377857309162,66.86566099451724,839.0,1.6971614360809326,1.0560129507147773,C,9,,
discovery_engine,102159772_2662654897671699728,2662654897671699728,102159772,266.2654897541963,67.16997281564578,468.0,2.9371485710144043,1.6468176130644134,B,8,,
discovery_engine,102159772_2663439159667697074,2663439159667697074,102159772,266.3439159334642,66.76970747640922,369.0,1.954707384109497,1.2300187538655174,C,10,,
discovery_engine,102159772_2663915395672054702,2663915395672054702,102159772,266.39153959025293,67.2054702179247,441.0,1.0820962190628052,0.6588748308150923,C,10,,
discovery_engine,102159773_2665685247669673688,2665685247669673688,102159773,266.5685247816566,66.96736888126956,485.0,0.8157784938812256,1.26441877157888,C,10,,
discovery_engine,102159773_2665740168669675176,2665740168669675176,102159773,266.5740168062443,66.96751765054503,593.0,2.847604274749756,0.5581050924301494,C,10,,
discovery_engine,102159773_2667453027672236220,2667453027672236220,102159773,266.7453027237786,67.22362206283616,395.0,2.110714197158813,0.9825307735007618,C,10,,
discovery_engine,102159773_2671366170672094055,2671366170672094055,102159773,267.13661707775447,67.20940554012809,526.0,2.476460695266724,1.975280569795352,B,10,,
discovery_engine,102159773_2673587684670139046,2673587684670139046,102159773,267.35876841243913,67.01390465172854,555.0,2.260493278503418,0.5166195282613182,C,10,,
discovery_engine,102159773_2674790491668535161,2674790491668535161,102159773,267.4790491863126,66.85351611516987,247.0,1.5639842748641968,1.0012065996114656,C,10,,
discovery_engine,102159773_2675601105667622875,2675601105667622875,102159773,267.5601105199408,66.76228758765498,541.0,1.5677977800369265,0.5270305267486186,C,7,,
discovery_engine,102159773_2677079122669151496,2677079122669151496,102159773,267.70791227786816,66.91514966802278,3149.0,14.19365119934082,3.011351999309541,A,19,complete ring,Rojas et al 2025
discovery_engine,102159774_2677787094671420625,2677787094671420625,102159774,267.7787094659208,67.14206253855214,502.0,4.340712070465088,1.2581050924301491,C,10,,
discovery_engine,102159774_2678548694669125287,2678548694669125287,102159774,267.8548694919159,66.91252879963514,6661.0,10.393908500671388,1.3545864384784083,C,10,,
discovery_engine,102159774_2678593136671543802,2678593136671543802,102159774,267.8593136740733,67.15438028012971,1475.0,3.717115640640259,0.9952800865950416,C,9,,
discovery_engine,102159774_2679050117668654754,2679050117668654754,102159774,267.905011706928,66.86547549551511,763.0,3.094902515411377,0.7227592284917461,C,10,,
discovery_engine,102159774_2680121836672403757,2680121836672403757,102159774,268.01218367653104,67.24037574314656,8383.0,17.488725662231445,0.9642820136597872,C,9,,
discovery_engine,102159774_2681156091670838160,2681156091670838160,102159774,268.1156091991868,67.08381609186887,782.0,3.449007987976074,0.5564398382776732,C,9,,
discovery_engine,102159774_2681955063670621846,2681955063670621846,102159774,268.1955063700677,67.06218466667458,259.0,1.2663112878799438,1.1901061444186762,C,10,,
discovery_engine,102159774_2683742114670440234,2683742114670440234,102159774,268.3742114114274,67.0440234028941,658.0,2.7565009593963623,0.6873829900262678,C,10,,
discovery_engine,102159774_2688519819671376634,2688519819671376634,102159774,268.8519819971212,67.13766344910758,551.0,2.574163913726806,0.8277342873545706,C,10,,
discovery_engine,102159775_2689917571668533073,2689917571668533073,102159775,268.99175718921333,66.85330736125366,403.0,2.836791038513184,0.9560129507147774,C,9,,
discovery_engine,102159775_2693030137669411337,2693030137669411337,102159775,269.30301371803176,66.94113378271017,440.0,1.1846338510513306,0.6721688106089589,C,10,,
discovery_engine,102159775_2693138538670362008,2693138538670362008,102159775,269.3138538097755,67.03620088465269,575.0,1.256616234779358,0.5813130305928733,C,9,,
discovery_engine,102159775_2695271128669987941,2695271128669987941,102159775,269.52711280336115,66.99879417320973,775.0,2.0857937335968018,0.9331458875395378,C,10,,
discovery_engine,102159775_2695307069668674755,2695307069668674755,102159775,269.5307069727372,66.86747550170047,1663.0,7.473403453826904,0.8921420440037624,C,10,,
discovery_engine,102159775_2695823975668621978,2695823975668621978,102159775,269.58239751944024,66.86219788875765,437.0,1.792285680770874,0.5343948267179505,C,10,,
discovery_engine,102159775_2698541360671941534,2698541360671941534,102159775,269.8541360142558,67.19415344043246,320.0,1.1572129726409912,1.2028554575129562,C,9,,
discovery_engine,102159776_2702647786668650898,2702647786668650898,102159776,270.2647786384881,66.86508981165056,751.0,1.3368563652038574,0.6891031653654038,C,10,,
discovery_engine,102159776_2704561749669206409,2704561749669206409,102159776,270.45617495512346,66.92064093402189,346.0,1.3329583406448364,0.576506751303729,C,10,,
discovery_engine,102159776_2705233426671988356,2705233426671988356,102159776,270.5233426618996,67.19883563557676,3208.0,13.889771461486816,0.970288868799054,C,10,,
discovery_engine,102159776_2707047371671953097,2707047371671953097,102159776,270.70473716015675,67.19530976227985,464.0,1.3398712873458862,2.669430797938287,A,10,,
discovery_engine,102159776_2708112577671509698,2708112577671509698,102159776,270.81125771179745,67.15096983061267,8675.0,18.7810001373291,0.7946193045082839,C,10,,
discovery_engine,102159776_2709831432669176733,2709831432669176733,102159776,270.98314326444563,66.91767333254768,391.0,1.476775050163269,0.996283065648314,C,9,,
discovery_engine,102159776_2710572270669925201,2710572270669925201,102159776,271.05722709288324,66.99252017313395,889.0,1.6610939502716064,0.6852995448981034,C,10,,
discovery_engine,102159776_2711105152671273943,2711105152671273943,102159776,271.1105152207921,67.12739437939801,1021.0,4.706940650939941,0.7841509157995084,C,10,,
discovery_engine,102159776_2711220936669189145,2711220936669189145,102159776,271.12209364755324,66.91891459077462,4216.0,7.251193523406982,1.7006372903287688,B,10,,Rojas et al 2025
discovery_engine,102159776_2712224391668606306,2712224391668606306,102159776,271.222439147803,66.86063062682021,550.0,1.6723060607910156,1.1538815892922396,C,10,,
discovery_engine,102159776_2713310447668259151,2713310447668259151,102159776,271.33104475403405,66.82591517614887,746.0,3.2354328632354736,0.5218176130644135,C,8,,
discovery_engine,102159776_2714258099668328507,2714258099668328507,102159776,271.425809924928,66.83285075285441,3118.0,14.541382789611816,1.70091247310188,B,10,,
discovery_engine,102159777_2715997519671682340,2715997519671682340,102159777,271.599751918318,67.1682340794879,548.0,0.9127903580665588,1.0947359942212418,C,10,,
discovery_engine,102159777_2716319161668542331,2716319161668542331,102159777,271.6319161478719,66.85423311849298,520.0,5.504278659820557,2.2574072283301585,A,10,,
discovery_engine,102159777_2718673262669682284,2718673262669682284,102159777,271.86732629247143,66.96822846151996,1519.0,8.792573928833008,1.9851355624051383,B,9,,Pearson et al in prep (GZ Cosmic Dawn)
discovery_engine,102159777_2719272287668551563,2719272287668551563,102159777,271.92722871888265,66.85515633814683,591.0,1.5488625764846802,0.989103165365404,C,10,,
discovery_engine,102159777_2720499121668371807,2720499121668371807,102159777,272.0499121136218,66.83718079086594,28666.0,40.457889556884766,1.2378024255971407,C,10,,
discovery_engine,102159777_2722340918669755884,2722340918669755884,102159777,272.23409180128334,66.97558847502283,919.0,1.534057855606079,0.6572767529776129,C,10,,
discovery_engine,102159777_2724760226669942001,2724760226669942001,102159777,272.4760226249603,66.99420016959758,6979.0,15.01409912109375,0.5965965239492215,C,10,,
discovery_engine,102159777_2724845639668021540,2724845639668021540,102159777,272.4845639235541,66.80215402471929,2598.0,9.475050926208496,0.8442814828449515,C,10,,
discovery_engine,102159777_2725544667671034932,2725544667671034932,102159777,272.55446671111275,67.10349320643121,4798.0,22.18990135192871,1.3936514012604284,C,10,,
discovery_engine,102159777_2726656300670115613,2726656300670115613,102159777,272.6656300090219,67.01156133176812,1000.0,3.9746038913726807,0.9319197060311606,C,10,,
discovery_engine,102159777_2726775566670351257,2726775566670351257,102159777,272.6775566073241,67.0351257916041,612.0,2.2423996925354004,2.745914709384324,A,9,,
discovery_engine,102159778_2728684727669142828,2728684727669142828,102159778,272.8684727392805,66.91428284051004,693.0,1.1651828289031982,1.1952800865950417,C,9,,
discovery_engine,102159778_2733054586668446377,2733054586668446377,102159778,273.30545860613967,66.84463770436818,438.0,1.084338903427124,0.5331226908491405,C,9,,
discovery_engine,102159778_2733418388668044661,2733418388668044661,102159778,273.3418388879678,66.8044661007292,973.0,1.621758222579956,3.0680838382431634,A,17,,
discovery_engine,102159778_2734663321669627720,2734663321669627720,102159778,273.4663321827354,66.96277205809538,891.0,4.809963226318359,0.8223935098615325,C,9,,
discovery_engine,102159778_2734727707671015116,2734727707671015116,102159778,273.47277072532006,67.10151166108234,469.0,1.0546295642852783,0.7197913219984101,C,10,,
discovery_engine,102159778_2735388492668334512,2735388492668334512,102159778,273.5388492925768,66.83345126411697,383.0,2.2438464164733887,0.8038969141106701,C,10,,
discovery_engine,102159778_2735946368671378903,2735946368671378903,102159778,273.59463687052335,67.13789039707821,5004.0,10.606108665466309,3.00345828133762,A,14,dspl,
discovery_engine,102159778_2736434076667775432,2736434076667775432,102159778,273.64340762448904,66.77754328119592,708.0,2.7746834754943848,1.0581050924301494,C,10,,
discovery_engine,102159778_2737602438671664275,2737602438671664275,102159778,273.76024382484945,67.16642750733658,660.0,3.037950038909912,0.7718176130644135,C,8,,
discovery_engine,102159779_2740100912669304917,2740100912669304917,102159779,274.01009127887784,66.93049177459474,499.0,2.612633228302002,0.8259919144740202,C,10,,
discovery_engine,102159779_2741941656670759017,2741941656670759017,102159779,274.19416568193896,67.07590173143248,528.0,1.4291393756866455,1.2450890302294808,C,9,,
discovery_engine,102159779_2743381563669492033,2743381563669492033,102159779,274.3381563198547,66.94920339571343,1008.0,5.323238372802734,1.5907515825150391,B,10,,
discovery_engine,102159779_2746801506668456740,2746801506668456740,102159779,274.6801506861866,66.84567403986287,2186.0,3.896014451980591,0.6885033442739742,C,10,,
discovery_engine,102159779_2747172355669778056,2747172355669778056,102159779,274.717235580047,66.97780567753242,519.0,1.2757331132888794,0.831005020561147,C,10,,
discovery_engine,102159779_2749844085669042459,2749844085669042459,102159779,274.98440855185225,66.90424594626109,856.0,2.085291862487793,0.665133041293784,C,10,,
discovery_engine,102159779_2750395322669381491,2750395322669381491,102159779,275.03953221141444,66.93814911370615,1030.0,1.2465811967849731,0.7348960453406717,C,8,,
discovery_engine,102159779_2751315278668620255,2751315278668620255,102159779,275.13152787218866,66.86202559238903,3418.0,9.665970802307127,0.8718573845777016,C,9,,
discovery_engine,102159779_2751487998670085647,2751487998670085647,102159779,275.1487998074626,67.00856478118277,4870.0,12.541434288024902,1.0873307296969617,C,10,,
discovery_engine,102159780_2756662804670356994,2756662804670356994,102159780,275.66628046371125,67.03569943116706,851.0,4.517884731292725,1.1719941424967946,C,10,,
discovery_engine,102159780_2758061785668493660,2758061785668493660,102159780,275.8061785213618,66.84936607130929,2723.0,14.367231369018556,1.1316474680308442,C,10,,
discovery_engine,102160054_2641285456674906326,2641285456674906326,102160054,264.12854564590003,67.49063264368857,1714.0,6.113379955291748,1.2030748433547356,C,10,,
discovery_engine,102160055_2646891602674889078,2646891602674889078,102160055,264.68916020657315,67.48890780057275,1204.0,4.369322776794434,1.984322502714041,B,10,,
discovery_engine,102160055_2654874305672832764,2654874305672832764,102160055,265.4874305498899,67.28327641502298,362.0,1.621407151222229,1.1625305501367484,C,10,,
discovery_engine,102160055_2655184075676011588,2655184075676011588,102160055,265.51840758046177,67.60115886080101,536.0,1.304220199584961,1.2788939926918916,C,10,,
discovery_engine,102160056_2656792491674247218,2656792491674247218,102160056,265.6792491734186,67.42472184540001,3552.0,10.266488075256348,0.8361062908356074,C,10,,
discovery_engine,102160056_2657855003672722087,2657855003672722087,102160056,265.785500354143,67.27220878522256,5624.0,16.931760787963867,0.6228008884342986,C,10,,
discovery_engine,102160056_2659573102672729854,2659573102672729854,102160056,265.95731028928327,67.27298546573375,982.0,1.844198226928711,1.46910537217002,C,9,,
discovery_engine,102160056_2660673814673034265,2660673814673034265,102160056,266.0673814152073,67.3034265293887,839.0,1.2084252834320068,0.8457433156163583,C,10,,
discovery_engine,102160056_2663488981675470136,2663488981675470136,102160056,266.3488981008601,67.54701363115285,6347.0,11.040780067443848,2.010174312074846,A,9,,
discovery_engine,102160056_2665482424674658677,2665482424674658677,102160056,266.5482424065352,67.46586778968599,418.0,1.641945719718933,0.7553449130713626,C,9,,
discovery_engine,102160056_2667123454675540329,2667123454675540329,102160056,266.71234545997686,67.55403291886468,1080.0,2.5836760997772217,0.6393272107546997,C,10,,
discovery_engine,102160056_2667922293674891386,2667922293674891386,102160056,266.7922293210031,67.48913860826964,8707.0,10.442731857299805,0.9841940922917928,C,10,,
discovery_engine,102160057_2668937155674851135,2668937155674851135,102160057,266.8937155920024,67.48511356835796,1282.0,2.3824353218078613,0.996283065648314,C,9,,
discovery_engine,102160057_2669613885677463506,2669613885677463506,102160057,266.96138852581646,67.74635067673377,276.0,1.5713889598846436,1.7825307735007616,B,10,,
discovery_engine,102160057_2669967124675332896,2669967124675332896,102160057,266.99671242634975,67.53328967537107,4447.0,16.214832305908203,1.3947359942212416,C,10,,
discovery_engine,102160057_2670514405676536088,2670514405676536088,102160057,267.05144050967294,67.65360886766628,10728.0,14.192736625671388,0.6467724105841764,C,10,,
discovery_engine,102160057_2673124577675899722,2673124577675899722,102160057,267.31245778099066,67.58997229795827,396.0,1.1780548095703125,1.35454486804265,C,10,,
discovery_engine,102160057_2675394832674529222,2675394832674529222,102160057,267.53948323469814,67.45292229889787,786.0,1.2994091510772705,0.9329502090716348,C,10,,
discovery_engine,102160057_2675539266672993537,2675539266672993537,102160057,267.55392669877835,67.29935379412069,6418.0,10.781044960021973,0.6039297540038742,C,10,,
discovery_engine,102160057_2678935986673552937,2678935986673552937,102160057,267.8935986289221,67.35529378273426,2055.0,5.661556720733643,0.8745666841435602,C,10,,
discovery_engine,102160057_2679227916675153944,2679227916675153944,102160057,267.92279169780943,67.51539448302714,608.0,4.307917594909668,1.713373108436283,B,10,,
discovery_engine,102160057_2680047626672541780,2680047626672541780,102160057,268.0047626995484,67.2541780628008,259.0,1.4416872262954712,0.945426050445788,C,10,,
discovery_engine,102160057_2680176728672736900,2680176728672736900,102160057,268.01767287501224,67.27369001477686,759.0,1.3476110696792605,1.3261960521196718,C,10,,
discovery_engine,102160058_2683815088673613848,2683815088673613848,102160058,268.3815088853475,67.36138489388141,503.0,1.0683695077896118,0.7845206515966494,C,10,,
discovery_engine,102160058_2684023754674529862,2684023754674529862,102160058,268.40237540723274,67.45298620006291,1085.0,1.822324514389038,1.7319197060311606,B,10,,
discovery_engine,102160058_2689874038672725438,2689874038672725438,102160058,268.9874038838035,67.27254384085201,457.0,3.854264497756958,1.6538815892922396,B,10,,
discovery_engine,102160058_2690177088672937227,2690177088672937227,102160058,269.01770880905895,67.29372273099628,1029.0,5.601312637329102,1.616730929000904,B,9,,Rojas et al 2025
discovery_engine,102160058_2690316472676977233,2690316472676977233,102160058,269.0316472379532,67.69772338619768,658.0,2.7944626808166504,0.5564398382776732,C,9,,
discovery_engine,102160059_2694304236672595349,2694304236672595349,102160059,269.4304236539894,67.25953496097844,1691.0,6.441195964813232,0.6175819566349009,C,10,,
discovery_engine,102160059_2697821071675011270,2697821071675011270,102160059,269.7821071015082,67.50112703615102,695.0,3.971794843673706,1.5366244980194963,B,10,,
discovery_engine,102160059_2699461169676130656,2699461169676130656,102160059,269.94611695126315,67.61306568186704,3419.0,9.652945518493652,0.6581050924301494,C,10,,
discovery_engine,102160059_2701469674676016959,2701469674676016959,102160059,270.1469674657968,67.60169599946785,694.0,1.327154517173767,1.3592830200077937,C,10,,
discovery_engine,102160059_2703729343676466841,2703729343676466841,102160059,270.3729343763903,67.64668416767711,1710.0,5.864226341247559,0.5685566147292199,C,10,,Pearson et al in prep (GZ Cosmic Dawn)
discovery_engine,102160059_2704023198672616060,2704023198672616060,102160059,270.40231984500747,67.26160604637563,679.0,1.5554285049438477,0.6107848188303368,C,10,,
discovery_engine,102160059_2705974303672795281,2705974303672795281,102160059,270.5974303800142,67.279528106889,1044.0,1.7341504096984863,1.3224130267849945,C,10,,
discovery_engine,102160060_2706622399674599706,2706622399674599706,102160060,270.6622399379065,67.45997061688014,921.0,3.809641122817993,1.8082461845279432,B,9,,Pearson et al in prep (GZ Cosmic Dawn)
discovery_engine,102160060_2709761264672499340,2709761264672499340,102160060,270.97612649690547,67.24993402982537,3798.0,10.097979545593262,0.7642820136597871,C,9,,
discovery_engine,102160060_2712011714673519784,2712011714673519784,102160060,271.2011714898894,67.3519784306969,3135.0,13.065101623535156,0.8101882891410526,C,9,,
discovery_engine,102160060_2712298158674755917,2712298158674755917,102160060,271.2298158809224,67.47559170031597,666.0,1.2465925216674805,2.729455908221627,A,10,,
discovery_engine,102160060_2713246513673006755,2713246513673006755,102160060,271.3246513315758,67.30067555471395,265.0,1.407665491104126,0.6442814828449516,C,10,,
discovery_engine,102160060_2714236250676150798,2714236250676150798,102160060,271.4236250299241,67.61507986297252,525.0,2.267604112625122,1.6920011268792856,B,10,,
discovery_engine,102160060_2716552208674838777,2716552208674838777,102160060,271.65522085429484,67.48387774961559,1858.0,5.498316287994385,1.7366244980194965,B,10,,
discovery_engine,102160060_2716999953673664487,2716999953673664487,102160060,271.6999953695384,67.36644872396671,728.0,6.51470422744751,0.9060374971703608,C,10,,
discovery_engine,102160061_2721159657672924254,2721159657672924254,102160061,272.1159657325548,67.29242542265875,552.0,2.3595387935638428,0.761644770969562,C,8,,
discovery_engine,102160061_2725116326676671855,2725116326676671855,102160061,272.51163264963776,67.66718556783171,789.0,1.961121916770935,0.8289038047420958,C,10,,
discovery_engine,102160061_2727489524677254634,2727489524677254634,102160061,272.7489524369687,67.72546342584484,2641.0,15.945507049560549,1.3764872343802668,C,9,,
discovery_engine,102160061_2729356425673313555,2729356425673313555,102160061,272.9356425089018,67.33135558012135,20118.0,28.707523345947266,0.9027702188572904,C,10,,
discovery_engine,102160061_2729720007674565527,2729720007674565527,102160061,272.9720007319381,67.45655278904086,9657.0,21.54485893249512,0.764204406990153,C,10,,
discovery_engine,102160061_2730495417674888451,2730495417674888451,102160061,273.04954172549094,67.4888451990119,1066.0,4.350941181182861,1.285899365989533,C,10,,
discovery_engine,102160061_2731249221677450016,2731249221677450016,102160061,273.1249221570768,67.74500169489171,2596.0,3.7062501907348633,1.3606428005173428,C,9,,
discovery_engine,102160062_2732308943673522700,2732308943673522700,102160062,273.23089434313204,67.3522700765353,5339.0,9.360406875610352,0.9442814828449516,C,10,,
discovery_engine,102160062_2735207803677411493,2735207803677411493,102160062,273.5207803263277,67.74114939344409,4278.0,12.03921127319336,0.5773871030433794,C,10,,
discovery_engine,102160062_2737068769676084164,2737068769676084164,102160062,273.70687692850646,67.60841646010371,614.0,2.048991203308105,0.7581050924301493,C,10,,
discovery_engine,102160062_2737885272675946208,2737885272675946208,102160062,273.7885272800835,67.59462081153471,410.0,1.6052173376083374,0.8101882891410526,C,9,,
discovery_engine,102160062_2738224597675612724,2738224597675612724,102160062,273.82245977109386,67.56127241687929,759.0,1.690600872039795,0.5184636908842088,C,10,,
discovery_engine,102160062_2738460691675239507,2738460691675239507,102160062,273.8460691095558,67.52395071396087,6441.0,13.12510108947754,1.9164716922934453,B,10,,
discovery_engine,102160062_2743365378674443471,2743365378674443471,102160062,274.3365378959816,67.44434712332267,1127.0,2.488331794738769,0.5319197060311607,C,10,,
discovery_engine,102160062_2743366521672581920,2743366521672581920,102160062,274.3366521911314,67.25819201955272,424.0,1.1568539142608645,0.6442814828449516,C,10,,
discovery_engine,102160062_2744829103676743969,2744829103676743969,102160062,274.4829103619944,67.67439694316508,394.0,0.9874622225761414,1.4880684320003437,C,10,,
discovery_engine,102160063_2748315202675615816,2748315202675615816,102160063,274.8315202316875,67.56158165678129,2058.0,15.0097017288208,1.0644187715788802,C,10,,
discovery_engine,102160063_2748700195673372891,2748700195673372891,102160063,274.870019591916,67.33728913975396,1461.0,2.9736902713775635,0.5157383487948586,C,8,,
discovery_engine,102160063_2748750522677470688,2748750522677470688,102160063,274.87505221243174,67.74706885936631,6181.0,9.279083251953123,0.9393272107546996,C,10,,
discovery_engine,102160063_2751688633673425777,2751688633673425777,102160063,275.1688633014173,67.34257778710979,483.0,2.1992008686065674,1.2361062908356073,C,10,,
discovery_engine,102160063_2753302178677181551,2753302178677181551,102160063,275.3302178031157,67.71815510602629,1020.0,1.6265469789505005,0.6469694971247355,C,10,,
discovery_engine,102160063_2754014810675660187,2754014810675660187,102160063,275.4014810086952,67.56601877143119,1215.0,4.03880500793457,1.3393272107546996,C,10,,
discovery_engine,102160333_2658282631677551100,2658282631677551100,102160333,265.828263109653,67.75511001663433,1023.0,2.112982273101806,0.7223935098615325,C,9,,
discovery_engine,102160333_2658384427678809539,2658384427678809539,102160333,265.83844271232704,67.88095395605029,22453.0,54.4526252746582,0.8395576767416939,C,10,,
discovery_engine,102160334_2660131595678719407,2660131595678719407,102160334,266.0131595977176,67.87194072272753,1826.0,4.704043388366699,0.5709911634435221,C,10,,
discovery_engine,102160334_2661812445678287733,2661812445678287733,102160334,266.181244507451,67.82877334896861,329.0,1.4144498109817505,1.6631521857626013,B,10,,
discovery_engine,102160334_2665945112680410578,2665945112680410578,102160334,266.5945112890753,68.04105787642916,819.0,1.927828788757324,1.7892353732283,B,10,,
discovery_engine,102160334_2667206692679553498,2667206692679553498,102160334,266.72066924191034,67.95534986549919,806.0,1.0130561590194702,0.5538815892922396,C,10,,
discovery_engine,102160334_2671557285678009991,2671557285678009991,102160334,267.15572850141626,67.80099916409908,682.0,4.224865436553955,0.7703103131506291,C,10,,
discovery_engine,102160334_2671626647680071775,2671626647680071775,102160334,267.1626647932867,68.00717753875819,1439.0,3.734234809875488,1.376506751303729,C,10,,
discovery_engine,102160334_2671958797680471530,2671958797680471530,102160334,267.19587976015947,68.04715303578227,552.0,1.2461224794387815,1.0504584040745892,C,9,,
discovery_engine,102160335_2671919575679233124,2671919575679233124,102160335,267.19195756339604,67.92331240138137,1985.0,6.179757595062256,0.5750473291270224,C,10,,
discovery_engine,102160335_2672455703679061608,2672455703679061608,102160335,267.24557034640503,67.90616080609756,4475.0,12.822853088378906,0.9703103131506292,C,10,,
discovery_engine,102160335_2672567324677621558,2672567324677621558,102160335,267.25673249360386,67.76215580333893,1572.0,13.077878952026367,1.3538815892922396,C,10,,
discovery_engine,102160335_2672615923680795983,2672615923680795983,102160335,267.26159234182666,68.07959834331977,310.0,1.0264573097229004,0.714090428014508,C,9,,
discovery_engine,102160335_2672690861681717566,2672690861681717566,102160335,267.269086163563,68.17175669313491,661.0,1.7950695753097534,1.9277342873545704,B,10,,
discovery_engine,102160335_2672720281680709434,2672720281680709434,102160335,267.2720281605204,68.0709434252139,1415.0,3.443512439727783,1.5863800109729953,B,10,,
discovery_engine,102160335_2673021626682205579,2673021626682205579,102160335,267.302162669892,68.22055792421766,882.0,5.398786544799805,0.7730908003734183,C,10,,
discovery_engine,102160335_2673678625680739495,2673678625680739495,102160335,267.367862556498,68.0739495146494,612.0,1.14771568775177,1.5028554575129562,B,9,,
discovery_engine,102160335_2675543787678796310,2675543787678796310,102160335,267.55437874817727,67.87963108759295,714.0,1.8986310958862305,0.6442814828449516,C,10,,
discovery_engine,102160335_2677712764678659483,2677712764678659483,102160335,267.77127641477693,67.86594835158073,2211.0,6.9844818115234375,0.6291907536996154,C,9,,
discovery_engine,102160335_2678252607679772305,2678252607679772305,102160335,267.82526073334805,67.97723052993786,755.0,2.001352071762085,0.7025103745614927,C,9,,
discovery_engine,102160335_2678696805679733818,2678696805679733818,102160335,267.8696805083116,67.97338186845893,517.0,1.895000696182251,0.6983752073636861,C,10,,
discovery_engine,102160335_2679013660678445263,2679013660678445263,102160335,267.9013660430573,67.84452631989706,363.0,0.624070942401886,1.1754972232621328,C,10,,
discovery_engine,102160335_2680433488678786795,2680433488678786795,102160335,268.0433488894094,67.87867959384602,825.0,3.33081603050232,1.027317043824684,C,10,,
discovery_engine,102160335_2680788986678866937,2680788986678866937,102160335,268.07889868386127,67.88669371076048,322.0,2.612619161605835,1.5538815892922395,B,10,,
discovery_engine,102160335_2682061397679348286,2682061397679348286,102160335,268.20613979827726,67.93482862722318,1028.0,2.233051061630249,2.331109279691556,A,11,,
discovery_engine,102160335_2684231593682162758,2684231593682162758,102160335,268.4231593717818,68.21627585035421,1499.0,4.724330425262451,0.6319197060311607,C,10,,
discovery_engine,102160336_2685084962682049281,2685084962682049281,102160336,268.5084962055178,68.20492815466524,29222.0,26.063257217407227,2.2442814828449515,A,10,,
discovery_engine,102160336_2687553112678075213,2687553112678075213,102160336,268.7553112260739,67.80752136635553,2679.0,9.102219581604004,0.7632839474035145,C,10,,
discovery_engine,102160336_2687739093679233221,2687739093679233221,102160336,268.77390930412406,67.92332212919446,674.0,2.2497596740722656,0.914527851575964,C,18,,
discovery_engine,102160336_2688109502682080230,2688109502682080230,102160336,268.8109502257094,68.20802300239346,5907.0,11.842347145080566,0.6391996183823067,C,10,,
discovery_engine,102160336_2688244176677907111,2688244176677907111,102160336,268.8244176242165,67.79071112638938,368.0,2.453356504440308,0.5560129507147773,C,9,,
discovery_engine,102160336_2692063519681559969,2692063519681559969,102160336,269.2063519782008,68.15599695713549,2184.0,6.339919567108154,0.9309710194517148,C,9,,
discovery_engine,102160336_2694549514678142483,2694549514678142483,102160336,269.454951470646,67.81424836837486,2093.0,5.503195285797119,2.943975116127553,A,18,,
discovery_engine,102160336_2695945753681853613,2695945753681853613,102160336,269.59457532951967,68.18536135682035,465.0,1.3769832849502563,2.866613455274866,A,10,,
discovery_engine,102160336_2697844546680176455,2697844546680176455,102160336,269.7844546891193,68.01764558573329,1551.0,2.98895263671875,0.5394657443881716,C,10,,
discovery_engine,102160337_2699592891680628084,2699592891680628084,102160337,269.9592891164902,68.06280840153957,2633.0,6.418952465057373,0.7586540976009492,C,10,,
discovery_engine,102160337_2700171490680496942,2700171490680496942,102160337,270.01714901079066,68.04969420417832,796.0,4.118357181549072,1.548566338693304,B,8,,
discovery_engine,102160337_2701254133678933511,2701254133678933511,102160337,270.1254133752072,67.89335117440586,2120.0,6.50946044921875,2.271012167940833,A,17,,
discovery_engine,102160337_2702871940682411776,2702871940682411776,102160337,270.2871940683188,68.24117762107761,1579.0,4.4664692878723145,1.659658481597549,B,10,,
discovery_engine,102160337_2703837081680486960,2703837081680486960,102160337,270.38370813689005,68.0486960259951,3179.0,10.007092475891112,1.8228305518871868,B,10,,
discovery_engine,102160337_2704576307681398985,2704576307681398985,102160337,270.45763077508525,68.13989853205413,1039.0,2.1643295288085938,1.1269059292005517,C,20,,
discovery_engine,102160337_2709338383682244305,2709338383682244305,102160337,270.9338383443905,68.22443057597815,1427.0,6.2584428787231445,0.5752805697953519,C,10,,
discovery_engine,102160337_2709410383682273946,2709410383682273946,102160337,270.94103835376234,68.22739463537619,981.0,4.371216297149658,0.5104652275350532,C,10,,
discovery_engine,102160338_2712384210679392079,2712384210679392079,102160338,271.2384210836177,67.93920791430314,5906.0,7.06798791885376,2.196648784278528,A,10,,
discovery_engine,102160338_2712566659678939210,2712566659678939210,102160338,271.2566659076072,67.89392101005797,637.0,1.0582202672958374,0.7009129154508795,C,9,,
discovery_engine,102160338_2712653672678391819,2712653672678391819,102160338,271.26536723834846,67.83918192012268,519.0,1.2549140453338623,1.1571326994314135,C,11,,
discovery_engine,102160338_2714174007679595944,2714174007679595944,102160338,271.4174007496304,67.95959440913644,5606.0,13.227620124816896,0.5538815892922396,C,10,,
discovery_engine,102160338_2714687601681962225,2714687601681962225,102160338,271.4687601858867,68.19622259321945,2253.0,7.249670028686523,0.7253734300810641,C,10,,
discovery_engine,102160338_2714909496682092102,2714909496682092102,102160338,271.4909496821769,68.20921029451127,1006.0,1.917190194129944,0.6075095202677034,C,10,,
discovery_engine,102160338_2720592793680584236,2720592793680584236,102160338,272.0592793034646,68.05842364623801,822.0,1.6190085411071775,1.5366244980194963,B,10,edge-on,
discovery_engine,102160339_2724927436681622603,2724927436681622603,102160339,272.49274362253294,68.16226034111882,464.0,1.1523709297180176,0.5538815892922396,C,10,,
discovery_engine,102160339_2726235308679468724,2726235308679468724,102160339,272.6235308051188,67.94687244174533,929.0,3.337342977523804,1.2217462909833297,C,11,,
discovery_engine,102160339_2732965773681844839,2732965773681844839,102160339,273.29657736727165,68.18448391817456,795.0,2.70062518119812,1.4849439533333724,C,9,,
discovery_engine,102160339_2733841929680970616,2733841929680970616,102160339,273.3841929769941,68.09706166798318,3910.0,6.800454616546631,0.5663596273130309,C,10,,
discovery_engine,102160339_2734343530680280730,2734343530680280730,102160339,273.4343530651649,68.02807303793226,2582.0,7.914200305938721,0.7137111614192944,C,11,,
discovery_engine,102160339_2734354853680396646,2734354853680396646,102160339,273.4354853340752,68.03966469991514,342.0,1.7180501222610474,1.4030748433547355,C,10,,
discovery_engine,102160340_2740784519677600444,2740784519677600444,102160340,274.0784519087246,67.76004445410977,352.0,1.115014910697937,2.2582982269494902,A,10,,
discovery_engine,102160340_2745205255681017372,2745205255681017372,102160340,274.52052559431894,68.10173721091151,1963.0,5.783937931060791,0.9006883924275766,C,10,,
discovery_engine,102160340_2746112792681634978,2746112792681634978,102160340,274.6112792730779,68.16349787163225,310.0,2.0131752490997314,1.2223935098615324,C,9,,
discovery_engine,102160340_2746247120680312011,2746247120680312011,102160340,274.62471202097515,68.03120116143117,703.0,6.115736961364746,0.9228008884342984,C,10,,
discovery_engine,102160340_2749317034678079616,2749317034678079616,102160340,274.9317034531497,67.8079616517011,428.0,1.8761943578720093,1.2304925408014982,C,10,,
discovery_engine,102160607_2683215062684525130,2683215062684525130,102160607,268.32150627024595,68.45251302771872,1332.0,7.1118669509887695,1.4642820136597872,C,9,,
discovery_engine,102160607_2684058176685650370,2684058176685650370,102160607,268.4058176178527,68.56503705310696,891.0,1.86909294128418,1.953685266957373,B,10,,
discovery_engine,102160607_2685314674685394745,2685314674685394745,102160607,268.53146741781217,68.539474529581,1202.0,1.8579453229904173,0.5049467920818199,C,11,,
discovery_engine,102160607_2685509147685729039,2685509147685729039,102160607,268.5509147155565,68.5729039546238,888.0,3.098950862884521,1.590736391904776,B,9,,
discovery_engine,102160607_2687517531684852552,2687517531684852552,102160607,268.75175311969747,68.4852552254749,1306.0,5.591609954833984,0.7525075718159897,C,10,,
discovery_engine,102160607_2689141580685100408,2689141580685100408,102160607,268.914158080473,68.51004082904004,3113.0,6.143158912658691,0.8346902128764967,C,14,,
discovery_engine,102160608_2690551592684529543,2690551592684529543,102160608,269.05515921511267,68.45295436774263,1261.0,6.203036308288574,0.8415986009481238,C,9,,
discovery_engine,102160608_2691140368686427388,2691140368686427388,102160608,269.11403682141395,68.64273889603018,476.0,2.1616783142089844,1.2841640000401342,C,9,,
discovery_engine,102160608_2696945621683971645,2696945621683971645,102160608,269.6945621295604,68.397164535738,268.0,1.1883659362792969,1.1442814828449517,C,10,,
discovery_engine,102160608_2699752548683244381,2699752548683244381,102160608,269.9752548604385,68.32443814857847,4122.0,9.223362922668455,0.8489826560429575,C,10,,
discovery_engine,102160609_2703301596683738034,2703301596683738034,102160609,270.33015966831846,68.37380345931359,11039.0,23.148595809936523,0.5663596273130309,C,10,,
discovery_engine,102160609_2709410059685254082,2709410059685254082,102160609,270.941005991516,68.525408286828,1136.0,4.746673583984375,1.3089510557412225,C,9,,
discovery_engine,102160609_2711438773682980292,2711438773682980292,102160609,271.14387739317107,68.29802921811759,1233.0,4.799235820770264,0.7715150503074312,C,10,,
discovery_engine,102160609_2711807863683482322,2711807863683482322,102160609,271.1807863777614,68.34823228671576,3223.0,6.207028865814209,0.5085424241995216,C,10,,
discovery_engine,102160609_2712464887686854240,2712464887686854240,102160609,271.24648876984594,68.68542402164317,581.0,2.1384239196777344,0.7211868452766174,C,10,,
discovery_engine,102160610_2716284966682861360,2716284966682861360,102160610,271.628496650856,68.28613605739213,345.0,1.220599889755249,1.4560805875561116,C,9,,
discovery_engine,102160610_2717432166684823690,2717432166684823690,102160610,271.7432166271452,68.48236906692594,761.0,1.5031946897506714,0.8325602047616243,C,10,,
discovery_engine,102160610_2717803068682973165,2717803068682973165,102160610,271.7803068397876,68.29731655132512,1205.0,2.3553688526153564,0.5627134978811397,C,10,,
discovery_engine,102160610_2723385147683175532,2723385147683175532,102160610,272.33851473014323,68.31755322415121,2433.0,10.638962745666504,0.5504584040745895,C,9,,
discovery_engine,102160610_2725640304686403990,2725640304686403990,102160610,272.5640304560574,68.64039906186375,5564.0,13.7883882522583,2.8152743194879983,A,16,,
discovery_engine,102160610_2728596478683519590,2728596478683519590,102160610,272.85964788998524,68.35195904078404,2399.0,6.589710235595703,1.9256388722996176,B,12,,
discovery_engine,102160610_2729128860685194455,2729128860685194455,102160610,272.9128860719104,68.51944558643865,544.0,1.222369909286499,0.7085596038064395,C,10,,
discovery_engine,102160610_2729256016684457774,2729256016684457774,102160610,272.9256016059579,68.44577749091418,382.0,0.8727890253067017,2.2900577046265225,A,10,,
discovery_engine,102160611_2732103857682729545,2732103857682729545,102160611,273.2103857898452,68.2729545233205,401.0,2.74939227104187,0.9328036008414256,C,10,,
discovery_engine,102160611_2733734342682540416,2733734342682540416,102160611,273.37343427872395,68.25404165398585,1553.0,5.391451835632324,0.5030748433547356,C,10,,
discovery_engine,102160611_2737007893683616389,2737007893683616389,102160611,273.7007893836717,68.36163890021113,764.0,2.669189453125,0.6672151923819847,C,9,,
discovery_engine,102160611_2738066629685961934,2738066629685961934,102160611,273.8066629360488,68.59619345577906,229.0,1.4584155082702637,0.525700005366225,C,10,,
discovery_engine,102160611_2740082057682616976,2740082057682616976,102160611,274.0082057112404,68.26169762838153,378.0,1.5717766284942627,1.1656804633480635,C,10,,
discovery_engine,102160611_2740328687682808789,2740328687682808789,102160611,274.0328687229435,68.28087896462162,4887.0,6.819175720214844,2.7086852166893483,A,10,,
discovery_engine,102160612_2743600657683668805,2743600657683668805,102160612,274.3600657555939,68.36688052942732,821.0,2.5972354412078857,2.1783431460449107,A,10,,
discovery_engine,102160876_2735099303688319834,2735099303688319834,102160876,273.50993038212664,68.8319834442498,362.0,2.024719715118408,1.05353754920072,C,10,,
,1140667,,102159486,269.1689,66.38151,,,1.4920700590537552,C,10,,
,1245992,,102159777,271.9132,66.78709,,,0.7361534034963462,C,9,,
,1248193,,102159777,271.9437,66.81215,,,1.6105256497338758,B,10,,
,1305566,,102159489,272.527,66.57169,,,0.6853241453402793,C,9,,
,1633099,,102159487,269.7958,66.66215,,,0.5257513770500657,C,9,,
,17227,,102158892,270.9980283,65.65370217,,,1.1542551217712558,C,9,,
,1765437,,102158891,269.9349,65.57129,,,0.6311631030996916,C,9,,
,1788681,,102159775,269.2532,66.83528,,,1.4801452620084836,C,9,,
,1809137,,102159775,269.2584,66.97074,,,0.6216928713601682,C,9,,
,1833590,,102158891,269.7883,65.41357,,,0.5306334887746228,C,9,,
,1931422,,102160059,270.6577,67.43611,,,0.7216928713601681,C,9,,
,336139,,102160058,268.5917442,67.37288349,,,0.5801452620084836,C,9,,
,44516,,102159778,273.3871852,66.8085,,,0.8302306665728925,C,9,,
,511779,,102159773,267.4382986,66.77683902,,,0.5306334887746227,C,9,,
,597672,,102159778,273.1912125,67.04478723,,,0.5670923516785227,C,9,,
,721210,,102159489,272.7433,66.72281,,,0.5831294416393007,C,10,,
gz_euclid,SAS_OTF_RELEASE_102011655_NEG847841220594007838,,102011655,84.78412201898655,-59.40078388496698,,,0.7920700590537554,C,10,,
gz_euclid,SAS_OTF_RELEASE_102011655_NEG848494628593585760,,102011655,84.8494628343287,-59.358576010070834,,,0.724456567544985,C,10,,
gz_euclid,SAS_OTF_RELEASE_102013567_NEG807849602569584678,,102013567,80.78496020811914,-56.958467812317984,,,2.785324145340279,A,9,,
gz_euclid,SAS_OTF_RELEASE_102014776_NEG775264587553332801,,102014776,77.52645870731186,-55.33328018186819,,,2.3612137689688217,A,9,,
gz_euclid,SAS_OTF_RELEASE_102014776_NEG779063556556181332,,102014776,77.90635566215411,-55.61813322469455,,,0.9306334887746228,C,9,,
gz_euclid,SAS_OTF_RELEASE_102015193_NEG800006610548027525,,102015193,80.00066107715173,-54.80275250331911,,,2.325221762724997,A,9,,
gz_euclid,SAS_OTF_RELEASE_102015193_NEG804204344551140732,,102015193,80.42043449143748,-55.11407327748508,,,2.003766895005117,A,9,,
gz_euclid,SAS_OTF_RELEASE_102015196_NEG827079427547960474,,102015196,82.7079427271753,-54.79604744442293,,,1.420018058815515,C,10,,
gz_euclid,SAS_OTF_RELEASE_102015196_NEG829002269547888708,,102015196,82.9002269389407,-54.78887084725193,,,1.2105256497338757,C,10,,
gz_euclid,SAS_OTF_RELEASE_102015615_NEG816323950545145147,,102015615,81.63239505346603,-54.5145147908694,,,3.025751377050066,A,9,,
gz_euclid,SAS_OTF_RELEASE_102015620_NEG860163048544770196,,102015620,86.0163048836008,-54.47701965582778,,,0.5612137689688218,C,9,,
gz_euclid,SAS_OTF_RELEASE_102016036_NEG784405555542509085,,102015611,78.44055551941692,-54.25090853013224,,,0.8216928713601682,C,9,,
gz_euclid,SAS_OTF_RELEASE_102016051_NEG909251601539908420,,102016051,90.92516010243362,-53.99084209283698,,,2.603237280680048,A,9,,
gz_euclid,SAS_OTF_RELEASE_102016054_NEG931835375537734833,,102016054,93.18353750795968,-53.77348335069362,,,1.0445587857425682,C,11,,
gz_euclid,SAS_OTF_RELEASE_102016054_NEG933207386537821204,,102016054,93.32073864508445,-53.78212048811923,,,2.4082461845279437,A,9,,
gz_euclid,SAS_OTF_RELEASE_102016463_NEG756281493533660198,,102016463,75.62814935921715,-53.3660198804535,,,1.762232126668715,B,9,,
gz_euclid,SAS_OTF_RELEASE_102016466_NEG781060085534239122,,102016466,78.10600854994351,-53.42391226423293,,,2.438626572253335,A,10,,
gz_euclid,SAS_OTF_RELEASE_102016486_NEG945717904534335461,,102016486,94.5717904430714,-53.43354615312622,,,2.921692871360168,A,9,,
gz_euclid,SAS_OTF_RELEASE_102016908_NEG834291076530671458,,102016908,83.42910765096342,-53.06714582103235,,,1.6100732086564349,B,10,,
gz_euclid,SAS_OTF_RELEASE_102016908_NEG835006196531496954,,102016908,83.50061968911133,-53.149695492482905,,,2.2851355624051384,A,9,edge-on,
gz_euclid,SAS_OTF_RELEASE_102016908_NEG835990127527923271,,102016908,83.5990127694732,-52.792327119109466,,,2.630633488774623,A,9,quad,
gz_euclid,SAS_OTF_RELEASE_102016908_NEG839560125527656676,,102016908,83.95601254974336,-52.76566764042181,,,3.003237280680048,A,9,edge-on,
gz_euclid,SAS_OTF_RELEASE_102017347_NEG826986723527213422,,102017347,82.69867233768184,-52.721342252047855,,,1.2216928713601682,C,9,,
gz_euclid,SAS_OTF_RELEASE_102017347_NEG827651474523560496,,102017347,82.76514747448525,-52.35604962155112,,,1.9591111186285324,B,9,,
gz_euclid,SAS_OTF_RELEASE_102017347_NEG827856834524990823,,102017347,82.78568345978906,-52.49908233821645,,,3.059264025619151,A,9,complete_ring,
gz_euclid,SAS_OTF_RELEASE_102017780_NEG730552639522096769,,102017780,73.05526393469955,-52.20967690540118,,,2.20939542455474,A,11,,
gz_euclid,SAS_OTF_RELEASE_102017780_NEG734736522518332241,,102017781,73.47365229605369,-51.833224148637214,,,2.125751377050066,A,9,,
gz_euclid,SAS_OTF_RELEASE_102017786_NEG775071634517863028,,102017786,77.5071634035208,-51.78630288632365,,,0.8257513770500656,C,9,,
gz_euclid,SAS_OTF_RELEASE_102017786_NEG777150193519368433,,102017786,77.71501936875724,-51.93684332843431,,,0.9155159501305304,C,10,,
gz_euclid,SAS_OTF_RELEASE_102018234_NEG763154503516457267,,102018234,76.31545031953705,-51.64572675832586,,,2.007120044450088,A,9,,
gz_euclid,SAS_OTF_RELEASE_102018234_NEG766598331514225687,,102018235,76.65983317050913,-51.42256876638232,,,0.7216928713601681,C,9,,
gz_euclid,SAS_OTF_RELEASE_102018688_NEG752778074509131190,,102018688,75.27780741996665,-50.91311904251786,,,3.003766895005117,A,9,,
gz_euclid,SAS_OTF_RELEASE_102018688_NEG754811384509031914,,102018688,75.48113843742793,-50.90319147931707,,,1.921692871360168,B,9,,
gz_euclid,SAS_OTF_RELEASE_102018688_NEG758332500508688612,,102018688,75.83325008717073,-50.8688612651925,,,2.456820400619089,A,9,,
gz_euclid,SAS_OTF_RELEASE_102018712_NEG947283380507803840,,102018713,94.72833802513928,-50.78038409991533,,,2.3306334887746227,A,9,,
gz_euclid,SAS_OTF_RELEASE_102019150_NEG778219970503744332,,102019150,77.82199703899391,-50.37443324499392,,,2.8306334887746227,A,9,,
gz_euclid,SAS_OTF_RELEASE_102020090_NEG829310092495150557,,102020090,82.93100923101142,-49.515055719533215,,,0.940632693019173,C,9,,
gz_euclid,SAS_OTF_RELEASE_102020581_NEG955611441490360851,,102020581,95.56114415686514,-49.03608511176038,,,1.092070059053755,C,10,,
gz_euclid,SAS_OTF_RELEASE_102020581_NEG957245732489381366,,102020581,95.72457320275574,-48.93813666376209,,,1.810525649733876,B,10,,
gz_euclid,SAS_OTF_RELEASE_102020581_NEG957581746492218758,,102020581,95.75817461920585,-49.22187581289551,,,0.6032372806800478,C,9,,
gz_euclid,SAS_OTF_RELEASE_102020581_NEG959790965488129131,,102020581,95.97909653326484,-48.8129131862917,,,0.8750330291058707,C,10,,
gz_euclid,SAS_OTF_RELEASE_102021040_NEG808411198482882062,,102021040,80.84111986206088,-48.28820621088723,,,1.780145262008484,B,9,,
gz_euclid,SAS_OTF_RELEASE_102021057_NEG931761509485041006,,102021057,93.17615097786968,-48.50410062002536,,,1.1252217627249967,C,9,,
gz_euclid,SAS_OTF_RELEASE_102021057_NEG934846473482695162,,102021057,93.4846473315022,-48.2695162490196,,,1.3865073267231076,C,9,,
gz_euclid,SAS_OTF_RELEASE_102021061_NEG965795250483795456,,102021061,96.57952503597576,-48.37954566141032,,,2.1216928713601684,A,9,,
gz_euclid,SAS_OTF_RELEASE_102022002_NEG739145396472660893,,102022002,73.91453969631873,-47.26608934077036,,,0.9356423926225184,C,9,,
gz_euclid,SAS_OTF_RELEASE_102022002_NEG741159205472482669,,102022002,74.115920506206,-47.24826693547395,,,0.8071200444500872,C,9,,
gz_euclid,SAS_OTF_RELEASE_102022013_NEG822810476477125433,,102022013,82.28104765703478,-47.71254334300183,,,0.734890986672279,C,10,,
gz_euclid,SAS_OTF_RELEASE_102022013_NEG823583079473897868,,102022013,82.35830790426591,-47.38978680278809,,,0.7306334887746228,C,9,,
gz_euclid,SAS_OTF_RELEASE_102022015_NEG834170323473273943,,102022015,83.41703236339295,-47.3273943653057,,,2.1920700590537554,A,10,,
gz_euclid,SAS_OTF_RELEASE_102022017_NEG849393096476393448,,102022017,84.93930969034399,-47.63934487799587,,,0.7216928713601681,C,9,,
gz_euclid,SAS_OTF_RELEASE_102022498_NEG760241171469963790,,102022498,76.02411719039749,-46.9963790321867,,,2.9100732086564345,A,10,,
gz_euclid,SAS_OTF_RELEASE_102022500_NEG773581033470967395,,102022500,77.3581033356724,-47.09673954994821,,,0.5105256497338757,C,10,,
gz_euclid,SAS_OTF_RELEASE_102022500_NEG774717351470023358,,102022500,77.4717351852591,-47.002335805692425,,,2.425221762724997,A,9,edge-on,
gz_euclid,SAS_OTF_RELEASE_102022988_NEG711584554462704750,,102022988,71.15845540754904,-46.270475028446185,,,0.6156916920503883,C,10,,
gz_euclid,SAS_OTF_RELEASE_102022992_NEG743480827464934850,,102022992,74.34808271546152,-46.49348509784663,,,0.7216928713601681,C,9,,
gz_euclid,SAS_OTF_RELEASE_102023488_NEG701588498460827141,,102023488,70.15884988980028,-46.08271419805127,,,2.803237280680048,A,9,,
gz_euclid,SAS_OTF_RELEASE_102023491_NEG717501275458132167,,102023491,71.75012750046893,-45.813216725554,,,0.8356237891712773,C,9,atypical,
gz_euclid,SAS_OTF_RELEASE_102023518_NEG915435798461796904,,102023518,91.54357988943808,-46.179690436466615,,,1.8672224270653697,B,9,atypical,
gz_euclid,SAS_OTF_RELEASE_102023521_NEG934465972457446961,,102024027,93.4465972934959,-45.7446961198364,,,1.1361534034963463,C,9,,
gz_euclid,SAS_OTF_RELEASE_102023993_NEG696412491456865459,,102023993,69.64124919460009,-45.686545996538,,,1.921692871360168,B,9,,
gz_euclid,SAS_OTF_RELEASE_102023996_NEG710837708455487042,,102023996,71.08377083738894,-45.54870424042918,,,1.5914976271197625,B,9,,
gz_euclid,SAS_OTF_RELEASE_102023996_NEG710855897457013311,,102023996,71.08558979382195,-45.70133110167854,,,1.0216928713601685,C,9,possible cluster,
gz_euclid,SAS_OTF_RELEASE_102023996_NEG712112847456117661,,102023996,71.21128473872857,-45.61176618420349,,,2.59777855671062,A,10,,
gz_euclid,SAS_OTF_RELEASE_102023996_NEG712199925454306549,,102023996,71.21999256681248,-45.43065499804151,,,0.6902471280150808,C,9,,
gz_euclid,SAS_OTF_RELEASE_102023996_NEG712315993456281253,,102023996,71.23159933583372,-45.62812532033753,,,0.7851355624051383,C,9,,
gz_euclid,SAS_OTF_RELEASE_102023996_NEG712822707453943128,,102023996,71.28227079546542,-45.39431285060508,,,0.6155159501305303,C,10,,
gz_euclid,SAS_OTF_RELEASE_102023996_NEG713855343452631791,,102023996,71.38553436539256,-45.2631791711046,,,0.6216928713601682,C,9,,
gz_euclid,SAS_OTF_RELEASE_102023996_NEG713946307454442366,,102023996,71.39463070789198,-45.444236631108026,,,2.662232126668715,A,9,,
gz_euclid,SAS_OTF_RELEASE_102023996_NEG715206346453546190,,102023996,71.52063467575651,-45.35461905228924,,,1.2257513770500656,C,9,,
gz_euclid,SAS_OTF_RELEASE_102023996_NEG715431550453373840,,102023996,71.54315500448007,-45.33738403611367,,,2.509599345394672,A,9,,
gz_euclid,SAS_OTF_RELEASE_102023997_NEG722797733452745981,,102023997,72.27977330374642,-45.27459815818779,,,1.785324145340279,B,9,,
gz_euclid,SAS_OTF_RELEASE_102024013_NEG834198162455210703,,102024013,83.41981623231452,-45.52107032776815,,,0.9105256497338756,C,10,,
gz_euclid,SAS_OTF_RELEASE_102024013_NEG837085422453421171,,102024013,83.7085422808062,-45.34211718514764,,,1.4051139236842498,C,10,,
gz_euclid,SAS_OTF_RELEASE_102024030_NEG954025230455244828,,102024030,95.40252302824592,-45.52448281459483,,,1.2603727969599547,C,11,,
gz_euclid,SAS_OTF_RELEASE_102024030_NEG956686790454501141,,102024030,95.66867909050818,-45.45011417181933,,,1.3341472827305083,C,10,,
gz_euclid,SAS_OTF_RELEASE_102024031_NEG962506951454357547,,102024031,96.25069516981578,-45.43575470138977,,,3.003237280680048,A,9,,
gz_euclid,SAS_OTF_RELEASE_102024507_NEG713509506451337861,,102024507,71.35095068676081,-45.1337861331668,,,2.335623789171277,A,9,edge-on,
gz_euclid,SAS_OTF_RELEASE_102024507_NEG715035335449118310,,102024507,71.50353356766443,-44.911831066008425,,,2.4100732086564345,A,10,edge-on,
gz_euclid,SAS_OTF_RELEASE_102024514_NEG760787342452278928,,102024514,76.07873429772492,-45.22789288543262,,,2.667222427065369,A,9,,
gz_euclid,SAS_OTF_RELEASE_102024540_NEG943610594449630540,,102024540,94.36105944573664,-44.96305404206959,,,2.953122780334036,A,10,,
gz_euclid,SAS_OTF_RELEASE_102024540_NEG946803881449867351,,102024540,94.68038816691048,-44.98673519791261,,,1.4032372806800475,C,9,,
gz_euclid,SAS_OTF_RELEASE_102024540_NEG949436260449163902,,102024540,94.9436260843422,-44.91639022398532,,,0.640632693019173,C,9,,
gz_euclid,SAS_OTF_RELEASE_102025028_NEG755699349446301807,,102025028,75.56993496527524,-44.63018071993568,,,2.1430879001449634,A,10,,
gz_euclid,SAS_OTF_RELEASE_102025033_NEG791588350447180651,,102025033,79.15883501459751,-44.718065169630734,,,2.2257513770500656,A,9,atypical,
gz_euclid,SAS_OTF_RELEASE_102025033_NEG791735367442790050,,102025033,79.1735367567412,-44.279005046266015,,,2.7810956006734817,A,9,,
gz_euclid,SAS_OTF_RELEASE_102025038_NEG827918024444714536,,102025038,82.79180241208634,-44.4714536333005,,,1.2257513770500656,C,9,,
gz_euclid,SAS_OTF_RELEASE_102025038_NEG828600474443654895,,102025038,82.86004748318437,-44.36548955252236,,,0.9525574900644448,C,10,,
gz_euclid,SAS_OTF_RELEASE_102025548_NEG763709245439627446,,102025548,76.3709245710403,-43.96274468667484,,,1.3101289597197403,C,9,,
gz_euclid,SAS_OTF_RELEASE_102025548_NEG768071021439075039,,102025548,76.80710217819242,-43.90750391706538,,,1.1341472827305086,C,10,,
gz_euclid,SAS_OTF_RELEASE_102025574_NEG944307798440239361,,102025574,94.4307798601024,-44.02393614354725,,,2.030633488774623,A,9,,
gz_euclid,SAS_OTF_RELEASE_102026063_NEG703718600432372361,,102026591,70.37186007779445,-43.23723612503878,,,3.042685077943233,A,10,,
gz_euclid,SAS_OTF_RELEASE_102026076_NEG790030546433964350,,102026076,79.00305461370556,-43.39643501240676,,,0.8155159501305305,C,10,,
gz_euclid,SAS_OTF_RELEASE_102026083_NEG841187483434536484,,102026083,84.11874837321461,-43.45364844713842,,,1.2866583330041297,C,10,,
gz_euclid,SAS_OTF_RELEASE_102026083_NEG843376269435467061,,102026083,84.33762696636143,-43.54670610086932,,,0.6155159501305303,C,10,,
gz_euclid,SAS_OTF_RELEASE_102026590_NEG699859357427557700,,102027122,69.98593570752621,-42.75577002733059,,,2.5216928713601683,A,9,atypical,
gz_euclid,SAS_OTF_RELEASE_102026609_NEG826877039429334163,,102026609,82.68770393433003,-42.933416367506695,,,1.1801452620084836,C,9,,
gz_euclid,SAS_OTF_RELEASE_102026624_NEG930760067428265020,,102026624,93.07600670109824,-42.82650206558796,,,3.0831294416393007,A,10,complete_ring,
gz_euclid,SAS_OTF_RELEASE_102027119_NEG678651383424665522,,102027119,67.86513831579579,-42.46655223811212,,,0.6635663143325653,C,10,,
gz_euclid,SAS_OTF_RELEASE_102027119_NEG680978243425953051,,102027119,68.09782433253235,-42.59530514773721,,,0.5801452620084836,C,9,,
gz_euclid,SAS_OTF_RELEASE_102027119_NEG682909677422709907,,102027120,68.2909677773286,-42.27099072285885,,,1.0082461845279431,C,9,,
gz_euclid,SAS_OTF_RELEASE_102027661_NEG714507536419167775,,102027661,71.45075365640305,-41.91677756524607,,,1.6356237891712773,B,9,,
gz_euclid,SAS_OTF_RELEASE_102028199_NEG696034922417265696,,102028199,69.60349221373093,-41.726569610023205,,,1.821692871360168,B,9,,
gz_euclid,SAS_OTF_RELEASE_102028203_NEG719672018414003815,,102028203,71.96720182246787,-41.40038153233671,,,2.580145262008484,A,9,,
gz_euclid,SAS_OTF_RELEASE_102028214_NEG794440747417410701,,102028214,79.4440747932049,-41.74107010836486,,,0.5559251300522302,C,10,,
gz_euclid,SAS_OTF_RELEASE_102028216_NEG806147618416069165,,102028216,80.61476189784143,-41.60691653630008,,,0.9386265722533352,C,10,,
gz_euclid,SAS_OTF_RELEASE_102028764_NEG830524566412417989,,102028764,83.05245664624404,-41.24179890845658,,,1.5542551217712557,B,9,,
gz_euclid,SAS_OTF_RELEASE_102029330_NEG937748570404843713,,102029330,93.77485709245852,-40.48437133296993,,,0.848531164864608,C,9,,
gz_euclid,SAS_OTF_RELEASE_102029852_NEG737721411400417133,,102029852,73.77214115437407,-40.04171335397348,,,2.30511392368425,A,10,,
gz_euclid,SAS_OTF_RELEASE_102029854_NEG751191050397635163,,102029854,75.11910501974165,-39.76351637606267,,,0.7032372806800478,C,9,,
gz_euclid,SAS_OTF_RELEASE_102029879_NEG915936621398182157,,102029879,91.59366217120107,-39.818215782930686,,,2.1810956006734816,A,9,,
gz_euclid,SAS_OTF_RELEASE_102030405_NEG714953013394549403,,102030405,71.49530139533644,-39.45494039402252,,,1.4801452620084836,C,9,,
gz_euclid,SAS_OTF_RELEASE_102030405_NEG716684505396243750,,102030405,71.66845056342761,-39.6243750222181,,,2.203237280680048,A,9,,
gz_euclid,SAS_OTF_RELEASE_102030423_NEG827041779393824741,,102030423,82.70417792184611,-39.38247418580464,,,1.966625495018448,B,9,,
gz_euclid,SAS_OTF_RELEASE_102030968_NEG726187220390482627,,102030968,72.61872200626514,-39.048262713086416,,,2.3739683407788457,A,10,,
gz_euclid,SAS_OTF_RELEASE_102030968_NEG727573771390172768,,102030968,72.75737718251916,-39.01727687922115,,,0.8542551217712557,C,9,,
gz_euclid,SAS_OTF_RELEASE_102030985_NEG836020643390860519,,102030985,83.60206435425364,-39.086051989676434,,,0.8542551217712557,C,9,edge-on,
gz_euclid,SAS_OTF_RELEASE_102030985_NEG836440065388812008,,102030985,83.6440065321674,-38.88120088950529,,,1.4032372806800475,C,9,,
gz_euclid,SAS_OTF_RELEASE_102030997_NEG914328132389476505,,102030997,91.4328132522427,-38.94765054101297,,,1.2480015505395392,C,9,,
gz_euclid,SAS_OTF_RELEASE_102032095_NEG689129757379340157,,102032095,68.91297576859029,-37.93401575173585,,,3.0216928713601683,A,9,,
gz_euclid,SAS_OTF_RELEASE_102032103_NEG736201262377751964,,102032103,73.62012625102986,-37.77519648448069,,,1.4592640256191511,C,9,,
gz_euclid,SAS_OTF_RELEASE_102032103_NEG738365647378902944,,102032103,73.83656471536095,-37.89029445272225,,,1.1306334887746226,C,9,,
gz_euclid,SAS_OTF_RELEASE_102032106_NEG755627737378013509,,102032106,75.56277375900135,-37.80135098897864,,,0.6306334887746228,C,9,,
gz_euclid,SAS_OTF_RELEASE_102032106_NEG755864665379307663,,102032106,75.5864665439693,-37.93076633619119,,,2.092599673378824,A,10,atypical,
gz_euclid,SAS_OTF_RELEASE_102032111_NEG789802327381936309,,102032111,78.98023277822654,-38.19363098543611,,,0.8071200444500872,C,9,,
gz_euclid,SAS_OTF_RELEASE_102032115_NEG810701293379037142,,102032115,81.07012939005872,-37.90371425499774,,,2.903237280680048,A,9,,
gz_euclid,SAS_OTF_RELEASE_102032115_NEG812426495377541670,,102032115,81.24264956813708,-37.75416702760739,,,0.8032372806800477,C,9,,
gz_euclid,SAS_OTF_RELEASE_102032116_NEG818123329378955830,,102032116,81.81233296629026,-37.89558306453164,,,2.8747335359588577,A,9,,
gz_euclid,SAS_OTF_RELEASE_102032116_NEG818791676381435605,,102032116,81.87916769669452,-38.14356058847432,,,0.6341472827305087,C,10,,
gz_euclid,SAS_OTF_RELEASE_102032116_NEG819105456381737870,,102032116,81.91054569538912,-38.17378707533848,,,0.9348359185741402,C,9,,
gz_euclid,SAS_OTF_RELEASE_102032116_NEG821441315380782723,,102032116,82.1441315715418,-38.07827238618257,,,1.8257513770500655,B,9,,
gz_euclid,SAS_OTF_RELEASE_102032672_NEG714171782374268585,,102032672,71.4171782232764,-37.42685855259492,,,2.4071200444500875,A,9,edge-on,
gz_euclid,SAS_OTF_RELEASE_102032678_NEG748976362377492036,,102032678,74.89763623632321,-37.74920360557098,,,2.2587344112940824,A,9,,
gz_euclid,SAS_OTF_RELEASE_102033265_NEG814775563372041650,,102033265,81.4775563367243,-37.204165032271966,,,2.054255121771256,A,9,,
gz_euclid,SAS_OTF_RELEASE_102033280_NEG908445312368293947,,102033280,90.84453125093376,-36.8293947855614,,,2.540632693019173,A,9,,
gz_euclid,SAS_OTF_RELEASE_102033284_NEG930813307370403726,,102033284,93.08133077842324,-37.0403726089234,,,0.6225067210880023,C,9,,
gz_euclid,SAS_OTF_RELEASE_102033284_NEG934714672371795695,,102033284,93.47146722350742,-37.17956952664648,,,1.440632693019173,C,9,,
gz_euclid,SAS_OTF_RELEASE_102033833_NEG739828733365286860,,102033833,73.98287336346988,-36.528686075133976,,,2.821692871360168,A,9,,
gz_euclid,SAS_OTF_RELEASE_102033833_NEG740954114363698748,,102033833,74.09541140426096,-36.36987482072581,,,1.1021719250603526,C,10,,
gz_euclid,SAS_OTF_RELEASE_102033849_NEG837964907363803663,,102033849,83.79649075455056,-36.38036638991893,,,1.931163103099692,B,9,,
gz_euclid,SAS_OTF_RELEASE_102034444_NEG909816932359648602,,102034444,90.98169324732012,-35.964860202270984,,,0.9851355624051384,C,9,desi_whirlpool,
gz_euclid,SAS_OTF_RELEASE_102034444_NEG909853870359684200,,102034444,90.98538702655982,-35.96842006384654,,,1.9302306665728923,B,9,atypical,
gz_euclid,SAS_OTF_RELEASE_102034444_NEG909948566359763026,,102034444,90.9948566046345,-35.97630267789158,,,2.6216928713601684,A,9,,
gz_euclid,SAS_OTF_RELEASE_102034444_NEG911013741359903520,,102034444,91.10137419044436,-35.99035203498644,,,0.8592640256191512,C,9,,
gz_euclid,SAS_OTF_RELEASE_102035032_NEG910914713353060002,,102035032,91.09147136963756,-35.30600028251033,,,1.742155463618164,B,10,,
gz_euclid,SAS_OTF_RELEASE_102035627_NEG935355571349396051,,102035627,93.535557120171,-34.939605142102614,,,0.8125317704997134,C,9,,
gz_euclid,SAS_OTF_RELEASE_102037418_NEG910590708336409710,,102037418,91.05907084942416,-33.64097105120778,,,2.303237280680048,A,9,,
gz_euclid,SAS_OTF_RELEASE_102037418_NEG913471406336414056,,102037418,91.34714063480013,-33.64140562585596,,,1.903237280680048,B,9,,
q1_serendiptous,outside_herve_dole_0,,102044188,54.746431,-28.22884,,,2.003766895005117,A,9,,
q1_serendiptous,outside_javier_carpio_0,,102020062,61.40995834,-49.387625,,,0.7702774635419505,C,10,,
q1_serendiptous,outside_teymoor_saifollahi_1,,102021990,65.245,-47.307,,,1.4426850779432328,C,10,,
q1_serendiptous,outside_teymoor_saifollahi_2,,102158894,273.645,65.702,,,2.0100732086564346,A,10,,Rojas et al 2025
q1_serendiptous,outside_teymoor_saifollahi_3,,102159772,265.364,67.255,,,3.0609154304488846,A,10,,
