id,label,grade,notes,ra,dec,path,split
102018665_NEG570040238507752998,1,A,,57.00402384909541,-50.77529982012066,data/cutouts/lenses/102018665_NEG570040238507752998.npy,train
102018665_NEG575758716509311713,1,B,,57.57587163373043,-50.93117135678407,data/cutouts/lenses/102018665_NEG575758716509311713.npy,val
102018665_NEG576731213511114485,1,B,,57.673121347036805,-51.11144854158032,data/cutouts/lenses/102018665_NEG576731213511114485.npy,train
102018666_NEG579859279508531437,1,A,,57.9859279150053,-50.8531437640506,data/cutouts/lenses/102018666_NEG579859279508531437.npy,train
102018667_NEG587746535508057234,1,A,,58.77465354947828,-50.80572343047943,data/cutouts/lenses/102018667_NEG587746535508057234.npy,train
102018668_NEG595646727509469177,1,A,dspl,59.56467277951752,-50.94691775377698,data/cutouts/lenses/102018668_NEG595646727509469177.npy,test
102019123_NEG564667438505382529,1,A,,56.46674380313999,-50.538252942693255,data/cutouts/lenses/102019123_NEG564667438505382529.npy,test
102019123_NEG567245233502945885,1,A,,56.724523328272205,-50.294588554343285,data/cutouts/lenses/102019123_NEG567245233502945885.npy,train
102019124_NEG572893989502570421,1,B,,57.28939899045425,-50.25704215991417,data/cutouts/lenses/102019124_NEG572893989502570421.npy,train
102019125_NEG583028233504223644,1,A,,58.30282338830154,-50.422364440621735,data/cutouts/lenses/102019125_NEG583028233504223644.npy,test
102019125_NEG586359480506090347,1,B,,58.635948080698455,-50.6090347691809,data/cutouts/lenses/102019125_NEG586359480506090347.npy,train
102019126_NEG589597149505340169,1,B,,58.95971490317726,-50.534016951929694,data/cutouts/lenses/102019126_NEG589597149505340169.npy,test
102019126_NEG589666030505609975,1,B,,58.96660305543228,-50.56099752385071,data/cutouts/lenses/102019126_NEG589666030505609975.npy,train
102019127_NEG596525941504553950,1,B,,59.65259418635493,-50.45539508343109,data/cutouts/lenses/102019127_NEG596525941504553950.npy,val
102019127_NEG598523367504401932,1,A,edge-on,59.85233674701816,-50.44019327178667,data/cutouts/lenses/102019127_NEG598523367504401932.npy,train
102019127_NEG600585702506652323,1,B,,60.05857024580175,-50.665232340817234,data/cutouts/lenses/102019127_NEG600585702506652323.npy,train
102019128_NEG607555025503027911,1,A,,60.75550251121874,-50.30279115677251,data/cutouts/lenses/102019128_NEG607555025503027911.npy,train
102019128_NEG608928997504779012,1,A,,60.892899780474096,-50.47790122954819,data/cutouts/lenses/102019128_NEG608928997504779012.npy,train
102019128_NEG609723701504645522,1,B,,60.97237010457565,-50.46455227797104,data/cutouts/lenses/102019128_NEG609723701504645522.npy,train
102019129_NEG617672661504204895,1,B,,61.767266142832256,-50.42048955522782,data/cutouts/lenses/102019129_NEG617672661504204895.npy,train
102019131_NEG626148898503257561,1,B,,62.61488980991852,-50.32575613428242,data/cutouts/lenses/102019131_NEG626148898503257561.npy,train
102019586_NEG564463213499964061,1,A,,56.446321381015146,-49.99640612068045,data/cutouts/lenses/102019586_NEG564463213499964061.npy,train
102019587_NEG569380954497924981,1,B,,56.93809545828947,-49.79249811828738,data/cutouts/lenses/102019587_NEG569380954497924981.npy,train
102019588_NEG576940500501085311,1,B,,57.69405005356776,-50.108531146574514,data/cutouts/lenses/102019588_NEG576940500501085311.npy,test
102019588_NEG579781735502176069,1,A,,57.9781735251624,-50.21760698874812,data/cutouts/lenses/102019588_NEG579781735502176069.npy,train
102019588_NEG581189290502362418,1,A,,58.11892905861379,-50.23624183385024,data/cutouts/lenses/102019588_NEG581189290502362418.npy,train
102019590_NEG590843564499562054,1,B,,59.08435649176262,-49.956205403697886,data/cutouts/lenses/102019590_NEG590843564499562054.npy,test
102019591_NEG601417531499600002,1,B,,60.14175313788287,-49.96000027775544,data/cutouts/lenses/102019591_NEG601417531499600002.npy,val
102019592_NEG606434619500983922,1,A,,60.64346193262833,-50.09839222917177,data/cutouts/lenses/102019592_NEG606434619500983922.npy,train
102019593_NEG612269334502356628,1,B,,61.2269334375336,-50.23566282725229,data/cutouts/lenses/102019593_NEG612269334502356628.npy,train
102019594_NEG620978815501656388,1,A,edge-on,62.09788156139889,-50.16563882716289,data/cutouts/lenses/102019594_NEG620978815501656388.npy,train
102019595_NEG630246532498667881,1,A,,63.02465323974107,-49.8667881732315,data/cutouts/lenses/102019595_NEG630246532498667881.npy,train
102019596_NEG637748088500119037,1,B,,63.77480885130131,-50.01190374108312,data/cutouts/lenses/102019596_NEG637748088500119037.npy,val
102020054_NEG554364696495554940,1,B,,55.43646960793195,-49.55549405557734,data/cutouts/lenses/102020054_NEG554364696495554940.npy,train
102020054_NEG556215936492901652,1,B,,55.62159369817304,-49.290165222546975,data/cutouts/lenses/102020054_NEG556215936492901652.npy,train
102020055_NEG563894315496088157,1,A,,56.38943151491934,-49.60881575787721,data/cutouts/lenses/102020055_NEG563894315496088157.npy,train
102020055_NEG564676209494509344,1,A,,56.46762095259402,-49.45093443791871,data/cutouts/lenses/102020055_NEG564676209494509344.npy,train
102020056_NEG568919155497446978,1,A,,56.89191554837005,-49.74469783990281,data/cutouts/lenses/102020056_NEG568919155497446978.npy,train
102020056_NEG569381219495998178,1,A,,56.93812190358718,-49.599817875364536,data/cutouts/lenses/102020056_NEG569381219495998178.npy,train
102020056_NEG570002701495855213,1,B,,57.00027019393232,-49.58552134143774,data/cutouts/lenses/102020056_NEG570002701495855213.npy,test
102020056_NEG571928631495947554,1,B,,57.19286316195864,-49.594755430177614,data/cutouts/lenses/102020056_NEG571928631495947554.npy,val
102020056_NEG572366304493015831,1,B,,57.2366304007054,-49.30158314012709,data/cutouts/lenses/102020056_NEG572366304493015831.npy,train
102020056_NEG573379534495223440,1,B,,57.337953416835866,-49.52234409795684,data/cutouts/lenses/102020056_NEG573379534495223440.npy,test
102020057_NEG582019329494705421,1,A,,58.20193296550151,-49.470542185359534,data/cutouts/lenses/102020057_NEG582019329494705421.npy,train
102020059_NEG590814898493650143,1,B,,59.08148989976037,-49.36501436418274,data/cutouts/lenses/102020059_NEG590814898493650143.npy,train
102020059_NEG595972740496354540,1,A,,59.597274098977714,-49.63545403109507,data/cutouts/lenses/102020059_NEG595972740496354540.npy,test
102020060_NEG598920538496078263,1,A,,59.89205385113966,-49.607826345265366,data/cutouts/lenses/102020060_NEG598920538496078263.npy,train
102020061_NEG607087127495633316,1,A,,60.70871278898007,-49.56333168622921,data/cutouts/lenses/102020061_NEG607087127495633316.npy,train
102020061_NEG608203827493491303,1,B,,60.82038274569893,-49.34913030126828,data/cutouts/lenses/102020061_NEG608203827493491303.npy,train
102020061_NEG612388468493726389,1,A,dspl,61.23884687469332,-49.37263896690335,data/cutouts/lenses/102020061_NEG612388468493726389.npy,test
102020062_NEG617330086494647877,1,A,,61.73300862196033,-49.46478776977762,data/cutouts/lenses/102020062_NEG617330086494647877.npy,test
102020062_NEG618346672492559568,1,B,,61.834667299199765,-49.25595680573238,data/cutouts/lenses/102020062_NEG618346672492559568.npy,train
102020063_NEG625857431494380658,1,B,,62.585743181309965,-49.43806588628296,data/cutouts/lenses/102020063_NEG625857431494380658.npy,train
102020063_NEG626156743494681651,1,B,,62.615674305347206,-49.46816512016682,data/cutouts/lenses/102020063_NEG626156743494681651.npy,train
102020064_NEG630441470494718517,1,A,,63.04414702952862,-49.4718517641365,data/cutouts/lenses/102020064_NEG630441470494718517.npy,test
102020064_NEG635823575494037615,1,B,,63.5823575504392,-49.40376153048183,data/cutouts/lenses/102020064_NEG635823575494037615.npy,train
102020064_NEG635872258496841682,1,A,,63.58722583981298,-49.68416823937899,data/cutouts/lenses/102020064_NEG635872258496841682.npy,test
102020065_NEG639706305497277844,1,B,,63.97063058883589,-49.727784447975104,data/cutouts/lenses/102020065_NEG639706305497277844.npy,train
102020066_NEG645419324493086283,1,A,,64.54193243783828,-49.30862837005427,data/cutouts/lenses/102020066_NEG645419324493086283.npy,train
102020528_NEG554976975487853956,1,A,,55.497697503788665,-48.785395695423865,data/cutouts/lenses/102020528_NEG554976975487853956.npy,test
102020528_NEG557594873487530963,1,A,,55.75948739301225,-48.753096396542105,data/cutouts/lenses/102020528_NEG557594873487530963.npy,test
102020528_NEG557780503491374019,1,B,,55.77805038496869,-49.13740190644816,data/cutouts/lenses/102020528_NEG557780503491374019.npy,test
102020528_NEG558800896491551043,1,B,,55.880089681433006,-49.15510438781556,data/cutouts/lenses/102020528_NEG558800896491551043.npy,val
102020528_NEG561683562487885174,1,A,,56.16835627448652,-48.7885174830928,data/cutouts/lenses/102020528_NEG561683562487885174.npy,train
102020528_NEG562073760492316605,1,B,,56.20737601280353,-49.23166055034346,data/cutouts/lenses/102020528_NEG562073760492316605.npy,val
102020529_NEG564427129491602014,1,B,,56.442712921370415,-49.16020146642965,data/cutouts/lenses/102020529_NEG564427129491602014.npy,train
102020529_NEG566452754492393104,1,A,,56.64527541741643,-49.23931044272282,data/cutouts/lenses/102020529_NEG566452754492393104.npy,train
102020530_NEG571638103490331545,1,B,,57.16381035568261,-49.03315451807532,data/cutouts/lenses/102020530_NEG571638103490331545.npy,train
102020530_NEG572303674490459976,1,B,,57.230367495986805,-49.04599764138084,data/cutouts/lenses/102020530_NEG572303674490459976.npy,val
102020530_NEG572378924491097026,1,B,,57.23789245830907,-49.10970265313149,data/cutouts/lenses/102020530_NEG572378924491097026.npy,train
102020530_NEG575336420489680805,1,B,,57.53364206673457,-48.96808058090636,data/cutouts/lenses/102020530_NEG575336420489680805.npy,test
102020531_NEG579471354491627648,1,A,,57.9471354749442,-49.16276485789378,data/cutouts/lenses/102020531_NEG579471354491627648.npy,train
102020532_NEG584961967491933103,1,A,,58.49619670592336,-49.19331030851976,data/cutouts/lenses/102020532_NEG584961967491933103.npy,val
102020532_NEG585131565488109327,1,B,,58.51315652251934,-48.81093274345079,data/cutouts/lenses/102020532_NEG585131565488109327.npy,test
102020532_NEG589257492489565961,1,A,,58.92574921328832,-48.95659616705754,data/cutouts/lenses/102020532_NEG589257492489565961.npy,train
102020532_NEG591117402487550021,1,A,,59.11174027572756,-48.75500215813452,data/cutouts/lenses/102020532_NEG591117402487550021.npy,train
102020532_NEG592320863488461402,1,B,,59.23208639600032,-48.84614020430707,data/cutouts/lenses/102020532_NEG592320863488461402.npy,test
102020533_NEG596261344490617547,1,A,edge-on,59.62613444089271,-49.06175479865302,data/cutouts/lenses/102020533_NEG596261344490617547.npy,train
102020534_NEG600985388487893328,1,A,,60.09853883829494,-48.78933287381373,data/cutouts/lenses/102020534_NEG600985388487893328.npy,train
102020534_NEG604836154490669092,1,A,,60.48361548429967,-49.066909219608,data/cutouts/lenses/102020534_NEG604836154490669092.npy,train
102020534_NEG604929086489066527,1,B,,60.49290865450189,-48.9066527916342,data/cutouts/lenses/102020534_NEG604929086489066527.npy,train
102020535_NEG608150353491434608,1,B,,60.81503538394456,-49.143460836132256,data/cutouts/lenses/102020535_NEG608150353491434608.npy,train
102020536_NEG621645331488224037,1,A,,62.1645331458563,-48.82240372116829,data/cutouts/lenses/102020536_NEG621645331488224037.npy,train
102020537_NEG623663816492513043,1,A,,62.36638161121404,-49.251304338614574,data/cutouts/lenses/102020537_NEG623663816492513043.npy,train
102020537_NEG626913533487999205,1,B,,62.69135336338961,-48.79992054178796,data/cutouts/lenses/102020537_NEG626913533487999205.npy,val
102020538_NEG631689440492354239,1,A,,63.16894406176176,-49.23542398043353,data/cutouts/lenses/102020538_NEG631689440492354239.npy,train
102020538_NEG637045736489835935,1,A,edge-on,63.704573695260834,-48.983593566794056,data/cutouts/lenses/102020538_NEG637045736489835935.npy,train
102020539_NEG639239120489296299,1,A,,63.92391201757077,-48.92962998662928,data/cutouts/lenses/102020539_NEG639239120489296299.npy,train
102020539_NEG640534948489252606,1,B,,64.05349482739716,-48.9252606890651,data/cutouts/lenses/102020539_NEG640534948489252606.npy,train
102020539_NEG641383802490968352,1,A,,64.13838028821728,-49.09683520382191,data/cutouts/lenses/102020539_NEG641383802490968352.npy,train
102020539_NEG642885250488814700,1,A,,64.28852506159132,-48.88147008679599,data/cutouts/lenses/102020539_NEG642885250488814700.npy,train
102021006_NEG554672577486973111,1,A,,55.46725774971254,-48.69731117993872,data/cutouts/lenses/102021006_NEG554672577486973111.npy,test
102021008_NEG569571426487440793,1,A,,56.95714260917783,-48.74407934750487,data/cutouts/lenses/102021008_NEG569571426487440793.npy,train
102021009_NEG577024787484062221,1,A,,57.70247875982041,-48.40622214909423,data/cutouts/lenses/102021009_NEG577024787484062221.npy,train
102021010_NEG581199679484613010,1,B,,58.119967906294704,-48.46130106505595,data/cutouts/lenses/102021010_NEG581199679484613010.npy,train
102021012_NEG594963796484947260,1,A,,59.49637969470766,-48.494726093546255,data/cutouts/lenses/102021012_NEG594963796484947260.npy,train
102021012_NEG595807815483116843,1,B,,59.58078150513329,-48.31168430485456,data/cutouts/lenses/102021012_NEG595807815483116843.npy,train
102021013_NEG602940269483238112,1,B,,60.29402695508576,-48.32381123584299,data/cutouts/lenses/102021013_NEG602940269483238112.npy,train
102021013_NEG606090281487314103,1,B,,60.60902818000293,-48.73141034503661,data/cutouts/lenses/102021013_NEG606090281487314103.npy,train
102021014_NEG610047486487275523,1,A,,61.0047486834014,-48.72755230023029,data/cutouts/lenses/102021014_NEG610047486487275523.npy,train
102021014_NEG612545150486042170,1,A,,61.25451503132635,-48.60421707977,data/cutouts/lenses/102021014_NEG612545150486042170.npy,train
102021014_NEG613552795482722691,1,B,,61.35527953096157,-48.272269146205225,data/cutouts/lenses/102021014_NEG613552795482722691.npy,train
102021014_NEG614981615482506340,1,B,,61.49816157729836,-48.25063403193359,data/cutouts/lenses/102021014_NEG614981615482506340.npy,train
102021014_NEG616133820483754774,1,A,,61.61338207712614,-48.37547746153754,data/cutouts/lenses/102021014_NEG616133820483754774.npy,train
102021015_NEG616932997484302318,1,B,,61.69329975421426,-48.430231815488426,data/cutouts/lenses/102021015_NEG616932997484302318.npy,train
102021016_NEG626678160486839020,1,A,edge-on,62.66781600751191,-48.68390205226024,data/cutouts/lenses/102021016_NEG626678160486839020.npy,train
102021016_NEG627891706482718950,1,A,complete ring,62.78917068450788,-48.27189506638918,data/cutouts/lenses/102021016_NEG627891706482718950.npy,train
102021016_NEG627937046483290884,1,A,,62.793704662662094,-48.32908846893992,data/cutouts/lenses/102021016_NEG627937046483290884.npy,val
102021016_NEG629139696484887212,1,A,,62.91396966118239,-48.48872120604349,data/cutouts/lenses/102021016_NEG629139696484887212.npy,train
102021016_NEG629685198482852633,1,B,,62.96851985754328,-48.285263348191855,data/cutouts/lenses/102021016_NEG629685198482852633.npy,train
102021017_NEG633207820486535571,1,B,,63.32078207823651,-48.6535571859489,data/cutouts/lenses/102021017_NEG633207820486535571.npy,train
102021017_NEG634146279486865014,1,A,complete ring,63.41462793838686,-48.6865014442007,data/cutouts/lenses/102021017_NEG634146279486865014.npy,val
102021017_NEG637928660482715254,1,A,,63.79286609060805,-48.27152549809416,data/cutouts/lenses/102021017_NEG637928660482715254.npy,train
102021018_NEG640120110483854165,1,A,edge-on,64.01201105416371,-48.385416518032095,data/cutouts/lenses/102021018_NEG640120110483854165.npy,train
102021019_NEG651956451483599583,1,A,,65.1956451002235,-48.35995837358245,data/cutouts/lenses/102021019_NEG651956451483599583.npy,train
102021020_NEG656951229482999258,1,B,,65.69512293447303,-48.29992584867339,data/cutouts/lenses/102021020_NEG656951229482999258.npy,train
102021020_NEG657545464483151702,1,A,,65.7545464958331,-48.31517021319289,data/cutouts/lenses/102021020_NEG657545464483151702.npy,test
102021491_NEG571345829477653406,1,B,,57.13458292532511,-47.76534068188999,data/cutouts/lenses/102021491_NEG571345829477653406.npy,train
102021492_NEG575201344482287786,1,A,,57.52013446409377,-48.228778611310375,data/cutouts/lenses/102021492_NEG575201344482287786.npy,train
102021492_NEG579460447477747720,1,B,,57.94604475103274,-47.77477209107829,data/cutouts/lenses/102021492_NEG579460447477747720.npy,val
102021492_NEG580553783482399812,1,A,,58.05537835500126,-48.2399812580102,data/cutouts/lenses/102021492_NEG580553783482399812.npy,train
102021493_NEG583380599480841946,1,B,,58.33805998902349,-48.08419465949512,data/cutouts/lenses/102021493_NEG583380599480841946.npy,val
102021493_NEG584317889477816598,1,B,,58.43178892264506,-47.781659836956656,data/cutouts/lenses/102021493_NEG584317889477816598.npy,val
102021493_NEG584908045481892408,1,B,,58.49080454415064,-48.18924082046728,data/cutouts/lenses/102021493_NEG584908045481892408.npy,train
102021493_NEG586398445479765591,1,A,,58.6398445644672,-47.97655913222404,data/cutouts/lenses/102021493_NEG586398445479765591.npy,test
102021493_NEG587807121477852004,1,A,,58.78071211885828,-47.78520044646224,data/cutouts/lenses/102021493_NEG587807121477852004.npy,train
102021495_NEG596705787481338553,1,B,,59.67057874004436,-48.13385535539454,data/cutouts/lenses/102021495_NEG596705787481338553.npy,train
102021496_NEG603335199478099381,1,B,,60.33351994539934,-47.80993814195615,data/cutouts/lenses/102021496_NEG603335199478099381.npy,train
102021497_NEG611694459481354870,1,B,,61.16944594252457,-48.13548704773953,data/cutouts/lenses/102021497_NEG611694459481354870.npy,train
102021497_NEG615658160478755691,1,A,,61.56581602527029,-47.875569126860064,data/cutouts/lenses/102021497_NEG615658160478755691.npy,train
102021498_NEG620710751479897662,1,B,,62.07107515139318,-47.98976626518308,data/cutouts/lenses/102021498_NEG620710751479897662.npy,train
102021498_NEG622697531480704134,1,A,,62.26975319129441,-48.07041343601949,data/cutouts/lenses/102021498_NEG622697531480704134.npy,test
102021499_NEG628042951482285714,1,B,,62.80429513652352,-48.228571450804566,data/cutouts/lenses/102021499_NEG628042951482285714.npy,train
102021499_NEG630283151478334717,1,A,,63.028315136446025,-47.8334717012344,data/cutouts/lenses/102021499_NEG630283151478334717.npy,train
102021499_NEG631323422479949628,1,A,,63.13234225032457,-47.994962855931306,data/cutouts/lenses/102021499_NEG631323422479949628.npy,train
102021499_NEG632503018480736583,1,B,,63.25030187037567,-48.073658352372775,data/cutouts/lenses/102021499_NEG632503018480736583.npy,train
102021500_NEG636294430480333264,1,A,,63.629443096530274,-48.03332641580719,data/cutouts/lenses/102021500_NEG636294430480333264.npy,train
102021500_NEG636862073478549953,1,B,,63.68620732648826,-47.854995308359584,data/cutouts/lenses/102021500_NEG636862073478549953.npy,train
102021501_NEG642870048480955813,1,A,,64.2870048302998,-48.09558136723311,data/cutouts/lenses/102021501_NEG642870048480955813.npy,train
102021502_NEG651338380481989567,1,B,,65.1338380431143,-48.19895674114229,data/cutouts/lenses/102021502_NEG651338380481989567.npy,train
102021502_NEG653108030479223468,1,B,,65.31080305209322,-47.922346850015,data/cutouts/lenses/102021502_NEG653108030479223468.npy,train
102021503_NEG655073934479995542,1,A,,65.50739347435011,-47.999554233282666,data/cutouts/lenses/102021503_NEG655073934479995542.npy,train
102021503_NEG656130209478570072,1,B,,65.61302094240996,-47.85700724338475,data/cutouts/lenses/102021503_NEG656130209478570072.npy,train
102021504_NEG663164014479278882,1,A,,66.31640147748985,-47.92788825569146,data/cutouts/lenses/102021504_NEG663164014479278882.npy,test
102021504_NEG664151473481313012,1,A,,66.41514731280975,-48.1313012839126,data/cutouts/lenses/102021504_NEG664151473481313012.npy,val
102021504_NEG664270221479670737,1,B,,66.42702212332838,-47.96707373847487,data/cutouts/lenses/102021504_NEG664270221479670737.npy,test
102021504_NEG666846889481107505,1,A,dspl,66.6846889176653,-48.11075055876625,data/cutouts/lenses/102021504_NEG666846889481107505.npy,test
102021504_NEG667954670479292514,1,B,,66.79546707520412,-47.92925147815606,data/cutouts/lenses/102021504_NEG667954670479292514.npy,train
102021504_NEG669028748480810029,1,B,,66.90287483290972,-48.081002932370325,data/cutouts/lenses/102021504_NEG669028748480810029.npy,train
102021978_NEG565786336477092595,1,B,,56.57863366543075,-47.70925955973561,data/cutouts/lenses/102021978_NEG565786336477092595.npy,test
102021980_NEG576667803474825283,1,A,,57.66678036613653,-47.48252837001076,data/cutouts/lenses/102021980_NEG576667803474825283.npy,val
102021980_NEG577646036477033395,1,A,,57.76460363684858,-47.703339537723664,data/cutouts/lenses/102021980_NEG577646036477033395.npy,train
102021980_NEG580387113476956642,1,A,edge-on,58.03871130646088,-47.695664261641575,data/cutouts/lenses/102021980_NEG580387113476956642.npy,val
102021981_NEG583343318473770500,1,B,,58.33433186316805,-47.37705009545618,data/cutouts/lenses/102021981_NEG583343318473770500.npy,train
102021981_NEG586493481476452509,1,A,,58.64934816918978,-47.64525099288048,data/cutouts/lenses/102021981_NEG586493481476452509.npy,train
102021982_NEG590483847476549202,1,B,,59.04838472769886,-47.65492024159551,data/cutouts/lenses/102021982_NEG590483847476549202.npy,val
102021982_NEG593574657477168830,1,B,,59.35746571253708,-47.71688303229656,data/cutouts/lenses/102021982_NEG593574657477168830.npy,train
102021982_NEG594322234473727139,1,B,,59.43222341809382,-47.372713987877226,data/cutouts/lenses/102021982_NEG594322234473727139.npy,val
102021982_NEG594333174476368664,1,B,,59.43331745903771,-47.63686642414596,data/cutouts/lenses/102021982_NEG594333174476368664.npy,test
102021982_NEG597271535474325465,1,B,,59.7271535701174,-47.43254656415838,data/cutouts/lenses/102021982_NEG597271535474325465.npy,test
102021984_NEG605671540476154903,1,B,,60.56715403848347,-47.615490394669344,data/cutouts/lenses/102021984_NEG605671540476154903.npy,val
102021984_NEG609678648473892045,1,A,,60.96786484901045,-47.38920450452581,data/cutouts/lenses/102021984_NEG609678648473892045.npy,train
102021984_NEG610367881474644147,1,A,,61.03678813026211,-47.46441472398151,data/cutouts/lenses/102021984_NEG610367881474644147.npy,train
102021985_NEG615462575476067577,1,B,,61.54625759294912,-47.60675777390789,data/cutouts/lenses/102021985_NEG615462575476067577.npy,train
102021985_NEG616063813472801324,1,B,,61.606381326933146,-47.28013242538863,data/cutouts/lenses/102021985_NEG616063813472801324.npy,train
102021986_NEG619535738476339304,1,A,,61.9535738292272,-47.63393044312661,data/cutouts/lenses/102021986_NEG619535738476339304.npy,train
102021986_NEG621796804473410288,1,B,,62.179680491291656,-47.34102886093636,data/cutouts/lenses/102021986_NEG621796804473410288.npy,train
102021986_NEG622189376472948583,1,B,,62.21893769144855,-47.29485831343858,data/cutouts/lenses/102021986_NEG622189376472948583.npy,val
102021986_NEG622483671477358161,1,B,,62.24836718683294,-47.73581613037174,data/cutouts/lenses/102021986_NEG622483671477358161.npy,train
102021986_NEG624049517477067447,1,B,,62.40495179198199,-47.70674479492207,data/cutouts/lenses/102021986_NEG624049517477067447.npy,train
102021987_NEG632575884473969454,1,A,,63.25758842582554,-47.396945472706,data/cutouts/lenses/102021987_NEG632575884473969454.npy,train
102021988_NEG636381546474267847,1,B,,63.63815462617454,-47.42678472523166,data/cutouts/lenses/102021988_NEG636381546474267847.npy,train
102021988_NEG637845892475954405,1,A,,63.784589200839584,-47.5954405864353,data/cutouts/lenses/102021988_NEG637845892475954405.npy,train
102021988_NEG640289253474412348,1,A,,64.0289253232282,-47.44123483439196,data/cutouts/lenses/102021988_NEG640289253474412348.npy,val
102021989_NEG644172618476134973,1,A,,64.41726186763333,-47.61349731436477,data/cutouts/lenses/102021989_NEG644172618476134973.npy,train
102021990_NEG650312660474055399,1,A,,65.03126603454716,-47.40553996348327,data/cutouts/lenses/102021990_NEG650312660474055399.npy,train
102021990_NEG651246796473086761,1,A,,65.12467967083242,-47.30867614502389,data/cutouts/lenses/102021990_NEG651246796473086761.npy,train
102022474_NEG590266584471556814,1,A,,59.02665840481892,-47.15568145118306,data/cutouts/lenses/102022474_NEG590266584471556814.npy,train
102022474_NEG591186165469192016,1,A,,59.1186165209685,-46.91920162927952,data/cutouts/lenses/102022474_NEG591186165469192016.npy,train
102022476_NEG601657296470027378,1,B,,60.165729654101575,-47.002737869545705,data/cutouts/lenses/102022476_NEG601657296470027378.npy,test
102022477_NEG611759342471748630,1,B,,61.17593429956104,-47.17486301277761,data/cutouts/lenses/102022477_NEG611759342471748630.npy,train
102022477_NEG612993633468010321,1,B,edge-on,61.29936330935708,-46.80103217199372,data/cutouts/lenses/102022477_NEG612993633468010321.npy,train
102022477_NEG613081088467583327,1,B,,61.30810882911898,-46.758332721325424,data/cutouts/lenses/102022477_NEG613081088467583327.npy,train
102022478_NEG615325075470840323,1,B,,61.53250755299951,-47.08403232533755,data/cutouts/lenses/102022478_NEG615325075470840323.npy,val
102022479_NEG621145334471255869,1,B,,62.11453340376329,-47.12558698760536,data/cutouts/lenses/102022479_NEG621145334471255869.npy,train
102022479_NEG623150693471748758,1,B,,62.315069322771095,-47.17487589182628,data/cutouts/lenses/102022479_NEG623150693471748758.npy,val
102022479_NEG623367075470669448,1,A,,62.33670758594723,-47.06694489009498,data/cutouts/lenses/102022479_NEG623367075470669448.npy,train
102022480_NEG630160205470193218,1,B,,63.01602051543424,-47.01932185662968,data/cutouts/lenses/102022480_NEG630160205470193218.npy,test
102022481_NEG640261052470604135,1,B,,64.02610523083732,-47.06041352139383,data/cutouts/lenses/102022481_NEG640261052470604135.npy,train
102022481_NEG641874067471349140,1,B,,64.18740679417816,-47.1349140790585,data/cutouts/lenses/102022481_NEG641874067471349140.npy,test
102022482_NEG644534872469264836,1,A,,64.4534872752285,-46.92648360348397,data/cutouts/lenses/102022482_NEG644534872469264836.npy,train
102022482_NEG647287168468367807,1,B,,64.72871684880818,-46.836780720130186,data/cutouts/lenses/102022482_NEG647287168468367807.npy,train
102022483_NEG650705793470600869,1,B,,65.07057938390258,-47.060086929961074,data/cutouts/lenses/102022483_NEG650705793470600869.npy,train
102022483_NEG653290299470260264,1,A,,65.32902999175099,-47.02602645865221,data/cutouts/lenses/102022483_NEG653290299470260264.npy,train
102022483_NEG653649683470250799,1,B,,65.36496839836326,-47.02507994136218,data/cutouts/lenses/102022483_NEG653649683470250799.npy,train
102022484_NEG657584203469449092,1,A,,65.75842037046594,-46.94490921493867,data/cutouts/lenses/102022484_NEG657584203469449092.npy,val
102022972_NEG597052478465695317,1,A,,59.70524784467164,-46.56953177707104,data/cutouts/lenses/102022972_NEG597052478465695317.npy,val
102022973_NEG606454307466806991,1,A,,60.64543078160698,-46.68069910195588,data/cutouts/lenses/102022973_NEG606454307466806991.npy,test
102022974_NEG610978759464405134,1,B,,61.09787596659113,-46.44051347581706,data/cutouts/lenses/102022974_NEG610978759464405134.npy,train
102022975_NEG617890913466103850,1,A,,61.78909134803828,-46.61038501355464,data/cutouts/lenses/102022975_NEG617890913466103850.npy,test
102022977_NEG631763965463618343,1,B,,63.176396555414215,-46.36183434674613,data/cutouts/lenses/102022977_NEG631763965463618343.npy,train
102022978_NEG639856435467273842,1,A,,63.9856435425629,-46.72738424488188,data/cutouts/lenses/102022978_NEG639856435467273842.npy,train
102022980_NEG653069109465982282,1,A,,65.30691092767607,-46.59822823435719,data/cutouts/lenses/102022980_NEG653069109465982282.npy,train
102022980_NEG657082285467450951,1,B,,65.70822852262235,-46.74509511325952,data/cutouts/lenses/102022980_NEG657082285467450951.npy,train
102022980_NEG657553777465731159,1,A,,65.75537771041878,-46.57311597346415,data/cutouts/lenses/102022980_NEG657553777465731159.npy,train
102023476_NEG610025395461180513,1,A,,61.00253957732884,-46.11805137162271,data/cutouts/lenses/102023476_NEG610025395461180513.npy,train
102023478_NEG628457640459296313,1,A,,62.84576401449824,-45.92963139466405,data/cutouts/lenses/102023478_NEG628457640459296313.npy,val
102023479_NEG631968882458727056,1,A,,63.196888272888046,-45.87270566524282,data/cutouts/lenses/102023479_NEG631968882458727056.npy,train
102023479_NEG633382827461467539,1,A,,63.33828270800054,-46.14675398144309,data/cutouts/lenses/102023479_NEG633382827461467539.npy,test
102023479_NEG633491501461458871,1,B,,63.34915010836785,-46.14588710558657,data/cutouts/lenses/102023479_NEG633491501461458871.npy,train
102023480_NEG640021734460830824,1,B,,64.00217342456871,-46.08308249206795,data/cutouts/lenses/102023480_NEG640021734460830824.npy,train
102023480_NEG640270096460844048,1,B,,64.02700969109169,-46.08440488708592,data/cutouts/lenses/102023480_NEG640270096460844048.npy,train
102023480_NEG642201006461096820,1,B,,64.22010069763697,-46.10968203057439,data/cutouts/lenses/102023480_NEG642201006461096820.npy,train
102023481_NEG647245161459048846,1,A,,64.72451612348969,-45.90488464671768,data/cutouts/lenses/102023481_NEG647245161459048846.npy,test
102023482_NEG655179432459165110,1,B,,65.51794326392798,-45.91651107756741,data/cutouts/lenses/102023482_NEG655179432459165110.npy,test
102023482_NEG657383017460972594,1,B,,65.73830175052379,-46.09725944968683,data/cutouts/lenses/102023482_NEG657383017460972594.npy,train
102023984_NEG627804838454213106,1,A,,62.78048386794535,-45.4213106327194,data/cutouts/lenses/102023984_NEG627804838454213106.npy,train
102023984_NEG628683592457046709,1,A,,62.8683592745232,-45.704670979868624,data/cutouts/lenses/102023984_NEG628683592457046709.npy,test
102023984_NEG631043463457052623,1,B,edge-on,63.10434637855938,-45.70526232957247,data/cutouts/lenses/102023984_NEG631043463457052623.npy,val
102023986_NEG643189719456460589,1,B,,64.31897196009866,-45.64605890044793,data/cutouts/lenses/102023986_NEG643189719456460589.npy,train
102041656_NEG523359673301396466,1,B,,52.33596739170452,-30.139646609274138,data/cutouts/lenses/102041656_NEG523359673301396466.npy,train
102041657_NEG527330118300603942,1,B,edge-on,52.73301189004299,-30.060394203188203,data/cutouts/lenses/102041657_NEG527330118300603942.npy,test
102041657_NEG527925237298894414,1,A,,52.79252379595951,-29.88944147404416,data/cutouts/lenses/102041657_NEG527925237298894414.npy,train
102041657_NEG528301123298298693,1,A,,52.8301123322179,-29.82986934888345,data/cutouts/lenses/102041657_NEG528301123298298693.npy,train
102041657_NEG529209996299100136,1,A,,52.92099965374398,-29.91001367205823,data/cutouts/lenses/102041657_NEG529209996299100136.npy,val
102042282_NEG517070963297124785,1,B,,51.707096352182745,-29.712478588163005,data/cutouts/lenses/102042282_NEG517070963297124785.npy,train
102042283_NEG518770667295125494,1,A,edge-on,51.87706671211459,-29.512549467386364,data/cutouts/lenses/102042283_NEG518770667295125494.npy,train
102042283_NEG520608563295081214,1,B,,52.0608563513396,-29.50812141969979,data/cutouts/lenses/102042283_NEG520608563295081214.npy,val
102042283_NEG521070591294671601,1,B,,52.10705916602482,-29.467160198695264,data/cutouts/lenses/102042283_NEG521070591294671601.npy,test
102042284_NEG523902104295926900,1,B,,52.39021042684189,-29.592690005903176,data/cutouts/lenses/102042284_NEG523902104295926900.npy,val
102042284_NEG526888815294982643,1,A,,52.68888150861861,-29.498264398459888,data/cutouts/lenses/102042284_NEG526888815294982643.npy,train
102042284_NEG528356577292866317,1,B,,52.83565776408496,-29.28663177075172,data/cutouts/lenses/102042284_NEG528356577292866317.npy,test
102042287_NEG540365671293205439,1,B,,54.03656715287476,-29.32054393414841,data/cutouts/lenses/102042287_NEG540365671293205439.npy,val
102042287_NEG543727111293847771,1,B,,54.37271115161365,-29.384777131349484,data/cutouts/lenses/102042287_NEG543727111293847771.npy,train
102042913_NEG515596854290228591,1,B,,51.55968541095926,-29.022859166356096,data/cutouts/lenses/102042913_NEG515596854290228591.npy,train
102042913_NEG515847139291141021,1,A,,51.58471391404591,-29.114102191323457,data/cutouts/lenses/102042913_NEG515847139291141021.npy,train
102042913_NEG516249178292373011,1,B,edge-on,51.62491780564062,-29.23730114505462,data/cutouts/lenses/102042913_NEG516249178292373011.npy,train
102042913_NEG518198793288220397,1,B,edge-on,51.81987931988373,-28.82203972762372,data/cutouts/lenses/102042913_NEG518198793288220397.npy,val
102042913_NEG520471782290867053,1,A,,52.04717824679261,-29.08670539117257,data/cutouts/lenses/102042913_NEG520471782290867053.npy,train
102042914_NEG520791097292457766,1,A,,52.07910976293189,-29.24577660750816,data/cutouts/lenses/102042914_NEG520791097292457766.npy,train
102042914_NEG522625262291125533,1,A,,52.262526273501,-29.11255338608705,data/cutouts/lenses/102042914_NEG522625262291125533.npy,train
102042914_NEG523479785291521247,1,A,,52.34797854483788,-29.15212478307529,data/cutouts/lenses/102042914_NEG523479785291521247.npy,train
102042915_NEG527574180288799276,1,A,,52.75741809343428,-28.87992760661953,data/cutouts/lenses/102042915_NEG527574180288799276.npy,train
102042915_NEG528545016288651034,1,B,,52.85450169543065,-28.865103458157133,data/cutouts/lenses/102042915_NEG528545016288651034.npy,train
102042915_NEG529823788292531675,1,B,,52.98237884657878,-29.253167568876144,data/cutouts/lenses/102042915_NEG529823788292531675.npy,train
102042915_NEG531310919292142818,1,B,,53.131091993387386,-29.214281899776903,data/cutouts/lenses/102042915_NEG531310919292142818.npy,train
102042916_NEG533251142291509670,1,A,,53.3251142778574,-29.15096706182251,data/cutouts/lenses/102042916_NEG533251142291509670.npy,test
102042917_NEG539279061291936993,1,A,,53.92790616393022,-29.19369935009748,data/cutouts/lenses/102042917_NEG539279061291936993.npy,train
102042917_NEG540132584291926297,1,A,,54.013258430324896,-29.192629748914623,data/cutouts/lenses/102042917_NEG540132584291926297.npy,train
102042917_NEG540926519290733004,1,B,,54.09265196528655,-29.073300402181623,data/cutouts/lenses/102042917_NEG540926519290733004.npy,train
102042918_NEG544805259289548872,1,A,,54.480525954294606,-28.954887264503345,data/cutouts/lenses/102042918_NEG544805259289548872.npy,test
102042919_NEG549525883291619345,1,A,,54.95258837432254,-29.16193451041988,data/cutouts/lenses/102042919_NEG549525883291619345.npy,val
102042919_NEG549725555290756868,1,A,,54.97255557552779,-29.07568680536772,data/cutouts/lenses/102042919_NEG549725555290756868.npy,train
102042919_NEG550105155291238806,1,B,,55.01051552373555,-29.12388069970221,data/cutouts/lenses/102042919_NEG550105155291238806.npy,train
102042919_NEG550298555288445169,1,B,,55.02985559221574,-28.844516977045007,data/cutouts/lenses/102042919_NEG550298555288445169.npy,train
102042919_NEG550683279289700727,1,A,complete ring,55.06832793157976,-28.9700727133312,data/cutouts/lenses/102042919_NEG550683279289700727.npy,test
102043546_NEG516559001286493665,1,B,,51.65590011467211,-28.6493665056946,data/cutouts/lenses/102043546_NEG516559001286493665.npy,train
102043549_NEG530257443283430270,1,A,complete ring,53.02574434762016,-28.34302702586864,data/cutouts/lenses/102043549_NEG530257443283430270.npy,test
102043551_NEG542774461286906112,1,B,,54.27744618379619,-28.690611214572936,data/cutouts/lenses/102043551_NEG542774461286906112.npy,test
102043551_NEG544735665285502399,1,B,,54.47356655650909,-28.55023993346261,data/cutouts/lenses/102043551_NEG544735665285502399.npy,train
102043551_NEG546245791286829440,1,A,,54.6245791585433,-28.682944069298216,data/cutouts/lenses/102043551_NEG546245791286829440.npy,val
102043552_NEG547756940286644821,1,A,,54.77569408152624,-28.66448211695416,data/cutouts/lenses/102043552_NEG547756940286644821.npy,train
102043552_NEG548209510282510524,1,A,,54.82095104672501,-28.25105243240389,data/cutouts/lenses/102043552_NEG548209510282510524.npy,val
102044182_NEG510181483277803809,1,B,,51.01814831639855,-27.78038095373029,data/cutouts/lenses/102044182_NEG510181483277803809.npy,val
102044182_NEG512061540278527911,1,A,,51.20615401023922,-27.85279118357624,data/cutouts/lenses/102044182_NEG512061540278527911.npy,test
102044182_NEG514435270280350833,1,A,,51.44352700531004,-28.0350833479322,data/cutouts/lenses/102044182_NEG514435270280350833.npy,val
102044183_NEG515787441281897369,1,A,,51.57874416555804,-28.189736933084728,data/cutouts/lenses/102044183_NEG515787441281897369.npy,train
102044185_NEG527087067278561642,1,B,,52.70870673939618,-27.856164261538,data/cutouts/lenses/102044185_NEG527087067278561642.npy,train
102044185_NEG528176967277992842,1,B,,52.81769675690601,-27.799284255737305,data/cutouts/lenses/102044185_NEG528176967277992842.npy,train
102044185_NEG529514172281460834,1,A,,52.95141727381891,-28.14608341271236,data/cutouts/lenses/102044185_NEG529514172281460834.npy,train
102044186_NEG535621262280129063,1,A,complete ring,53.56212625889032,-28.01290638406208,data/cutouts/lenses/102044186_NEG535621262280129063.npy,train
102044186_NEG536764250280439031,1,B,,53.676425099151245,-28.043903187455896,data/cutouts/lenses/102044186_NEG536764250280439031.npy,train
102044186_NEG537484692277631702,1,B,,53.74846927381223,-27.763170217402745,data/cutouts/lenses/102044186_NEG537484692277631702.npy,train
102044187_NEG538533000282255459,1,B,,53.85330005751175,-28.22554594493343,data/cutouts/lenses/102044187_NEG538533000282255459.npy,val
102044187_NEG538575988280255664,1,A,,53.85759887222229,-28.02556642635688,data/cutouts/lenses/102044187_NEG538575988280255664.npy,train
102044187_NEG542891812279697972,1,B,,54.289181214003854,-27.96979729520765,data/cutouts/lenses/102044187_NEG542891812279697972.npy,train
102044188_NEG548070624278595332,1,A,edge-on,54.807062463478985,-27.85953328459572,data/cutouts/lenses/102044188_NEG548070624278595332.npy,train
102044821_NEG508798294276486404,1,A,,50.87982942615197,-27.64864043281615,data/cutouts/lenses/102044821_NEG508798294276486404.npy,train
102044821_NEG509449559274572380,1,A,,50.94495595239306,-27.4572380334476,data/cutouts/lenses/102044821_NEG509449559274572380.npy,train
102044823_NEG519633334274259646,1,A,,51.963333406311975,-27.425964645733604,data/cutouts/lenses/102044823_NEG519633334274259646.npy,test
102044823_NEG523091195273907574,1,B,,52.309119513753465,-27.390757480741296,data/cutouts/lenses/102044823_NEG523091195273907574.npy,train
102044824_NEG525230483273308137,1,B,,52.5230483017954,-27.33081373157524,data/cutouts/lenses/102044824_NEG525230483273308137.npy,train
102044824_NEG528789191276364582,1,A,,52.87891913064314,-27.636458287943867,data/cutouts/lenses/102044824_NEG528789191276364582.npy,train
102044825_NEG534081174272937149,1,A,,53.408117445209946,-27.2937149013282,data/cutouts/lenses/102044825_NEG534081174272937149.npy,test
102044826_NEG537879168275630474,1,A,,53.78791682486845,-27.5630474248287,data/cutouts/lenses/102044826_NEG537879168275630474.npy,train
102044826_NEG537893681272621987,1,A,,53.78936818611787,-27.26219875128607,data/cutouts/lenses/102044826_NEG537893681272621987.npy,train
102044827_NEG542909292272696454,1,B,,54.2909292678002,-27.269645476267584,data/cutouts/lenses/102044827_NEG542909292272696454.npy,train
102044827_NEG544423614276266111,1,B,,54.44236143563962,-27.626611167335145,data/cutouts/lenses/102044827_NEG544423614276266111.npy,test
102045463_NEG510020362271915172,1,B,,51.0020362232379,-27.191517292522285,data/cutouts/lenses/102045463_NEG510020362271915172.npy,train
102045463_NEG510363299272415391,1,A,,51.036329986304246,-27.24153910410949,data/cutouts/lenses/102045463_NEG510363299272415391.npy,train
102045464_NEG512422645270221464,1,B,,51.24226454312596,-27.02214645082399,data/cutouts/lenses/102045464_NEG512422645270221464.npy,test
102045464_NEG514418387268262939,1,B,,51.44183879061816,-26.82629397895439,data/cutouts/lenses/102045464_NEG514418387268262939.npy,test
102045464_NEG515803462270682480,1,B,,51.58034629682901,-27.06824809575101,data/cutouts/lenses/102045464_NEG515803462270682480.npy,train
102045466_NEG522784531269221616,1,A,edge-on,52.27845319092136,-26.922161677633607,data/cutouts/lenses/102045466_NEG522784531269221616.npy,train
102045466_NEG526398502270513535,1,A,,52.639850230005855,-27.05135350205716,data/cutouts/lenses/102045466_NEG526398502270513535.npy,train
102045466_NEG526735767268568130,1,B,,52.67357673662208,-26.8568130346764,data/cutouts/lenses/102045466_NEG526735767268568130.npy,test
102045467_NEG529760884271850076,1,B,,52.97608846859429,-27.18500763947275,data/cutouts/lenses/102045467_NEG529760884271850076.npy,train
102045468_NEG534525411271636586,1,A,edge-on,53.45254118345938,-27.16365862400199,data/cutouts/lenses/102045468_NEG534525411271636586.npy,train
102045468_NEG535850797268396974,1,B,,53.585079752047086,-26.83969741339551,data/cutouts/lenses/102045468_NEG535850797268396974.npy,train
102045468_NEG536440857272232644,1,B,,53.644085783516914,-27.223264429173245,data/cutouts/lenses/102045468_NEG536440857272232644.npy,test
102045468_NEG537581789271144818,1,B,,53.75817891108607,-27.114481825241555,data/cutouts/lenses/102045468_NEG537581789271144818.npy,train
102045470_NEG546481364271947360,1,B,,54.64813642542638,-27.19473600162915,data/cutouts/lenses/102045470_NEG546481364271947360.npy,train
102046110_NEG518495362266147268,1,B,,51.84953628065392,-26.614726818475344,data/cutouts/lenses/102046110_NEG518495362266147268.npy,train
102046111_NEG522631915266742195,1,B,,52.26319153218572,-26.674219571254035,data/cutouts/lenses/102046111_NEG522631915266742195.npy,train
102046111_NEG524535231263409554,1,B,,52.453523130156384,-26.34095544998652,data/cutouts/lenses/102046111_NEG524535231263409554.npy,val
102046111_NEG525445060265211534,1,B,,52.54450604134525,-26.521153444380623,data/cutouts/lenses/102046111_NEG525445060265211534.npy,train
102046111_NEG525674252262710433,1,B,,52.56742527162064,-26.27104331001816,data/cutouts/lenses/102046111_NEG525674252262710433.npy,train
102046114_NEG537084154267015431,1,A,quad,53.70841543605162,-26.70154319440072,data/cutouts/lenses/102046114_NEG537084154267015431.npy,train
102046114_NEG537352034266671160,1,B,,53.73520340274464,-26.667116031154272,data/cutouts/lenses/102046114_NEG537352034266671160.npy,train
102046114_NEG540908760267374976,1,B,,54.09087606219873,-26.73749766724749,data/cutouts/lenses/102046114_NEG540908760267374976.npy,train
102046759_NEG522096295262136465,1,A,,52.20962951125225,-26.21364656116373,data/cutouts/lenses/102046759_NEG522096295262136465.npy,val
102046761_NEG531782867262094267,1,A,,53.17828670361266,-26.2094267877214,data/cutouts/lenses/102046761_NEG531782867262094267.npy,train
102046761_NEG532020950261969455,1,A,,53.20209508963684,-26.19694558334184,data/cutouts/lenses/102046761_NEG532020950261969455.npy,val
102046761_NEG534264558260612632,1,B,,53.42645580108414,-26.06126322516176,data/cutouts/lenses/102046761_NEG534264558260612632.npy,train
102157629_2659727733636823810,1,B,,265.9727733948663,63.68238103492873,data/cutouts/lenses/102157629_2659727733636823810.npy,train
102157630_2665772836637102014,1,A,,266.57728361767727,63.710201464734894,data/cutouts/lenses/102157630_2665772836637102014.npy,train
102157632_2691754663635937458,1,B,,269.1754663378086,63.59374584927868,data/cutouts/lenses/102157632_2691754663635937458.npy,train
102157633_2702499990636559109,1,B,,270.2499990023647,63.655910974510576,data/cutouts/lenses/102157633_2702499990636559109.npy,test
102157952_2658211530641487553,1,A,,265.8211530815124,64.14875539666241,data/cutouts/lenses/102157952_2658211530641487553.npy,train
102157952_2658616879639330994,1,B,,265.861687959614,63.93309942153464,data/cutouts/lenses/102157952_2658616879639330994.npy,train
102157953_2668203348640973901,1,B,,266.8203348265631,64.09739011616426,data/cutouts/lenses/102157953_2668203348640973901.npy,train
102157953_2668288172639391107,1,A,,266.82881722844246,63.93911077986698,data/cutouts/lenses/102157953_2668288172639391107.npy,train
102157953_2669397021640472384,1,A,,266.9397021862729,64.04723848691526,data/cutouts/lenses/102157953_2669397021640472384.npy,train
102157953_2670994480641865653,1,A,,267.0994480956625,64.18656538062261,data/cutouts/lenses/102157953_2670994480641865653.npy,train
102157954_2677725526640039676,1,B,,267.7725526627888,64.00396761991807,data/cutouts/lenses/102157954_2677725526640039676.npy,test
102157954_2678629431639725549,1,A,,267.86294315834544,63.972554932473166,data/cutouts/lenses/102157954_2678629431639725549.npy,val
102157954_2679576312639125362,1,A,edge-on,267.95763121804384,63.9125362457922,data/cutouts/lenses/102157954_2679576312639125362.npy,train
102157955_2685490710638126805,1,A,,268.54907109955803,63.81268052480853,data/cutouts/lenses/102157955_2685490710638126805.npy,train
102157955_2689800257639551890,1,A,,268.9800257836048,63.955189029991246,data/cutouts/lenses/102157955_2689800257639551890.npy,train
102157956_2695046853638479184,1,B,,269.50468537766204,63.84791845246926,data/cutouts/lenses/102157956_2695046853638479184.npy,train
102157956_2700546205640397835,1,A,,270.0546205082691,64.0397835666413,data/cutouts/lenses/102157956_2700546205640397835.npy,train
102157956_2704655017641535458,1,B,,270.4655017057284,64.15354585385174,data/cutouts/lenses/102157956_2704655017641535458.npy,train
102157957_2711813162637737494,1,B,,271.1813162216756,63.773749419215626,data/cutouts/lenses/102157957_2711813162637737494.npy,train
102157958_2719195933641972975,1,A,edge-on,271.919593396224,64.1972975435358,data/cutouts/lenses/102157958_2719195933641972975.npy,test
102157958_2722285786638229999,1,B,,272.22857861828805,63.822999916812485,data/cutouts/lenses/102157958_2722285786638229999.npy,train
102157958_2727137773639721420,1,A,,272.713777307259,63.97214203825033,data/cutouts/lenses/102157958_2727137773639721420.npy,train
102158270_2654337786643538414,1,A,,265.43377860339933,64.35384146804655,data/cutouts/lenses/102158270_2654337786643538414.npy,test
102158270_2656382386643695481,1,B,,265.6382386693545,64.36954818386313,data/cutouts/lenses/102158270_2656382386643695481.npy,val
102158270_2656815066646473630,1,A,,265.681506630342,64.64736309077054,data/cutouts/lenses/102158270_2656815066646473630.npy,val
102158270_2660101090644460436,1,B,,266.0101090586714,64.44604369485799,data/cutouts/lenses/102158270_2660101090644460436.npy,val
102158270_2662527621645054682,1,B,,266.25276217727634,64.5054682940064,data/cutouts/lenses/102158270_2662527621645054682.npy,train
102158271_2672343829643151429,1,A,edge-on,267.23438291261016,64.31514299489444,data/cutouts/lenses/102158271_2672343829643151429.npy,train
102158272_2678087036644598709,1,A,,267.8087036964251,64.45987091477285,data/cutouts/lenses/102158272_2678087036644598709.npy,train
102158272_2683555203642954376,1,A,,268.3555203318142,64.29543764195286,data/cutouts/lenses/102158272_2683555203642954376.npy,train
102158272_2685730342643470690,1,B,,268.5730342815341,64.34706905219893,data/cutouts/lenses/102158272_2685730342643470690.npy,train
102158273_2697192667642722765,1,A,,269.7192667017294,64.27227651525557,data/cutouts/lenses/102158273_2697192667642722765.npy,val
102158274_2704723597642696271,1,A,,270.4723597403578,64.26962718083168,data/cutouts/lenses/102158274_2704723597642696271.npy,train
102158274_2706060111645234144,1,B,,270.6060111075193,64.52341440180304,data/cutouts/lenses/102158274_2706060111645234144.npy,train
102158275_2709777393645726835,1,A,,270.977739341077,64.57268354179256,data/cutouts/lenses/102158275_2709777393645726835.npy,train
102158275_2713231622643632503,1,B,,271.3231622601812,64.36325033443039,data/cutouts/lenses/102158275_2713231622643632503.npy,train
102158276_2722561985645255526,1,B,,272.25619852909443,64.5255526391153,data/cutouts/lenses/102158276_2722561985645255526.npy,train
102158276_2727435595645547639,1,B,,272.7435595161034,64.55476393577682,data/cutouts/lenses/102158276_2727435595645547639.npy,train
102158276_2727570223645896962,1,A,,272.7570223673387,64.58969626327753,data/cutouts/lenses/102158276_2727570223645896962.npy,train
102158277_2733524648645511387,1,B,,273.3524648265846,64.55113873843047,data/cutouts/lenses/102158277_2733524648645511387.npy,train
102158277_2738945549646397299,1,A,,273.8945549705793,64.63972990931421,data/cutouts/lenses/102158277_2738945549646397299.npy,test
102158580_2631644629651693582,1,B,,263.16446299769245,65.16935824161169,data/cutouts/lenses/102158580_2631644629651693582.npy,train
102158583_2672803654649962203,1,B,,267.280365471512,64.99622031604929,data/cutouts/lenses/102158583_2672803654649962203.npy,test
102158584_2687900321650859511,1,A,complete ring,268.79003210743605,65.08595110358115,data/cutouts/lenses/102158584_2687900321650859511.npy,test
102158584_2687970439648743491,1,B,,268.797043967054,64.87434919733515,data/cutouts/lenses/102158584_2687970439648743491.npy,test
102158584_2688054361648826754,1,B,,268.80543613154765,64.88267549138783,data/cutouts/lenses/102158584_2688054361648826754.npy,train
102158584_2688149271647967093,1,A,,268.8149271987569,64.79670930779008,data/cutouts/lenses/102158584_2688149271647967093.npy,test
102158585_2690666515648268601,1,A,,269.0666515554563,64.82686014026385,data/cutouts/lenses/102158585_2690666515648268601.npy,train
102158585_2694958058650832108,1,B,,269.4958058244813,65.083210840253,data/cutouts/lenses/102158585_2694958058650832108.npy,test
102158586_2707908112649845702,1,A,,270.7908112363319,64.9845702769772,data/cutouts/lenses/102158586_2707908112649845702.npy,train
102158586_2710017972652457457,1,B,,271.0017972222676,65.24574575577422,data/cutouts/lenses/102158586_2710017972652457457.npy,train
102158586_2710834800648486342,1,A,edge-on,271.08348004173496,64.84863421733759,data/cutouts/lenses/102158586_2710834800648486342.npy,train
102158587_2711988261648357583,1,B,,271.1988261717693,64.8357583216835,data/cutouts/lenses/102158587_2711988261648357583.npy,train
102158589_2738592709648339236,1,A,,273.8592709214204,64.8339236692911,data/cutouts/lenses/102158589_2738592709648339236.npy,val
102158589_2744568849651754043,1,A,,274.45688499444947,65.17540439711732,data/cutouts/lenses/102158589_2744568849651754043.npy,train
102158589_2744607815651760624,1,A,,274.46078151981294,65.17606245864386,data/cutouts/lenses/102158589_2744607815651760624.npy,train
102158590_2751102237648287695,1,B,,275.1102237524699,64.8287695823032,data/cutouts/lenses/102158590_2751102237648287695.npy,test
102158885_2631975188656022964,1,B,,263.19751881131816,65.60229648001264,data/cutouts/lenses/102158885_2631975188656022964.npy,train
102158886_2639435536653600933,1,B,,263.94355360158056,65.3600933406733,data/cutouts/lenses/102158886_2639435536653600933.npy,train
102158886_2641867744653343162,1,A,,264.1867744091848,65.33431624987132,data/cutouts/lenses/102158886_2641867744653343162.npy,test
102158887_2646461630654930628,1,A,,264.64616303287295,65.49306284930077,data/cutouts/lenses/102158887_2646461630654930628.npy,train
102158887_2648223419654261880,1,A,,264.8223419828193,65.42618803638058,data/cutouts/lenses/102158887_2648223419654261880.npy,val
102158887_2651714354654861084,1,A,,265.17143541344655,65.48610840340662,data/cutouts/lenses/102158887_2651714354654861084.npy,train
102158887_2654129070655512593,1,A,,265.41290700547484,65.55125935194354,data/cutouts/lenses/102158887_2654129070655512593.npy,train
102158887_2655306065654633189,1,A,,265.5306065631984,65.46331893363914,data/cutouts/lenses/102158887_2655306065654633189.npy,train
102158887_2655528906655835262,1,A,,265.55289065640727,65.5835262260394,data/cutouts/lenses/102158887_2655528906655835262.npy,train
102158888_2657819747657129186,1,B,,265.78197471779185,65.71291865956003,data/cutouts/lenses/102158888_2657819747657129186.npy,train
102158888_2659467460657407372,1,B,,265.9467460193917,65.7407372719755,data/cutouts/lenses/102158888_2659467460657407372.npy,train
102158888_2659753895653871052,1,B,,265.9753895280555,65.38710523882253,data/cutouts/lenses/102158888_2659753895653871052.npy,val
102158888_2667434443654461269,1,A,,266.7434443925532,65.44612692321355,data/cutouts/lenses/102158888_2667434443654461269.npy,test
102158889_2668443415653707960,1,B,,266.8443415141928,65.37079608035918,data/cutouts/lenses/102158889_2668443415653707960.npy,train
102158889_2674118174654422285,1,A,,267.4118174099874,65.44222856535436,data/cutouts/lenses/102158889_2674118174654422285.npy,train
102158889_2677624236654538082,1,A,,267.762423658248,65.45380829154423,data/cutouts/lenses/102158889_2677624236654538082.npy,train
102158889_2677813028655307424,1,A,NGC6505,267.78130284070573,65.53074243100221,data/cutouts/lenses/102158889_2677813028655307424.npy,train
102158890_2680242082656735280,1,B,,268.024208255704,65.6735280308199,data/cutouts/lenses/102158890_2680242082656735280.npy,train
102158891_2698899135652599785,1,A,,269.8899135840037,65.2599785081468,data/cutouts/lenses/102158891_2698899135652599785.npy,train
102158891_2699896914654311553,1,A,,269.98969140340046,65.43115534265293,data/cutouts/lenses/102158891_2699896914654311553.npy,train
102158891_2700857611652676803,1,A,,270.0857611762812,65.26768037561399,data/cutouts/lenses/102158891_2700857611652676803.npy,train
102158892_2703681011657269406,1,A,,270.368101176438,65.7269406739178,data/cutouts/lenses/102158892_2703681011657269406.npy,test
102158892_2703838311654309323,1,B,,270.383831154244,65.43093239635579,data/cutouts/lenses/102158892_2703838311654309323.npy,train
102158892_2704470582654415692,1,A,,270.44705826038404,65.4415692078126,data/cutouts/lenses/102158892_2704470582654415692.npy,val
102158893_2719347803657244854,1,B,,271.9347803724526,65.7244854670406,data/cutouts/lenses/102158893_2719347803657244854.npy,val
102158893_2720583810655664894,1,A,,272.05838105279497,65.5664894900246,data/cutouts/lenses/102158893_2720583810655664894.npy,train
102158894_2730612507653143373,1,A,,273.06125079548667,65.31433733285209,data/cutouts/lenses/102158894_2730612507653143373.npy,train
102158894_2733212462655784384,1,A,,273.3212462317532,65.57843846636936,data/cutouts/lenses/102158894_2733212462655784384.npy,train
102158896_2752149841653729649,1,B,,275.2149841814818,65.37296492574811,data/cutouts/lenses/102158896_2752149841653729649.npy,val
102158896_2752645036652374998,1,A,,275.2645036757121,65.23749986490333,data/cutouts/lenses/102158896_2752645036652374998.npy,train
102158896_2755778332656876880,1,A,edge-on,275.5778332023385,65.68768806282,data/cutouts/lenses/102158896_2755778332656876880.npy,train
102158896_2759717332653541075,1,B,,275.97173321950385,65.3541075500284,data/cutouts/lenses/102158896_2759717332653541075.npy,train
102158896_2760272555655712464,1,B,,276.0272555248371,65.57124647764964,data/cutouts/lenses/102158896_2760272555655712464.npy,train
102159186_2631794504660304436,1,A,,263.17945044356406,66.0304436122694,data/cutouts/lenses/102159186_2631794504660304436.npy,val
102159186_2632387939662408264,1,A,,263.23879390157254,66.24082642257652,data/cutouts/lenses/102159186_2632387939662408264.npy,val
102159187_2638806679660192602,1,B,,263.8806679557297,66.01926021464115,data/cutouts/lenses/102159187_2638806679660192602.npy,train
102159187_2639230520659765010,1,A,,263.92305205053293,65.9765010372005,data/cutouts/lenses/102159187_2639230520659765010.npy,train
102159187_2645580164662468179,1,B,,264.55801641779,66.24681799395167,data/cutouts/lenses/102159187_2645580164662468179.npy,train
102159187_2646504448657919965,1,B,,264.6504448855512,65.79199651842181,data/cutouts/lenses/102159187_2646504448657919965.npy,train
102159188_2652763834658560044,1,A,complete ring,265.27638346784005,65.85600442323606,data/cutouts/lenses/102159188_2652763834658560044.npy,train
102159189_2663231466659368059,1,A,edge-on,266.32314660184653,65.93680598259884,data/cutouts/lenses/102159189_2663231466659368059.npy,val
102159189_2667596748662187959,1,A,,266.7596748105514,66.218795975012,data/cutouts/lenses/102159189_2667596748662187959.npy,train
102159189_2669116606659806362,1,A,,266.9116606222967,65.98063623573434,data/cutouts/lenses/102159189_2669116606659806362.npy,val
102159189_2669674055661286334,1,A,quad,266.9674055993545,66.12863341360313,data/cutouts/lenses/102159189_2669674055661286334.npy,train
102159191_2683342191661471471,1,B,,268.3342191477879,66.14714712381733,data/cutouts/lenses/102159191_2683342191661471471.npy,test
102159191_2686897092659972714,1,B,,268.68970920939927,65.9972714327098,data/cutouts/lenses/102159191_2686897092659972714.npy,train
102159192_2695197869661844158,1,A,,269.5197869860399,66.18441585056613,data/cutouts/lenses/102159192_2695197869661844158.npy,train
102159192_2699004780662092340,1,A,,269.9004780925334,66.2092340860312,data/cutouts/lenses/102159192_2699004780662092340.npy,val
102159194_2723464956661228420,1,A,,272.3464956503574,66.12284205652554,data/cutouts/lenses/102159194_2723464956661228420.npy,train
102159195_2734094103661424333,1,A,,273.4094103263643,66.14243336619603,data/cutouts/lenses/102159195_2734094103661424333.npy,train
102159196_2750719383660442039,1,A,,275.0719383791194,66.04420394490067,data/cutouts/lenses/102159196_2750719383660442039.npy,train
102159197_2758626130661770946,1,B,,275.86261307502593,66.17709460267002,data/cutouts/lenses/102159197_2758626130661770946.npy,train
102159481_2634849207665073829,1,A,complete ring,263.48492071150446,66.50738290801786,data/cutouts/lenses/102159481_2634849207665073829.npy,train
102159481_2635212626663669301,1,A,quad,263.5212626724271,66.36693014159633,data/cutouts/lenses/102159481_2635212626663669301.npy,val
102159482_2642474434666614156,1,B,,264.24744342726655,66.66141563469942,data/cutouts/lenses/102159482_2642474434666614156.npy,val
102159483_2659872799666371332,1,A,,265.987279945432,66.63713320694595,data/cutouts/lenses/102159483_2659872799666371332.npy,train
102159484_2663190959666793114,1,A,,266.31909599320926,66.67931148084118,data/cutouts/lenses/102159484_2663190959666793114.npy,val
102159484_2665581065664778853,1,B,,266.55810653587696,66.47788537074143,data/cutouts/lenses/102159484_2665581065664778853.npy,train
102159485_2680932712664697516,1,B,,268.093271296963,66.46975163883475,data/cutouts/lenses/102159485_2680932712664697516.npy,test
102159485_2681289316665353959,1,B,,268.1289316574225,66.53539596729244,data/cutouts/lenses/102159485_2681289316665353959.npy,test
102159486_2691200739666476860,1,A,,269.1200739576987,66.64768602598777,data/cutouts/lenses/102159486_2691200739666476860.npy,train
102159486_2695397736666928563,1,A,,269.5397736070413,66.69285635133348,data/cutouts/lenses/102159486_2695397736666928563.npy,train
102159487_2702648437664620342,1,A,,270.264843798001,66.46203422228521,data/cutouts/lenses/102159487_2702648437664620342.npy,val
102159488_2715904729665064695,1,A,,271.5904729815268,66.5064695088448,data/cutouts/lenses/102159488_2715904729665064695.npy,train
102159488_2717571775663564534,1,A,,271.75717754417883,66.3564534849012,data/cutouts/lenses/102159488_2717571775663564534.npy,train
102159489_2725731664662876609,1,B,,272.5731664097009,66.28766098258262,data/cutouts/lenses/102159489_2725731664662876609.npy,train
102159489_2726981595665987676,1,A,quad,272.698159588393,66.59876761464275,data/cutouts/lenses/102159489_2726981595665987676.npy,train
102159489_2728201578663264671,1,B,edge-on,272.8201578460188,66.32646714756937,data/cutouts/lenses/102159489_2728201578663264671.npy,train
102159489_2730705167663624037,1,A,,273.07051672243847,66.36240377723576,data/cutouts/lenses/102159489_2730705167663624037.npy,val
102159491_2750401520665356534,1,B,,275.0401520762689,66.53565347576068,data/cutouts/lenses/102159491_2750401520665356534.npy,val
102159491_2759377187664442986,1,B,,275.9377187181359,66.44429869121905,data/cutouts/lenses/102159491_2759377187664442986.npy,test
102159771_2643073721671053537,1,B,,264.3073721070583,67.10535370647938,data/cutouts/lenses/102159771_2643073721671053537.npy,val
102159771_2645195528669074866,1,B,,264.5195528461879,66.90748669071384,data/cutouts/lenses/102159771_2645195528669074866.npy,train
102159772_2654573101671251576,1,A,edge-on,265.4573101116544,67.12515766401812,data/cutouts/lenses/102159772_2654573101671251576.npy,train
102159772_2657244795670716163,1,A,,265.72447956578617,67.07161638988462,data/cutouts/lenses/102159772_2657244795670716163.npy,test
102159772_2662654897671699728,1,B,,266.2654897541963,67.16997281564578,data/cutouts/lenses/102159772_2662654897671699728.npy,train
102159773_2671366170672094055,1,B,,267.13661707775447,67.20940554012809,data/cutouts/lenses/102159773_2671366170672094055.npy,val
102159773_2677079122669151496,1,A,complete ring,267.70791227786816,66.91514966802278,data/cutouts/lenses/102159773_2677079122669151496.npy,train
102159776_2707047371671953097,1,A,,270.70473716015675,67.19530976227985,data/cutouts/lenses/102159776_2707047371671953097.npy,train
102159776_2711220936669189145,1,B,,271.12209364755324,66.91891459077462,data/cutouts/lenses/102159776_2711220936669189145.npy,train
102159776_2714258099668328507,1,B,,271.425809924928,66.83285075285441,data/cutouts/lenses/102159776_2714258099668328507.npy,val
102159777_2716319161668542331,1,A,,271.6319161478719,66.85423311849298,data/cutouts/lenses/102159777_2716319161668542331.npy,train
102159777_2718673262669682284,1,B,,271.86732629247143,66.96822846151996,data/cutouts/lenses/102159777_2718673262669682284.npy,val
102159777_2726775566670351257,1,A,,272.6775566073241,67.0351257916041,data/cutouts/lenses/102159777_2726775566670351257.npy,train
102159778_2733418388668044661,1,A,,273.3418388879678,66.8044661007292,data/cutouts/lenses/102159778_2733418388668044661.npy,val
102159778_2735946368671378903,1,A,dspl,273.59463687052335,67.13789039707821,data/cutouts/lenses/102159778_2735946368671378903.npy,test
102159779_2743381563669492033,1,B,,274.3381563198547,66.94920339571343,data/cutouts/lenses/102159779_2743381563669492033.npy,train
102160055_2646891602674889078,1,B,,264.68916020657315,67.48890780057275,data/cutouts/lenses/102160055_2646891602674889078.npy,train
102160056_2663488981675470136,1,A,,266.3488981008601,67.54701363115285,data/cutouts/lenses/102160056_2663488981675470136.npy,train
102160057_2669613885677463506,1,B,,266.96138852581646,67.74635067673377,data/cutouts/lenses/102160057_2669613885677463506.npy,train
102160057_2679227916675153944,1,B,,267.92279169780943,67.51539448302714,data/cutouts/lenses/102160057_2679227916675153944.npy,train
102160058_2684023754674529862,1,B,,268.40237540723274,67.45298620006291,data/cutouts/lenses/102160058_2684023754674529862.npy,train
102160058_2689874038672725438,1,B,,268.9874038838035,67.27254384085201,data/cutouts/lenses/102160058_2689874038672725438.npy,train
102160058_2690177088672937227,1,B,,269.01770880905895,67.29372273099628,data/cutouts/lenses/102160058_2690177088672937227.npy,train
102160059_2697821071675011270,1,B,,269.7821071015082,67.50112703615102,data/cutouts/lenses/102160059_2697821071675011270.npy,train
102160060_2706622399674599706,1,B,,270.6622399379065,67.45997061688014,data/cutouts/lenses/102160060_2706622399674599706.npy,test
102160060_2712298158674755917,1,A,,271.2298158809224,67.47559170031597,data/cutouts/lenses/102160060_2712298158674755917.npy,train
102160060_2714236250676150798,1,B,,271.4236250299241,67.61507986297252,data/cutouts/lenses/102160060_2714236250676150798.npy,train
102160060_2716552208674838777,1,B,,271.65522085429484,67.48387774961559,data/cutouts/lenses/102160060_2716552208674838777.npy,train
102160062_2738460691675239507,1,B,,273.8460691095558,67.52395071396087,data/cutouts/lenses/102160062_2738460691675239507.npy,test
102160334_2661812445678287733,1,B,,266.181244507451,67.82877334896861,data/cutouts/lenses/102160334_2661812445678287733.npy,val
102160334_2665945112680410578,1,B,,266.5945112890753,68.04105787642916,data/cutouts/lenses/102160334_2665945112680410578.npy,train
102160335_2672690861681717566,1,B,,267.269086163563,68.17175669313491,data/cutouts/lenses/102160335_2672690861681717566.npy,train
102160335_2672720281680709434,1,B,,267.2720281605204,68.0709434252139,data/cutouts/lenses/102160335_2672720281680709434.npy,train
102160335_2673678625680739495,1,B,,267.367862556498,68.0739495146494,data/cutouts/lenses/102160335_2673678625680739495.npy,test
102160335_2680788986678866937,1,B,,268.07889868386127,67.88669371076048,data/cutouts/lenses/102160335_2680788986678866937.npy,train
102160335_2682061397679348286,1,A,,268.20613979827726,67.93482862722318,data/cutouts/lenses/102160335_2682061397679348286.npy,train
102160336_2685084962682049281,1,A,,268.5084962055178,68.20492815466524,data/cutouts/lenses/102160336_2685084962682049281.npy,train
102160336_2694549514678142483,1,A,,269.454951470646,67.81424836837486,data/cutouts/lenses/102160336_2694549514678142483.npy,train
102160336_2695945753681853613,1,A,,269.59457532951967,68.18536135682035,data/cutouts/lenses/102160336_2695945753681853613.npy,test
102160337_2700171490680496942,1,B,,270.01714901079066,68.04969420417832,data/cutouts/lenses/102160337_2700171490680496942.npy,test
102160337_2701254133678933511,1,A,,270.1254133752072,67.89335117440586,data/cutouts/lenses/102160337_2701254133678933511.npy,val
102160337_2702871940682411776,1,B,,270.2871940683188,68.24117762107761,data/cutouts/lenses/102160337_2702871940682411776.npy,train
102160337_2703837081680486960,1,B,,270.38370813689005,68.0486960259951,data/cutouts/lenses/102160337_2703837081680486960.npy,train
102160338_2712384210679392079,1,A,,271.2384210836177,67.93920791430314,data/cutouts/lenses/102160338_2712384210679392079.npy,train
102160338_2720592793680584236,1,B,edge-on,272.0592793034646,68.05842364623801,data/cutouts/lenses/102160338_2720592793680584236.npy,train
102160340_2740784519677600444,1,A,,274.0784519087246,67.76004445410977,data/cutouts/lenses/102160340_2740784519677600444.npy,train
102160607_2684058176685650370,1,B,,268.4058176178527,68.56503705310696,data/cutouts/lenses/102160607_2684058176685650370.npy,train
102160607_2685509147685729039,1,B,,268.5509147155565,68.5729039546238,data/cutouts/lenses/102160607_2685509147685729039.npy,train
102160610_2725640304686403990,1,A,,272.5640304560574,68.64039906186375,data/cutouts/lenses/102160610_2725640304686403990.npy,train
102160610_2728596478683519590,1,B,,272.85964788998524,68.35195904078404,data/cutouts/lenses/102160610_2728596478683519590.npy,val
102160610_2729256016684457774,1,A,,272.9256016059579,68.44577749091418,data/cutouts/lenses/102160610_2729256016684457774.npy,train
102160611_2740328687682808789,1,A,,274.0328687229435,68.28087896462162,data/cutouts/lenses/102160611_2740328687682808789.npy,train
102160612_2743600657683668805,1,A,,274.3600657555939,68.36688052942732,data/cutouts/lenses/102160612_2743600657683668805.npy,train
1248193,1,B,,271.9437,66.81215,data/cutouts/lenses/1248193.npy,val
outside_herve_dole_0,1,A,,54.746431,-28.22884,data/cutouts/lenses/outside_herve_dole_0.npy,train
outside_teymoor_saifollahi_2,1,A,,273.645,65.702,data/cutouts/lenses/outside_teymoor_saifollahi_2.npy,train
outside_teymoor_saifollahi_3,1,A,,265.364,67.255,data/cutouts/lenses/outside_teymoor_saifollahi_3.npy,train
-664323152468991053,0,,,66.43231524,-46.89910536,data/cutouts/negatives/-664323152468991053.npy,val
-664157093469586222,0,,,66.41570934,-46.95862229,data/cutouts/negatives/-664157093469586222.npy,test
-664125597468810488,0,,,66.41255977,-46.8810489,data/cutouts/negatives/-664125597468810488.npy,train
-664112707468867910,0,,,66.41127071,-46.88679103,data/cutouts/negatives/-664112707468867910.npy,test
-664048347468963047,0,,,66.40483471,-46.89630472,data/cutouts/negatives/-664048347468963047.npy,test
-663919741469213747,0,,,66.39197415,-46.92137479,data/cutouts/negatives/-663919741469213747.npy,train
-663906356469390372,0,,,66.39063566,-46.9390372,data/cutouts/negatives/-663906356469390372.npy,test
-663857397469227791,0,,,66.38573978,-46.92277915,data/cutouts/negatives/-663857397469227791.npy,test
-663794480468955753,0,,,66.37944801,-46.89557535,data/cutouts/negatives/-663794480468955753.npy,train
-663677202469483800,0,,,66.36772029,-46.94838,data/cutouts/negatives/-663677202469483800.npy,test
-663664232469311639,0,,,66.36642322,-46.93116393,data/cutouts/negatives/-663664232469311639.npy,val
-663651736469183368,0,,,66.3651736,-46.91833687,data/cutouts/negatives/-663651736469183368.npy,val
-663539232469156520,0,,,66.35392325,-46.91565201,data/cutouts/negatives/-663539232469156520.npy,train
-663353397468845917,0,,,66.33533974,-46.88459175,data/cutouts/negatives/-663353397468845917.npy,train
-663352016469122648,0,,,66.33520167,-46.9122648,data/cutouts/negatives/-663352016469122648.npy,val
-663269023469461314,0,,,66.32690237,-46.94613149,data/cutouts/negatives/-663269023469461314.npy,train
-663215416468841558,0,,,66.32154163,-46.88415587,data/cutouts/negatives/-663215416468841558.npy,test
-663157284469466046,0,,,66.31572844,-46.94660465,data/cutouts/negatives/-663157284469466046.npy,train
-663157113469409952,0,,,66.31571137,-46.94099522,data/cutouts/negatives/-663157113469409952.npy,train
-663076579469190978,0,,,66.30765799,-46.91909786,data/cutouts/negatives/-663076579469190978.npy,train
-659268970469907438,0,,,65.92689705,-46.99074387,data/cutouts/negatives/-659268970469907438.npy,train
-659258208469786563,0,,,65.92582088,-46.97865633,data/cutouts/negatives/-659258208469786563.npy,train
-659230834470571629,0,,,65.92308347,-47.05716299,data/cutouts/negatives/-659230834470571629.npy,val
-659207375470167295,0,,,65.92073756,-47.0167295,data/cutouts/negatives/-659207375470167295.npy,train
-659126535469745726,0,,,65.91265357,-46.97457263,data/cutouts/negatives/-659126535469745726.npy,train
-659098595469662983,0,,,65.90985956,-46.96629832,data/cutouts/negatives/-659098595469662983.npy,train
-659026485470269884,0,,,65.90264857,-47.02698844,data/cutouts/negatives/-659026485470269884.npy,train
-659026315470023818,0,,,65.90263155,-47.00238186,data/cutouts/negatives/-659026315470023818.npy,val
-659014722470467025,0,,,65.90147224,-47.04670259,data/cutouts/negatives/-659014722470467025.npy,train
-658948514470174849,0,,,65.89485144,-47.01748497,data/cutouts/negatives/-658948514470174849.npy,test
-658935742470039494,0,,,65.89357427,-47.00394941,data/cutouts/negatives/-658935742470039494.npy,test
-658751436470264371,0,,,65.87514368,-47.02643713,data/cutouts/negatives/-658751436470264371.npy,train
-658728730470302964,0,,,65.87287302,-47.03029648,data/cutouts/negatives/-658728730470302964.npy,train
-658666088469819263,0,,,65.86660887,-46.98192636,data/cutouts/negatives/-658666088469819263.npy,val
-658650071469824830,0,,,65.8650072,-46.98248304,data/cutouts/negatives/-658650071469824830.npy,val
-658643621469988498,0,,,65.86436215,-46.99884981,data/cutouts/negatives/-658643621469988498.npy,train
-658508334470112651,0,,,65.85083346,-47.01126516,data/cutouts/negatives/-658508334470112651.npy,train
-658408758470163038,0,,,65.84087586,-47.0163038,data/cutouts/negatives/-658408758470163038.npy,train
-658342519470067953,0,,,65.83425191,-47.00679531,data/cutouts/negatives/-658342519470067953.npy,train
-658296316469965858,0,,,65.82963164,-46.99658589,data/cutouts/negatives/-658296316469965858.npy,val
-656364071466568704,0,,,65.63640717,-46.65687046,data/cutouts/negatives/-656364071466568704.npy,train
-656338180466559103,0,,,65.63381805,-46.65591033,data/cutouts/negatives/-656338180466559103.npy,train
-656196768466344982,0,,,65.61967685,-46.63449823,data/cutouts/negatives/-656196768466344982.npy,train
-656095286466608141,0,,,65.60952866,-46.66081417,data/cutouts/negatives/-656095286466608141.npy,val
-656032696466714944,0,,,65.60326963,-46.67149448,data/cutouts/negatives/-656032696466714944.npy,train
-655944536466387098,0,,,65.59445366,-46.63870982,data/cutouts/negatives/-655944536466387098.npy,train
-655859187466857454,0,,,65.58591872,-46.68574546,data/cutouts/negatives/-655859187466857454.npy,train
-655787791466939639,0,,,65.57877916,-46.69396391,data/cutouts/negatives/-655787791466939639.npy,train
-655787027466874419,0,,,65.57870279,-46.68744192,data/cutouts/negatives/-655787027466874419.npy,train
-655774619466864658,0,,,65.57746195,-46.68646581,data/cutouts/negatives/-655774619466864658.npy,train
-655739253466525712,0,,,65.57392532,-46.6525713,data/cutouts/negatives/-655739253466525712.npy,test
-655615028466960588,0,,,65.56150287,-46.69605886,data/cutouts/negatives/-655615028466960588.npy,test
-655585181466284687,0,,,65.55851813,-46.62846872,data/cutouts/negatives/-655585181466284687.npy,val
-655542850466566063,0,,,65.554285,-46.6566064,data/cutouts/negatives/-655542850466566063.npy,train
-655524116466234800,0,,,65.55241162,-46.62348006,data/cutouts/negatives/-655524116466234800.npy,train
-655484181466683687,0,,,65.54841816,-46.6683688,data/cutouts/negatives/-655484181466683687.npy,train
-655470714466694395,0,,,65.54707141,-46.66943957,data/cutouts/negatives/-655470714466694395.npy,train
-655207332466898555,0,,,65.52073324,-46.68985556,data/cutouts/negatives/-655207332466898555.npy,test
-655143941466942188,0,,,65.51439412,-46.69421882,data/cutouts/negatives/-655143941466942188.npy,train
-654984959466731819,0,,,65.49849592,-46.67318191,data/cutouts/negatives/-654984959466731819.npy,train
-653733551481471517,0,,,65.3733552,-48.14715177,data/cutouts/negatives/-653733551481471517.npy,train
-653715897481987352,0,,,65.37158978,-48.19873525,data/cutouts/negatives/-653715897481987352.npy,val
-653704059481851519,0,,,65.37040598,-48.18515198,data/cutouts/negatives/-653704059481851519.npy,test
-653626199481923017,0,,,65.36262,-48.19230172,data/cutouts/negatives/-653626199481923017.npy,train
-653615496481532565,0,,,65.36154967,-48.15325659,data/cutouts/negatives/-653615496481532565.npy,train
-653404099481348774,0,,,65.34040992,-48.13487747,data/cutouts/negatives/-653404099481348774.npy,val
-653341606481711774,0,,,65.33416062,-48.17117744,data/cutouts/negatives/-653341606481711774.npy,test
-653211398481326323,0,,,65.32113987,-48.13263239,data/cutouts/negatives/-653211398481326323.npy,train
-653152357482174845,0,,,65.31523574,-48.21748451,data/cutouts/negatives/-653152357482174845.npy,train
-653120206481355098,0,,,65.31202069,-48.13550984,data/cutouts/negatives/-653120206481355098.npy,train
-653100723481434495,0,,,65.31007238,-48.14344952,data/cutouts/negatives/-653100723481434495.npy,train
-653071882481536622,0,,,65.30718827,-48.15366229,data/cutouts/negatives/-653071882481536622.npy,train
-653060342482062203,0,,,65.30603424,-48.20622039,data/cutouts/negatives/-653060342482062203.npy,train
-652983128481981360,0,,,65.29831284,-48.19813606,data/cutouts/negatives/-652983128481981360.npy,test
-652961509481617551,0,,,65.296151,-48.16175519,data/cutouts/negatives/-652961509481617551.npy,train
-652940280481439027,0,,,65.29402808,-48.14390277,data/cutouts/negatives/-652940280481439027.npy,val
-652905209481406633,0,,,65.29052097,-48.14066337,data/cutouts/negatives/-652905209481406633.npy,test
-652838584481438449,0,,,65.28385848,-48.14384496,data/cutouts/negatives/-652838584481438449.npy,train
-652826577482058309,0,,,65.28265776,-48.20583092,data/cutouts/negatives/-652826577482058309.npy,train
-652825232481860376,0,,,65.28252321,-48.18603761,data/cutouts/negatives/-652825232481860376.npy,train
-650112950471213101,0,,,65.01129509,-47.12131012,data/cutouts/negatives/-650112950471213101.npy,train
-649932960479154098,0,,,64.99329601,-47.91540987,data/cutouts/negatives/-649932960479154098.npy,train
-649908190479375971,0,,,64.99081909,-47.93759719,data/cutouts/negatives/-649908190479375971.npy,test
-649893058470973531,0,,,64.98930588,-47.09735318,data/cutouts/negatives/-649893058470973531.npy,val
-649795666471301361,0,,,64.97956661,-47.13013612,data/cutouts/negatives/-649795666471301361.npy,train
-649783278479566458,0,,,64.97832783,-47.9566458,data/cutouts/negatives/-649783278479566458.npy,train
-649766476479006487,0,,,64.97664767,-47.90064876,data/cutouts/negatives/-649766476479006487.npy,train
-649712721471166380,0,,,64.97127214,-47.1166381,data/cutouts/negatives/-649712721471166380.npy,train
-649623440471558048,0,,,64.96234404,-47.15580482,data/cutouts/negatives/-649623440471558048.npy,val
-649607061471631395,0,,,64.96070612,-47.16313953,data/cutouts/negatives/-649607061471631395.npy,train
-649574464478964642,0,,,64.9574464,-47.89646426,data/cutouts/negatives/-649574464478964642.npy,train
-649565553479121883,0,,,64.95655536,-47.9121884,data/cutouts/negatives/-649565553479121883.npy,train
-649546865479580774,0,,,64.9546865,-47.95807746,data/cutouts/negatives/-649546865479580774.npy,train
-649530256471026680,0,,,64.95302568,-47.10266804,data/cutouts/negatives/-649530256471026680.npy,train
-649519028471539118,0,,,64.95190285,-47.15391188,data/cutouts/negatives/-649519028471539118.npy,train
-649497535471348981,0,,,64.94975359,-47.13489819,data/cutouts/negatives/-649497535471348981.npy,test
-649484913479057462,0,,,64.9484913,-47.90574621,data/cutouts/negatives/-649484913479057462.npy,train
-649483236471383711,0,,,64.94832364,-47.13837112,data/cutouts/negatives/-649483236471383711.npy,train
-649478621471141010,0,,,64.94786214,-47.11410101,data/cutouts/negatives/-649478621471141010.npy,train
-649424712471376619,0,,,64.94247124,-47.13766191,data/cutouts/negatives/-649424712471376619.npy,train
-649279841470860176,0,,,64.92798419,-47.08601764,data/cutouts/negatives/-649279841470860176.npy,train
-649270099471772194,0,,,64.92700992,-47.17721946,data/cutouts/negatives/-649270099471772194.npy,train
-649246799471107491,0,,,64.92467999,-47.11074916,data/cutouts/negatives/-649246799471107491.npy,test
-649208435471040775,0,,,64.92084351,-47.10407755,data/cutouts/negatives/-649208435471040775.npy,train
-649138808471457739,0,,,64.91388087,-47.14577392,data/cutouts/negatives/-649138808471457739.npy,test
-649095284471076938,0,,,64.90952844,-47.1076938,data/cutouts/negatives/-649095284471076938.npy,train
-649088903479533031,0,,,64.90889036,-47.95330312,data/cutouts/negatives/-649088903479533031.npy,train
-649026886479335106,0,,,64.90268865,-47.93351066,data/cutouts/negatives/-649026886479335106.npy,val
-648984625479305620,0,,,64.89846258,-47.930562,data/cutouts/negatives/-648984625479305620.npy,train
-648952061479526063,0,,,64.89520611,-47.95260636,data/cutouts/negatives/-648952061479526063.npy,train
-648949907470981988,0,,,64.89499076,-47.09819884,data/cutouts/negatives/-648949907470981988.npy,test
-648943970479271864,0,,,64.89439708,-47.92718649,data/cutouts/negatives/-648943970479271864.npy,train
-648934731471085247,0,,,64.89347316,-47.10852473,data/cutouts/negatives/-648934731471085247.npy,train
-648916848479061465,0,,,64.8916849,-47.90614658,data/cutouts/negatives/-648916848479061465.npy,test
-648915560479292112,0,,,64.89155602,-47.92921124,data/cutouts/negatives/-648915560479292112.npy,train
-648817555479430370,0,,,64.8817556,-47.9430371,data/cutouts/negatives/-648817555479430370.npy,test
-648803654479036810,0,,,64.88036546,-47.90368101,data/cutouts/negatives/-648803654479036810.npy,val
-648740314479428564,0,,,64.87403147,-47.94285641,data/cutouts/negatives/-648740314479428564.npy,train
-648695534479309501,0,,,64.86955347,-47.9309502,data/cutouts/negatives/-648695534479309501.npy,train
-648666745479274761,0,,,64.86667452,-47.92747611,data/cutouts/negatives/-648666745479274761.npy,train
-645977550473992357,0,,,64.59775501,-47.39923575,data/cutouts/negatives/-645977550473992357.npy,train
-645691095474078193,0,,,64.56910958,-47.40781931,data/cutouts/negatives/-645691095474078193.npy,train
-645660786474268189,0,,,64.56607868,-47.42681893,data/cutouts/negatives/-645660786474268189.npy,train
-645583822474013940,0,,,64.55838225,-47.40139404,data/cutouts/negatives/-645583822474013940.npy,train
-645561313474469873,0,,,64.5561314,-47.4469874,data/cutouts/negatives/-645561313474469873.npy,train
-645542435473774016,0,,,64.55424352,-47.37740169,data/cutouts/negatives/-645542435473774016.npy,test
-645532240474282968,0,,,64.553224,-47.42829684,data/cutouts/negatives/-645532240474282968.npy,train
-645466566474388252,0,,,64.54665668,-47.43882526,data/cutouts/negatives/-645466566474388252.npy,train
-645407973473661965,0,,,64.54079734,-47.36619656,data/cutouts/negatives/-645407973473661965.npy,val
-645324690473857169,0,,,64.53246901,-47.38571694,data/cutouts/negatives/-645324690473857169.npy,train
-645222605474278759,0,,,64.52226053,-47.42787595,data/cutouts/negatives/-645222605474278759.npy,train
-645037174474058478,0,,,64.50371744,-47.40584783,data/cutouts/negatives/-645037174474058478.npy,train
-644961893473957724,0,,,64.49618936,-47.39577245,data/cutouts/negatives/-644961893473957724.npy,test
-644955746473869955,0,,,64.49557467,-47.38699559,data/cutouts/negatives/-644955746473869955.npy,train
-644936903473837510,0,,,64.49369038,-47.383751,data/cutouts/negatives/-644936903473837510.npy,val
-644929055473835951,0,,,64.49290555,-47.38359512,data/cutouts/negatives/-644929055473835951.npy,train
-644918221474356997,0,,,64.4918221,-47.43569977,data/cutouts/negatives/-644918221474356997.npy,train
-644817456474215674,0,,,64.48174565,-47.42156742,data/cutouts/negatives/-644817456474215674.npy,train
-644777914473834761,0,,,64.47779146,-47.38347615,data/cutouts/negatives/-644777914473834761.npy,train
-644740255474393614,0,,,64.47402558,-47.43936142,data/cutouts/negatives/-644740255474393614.npy,val
-642825941472967458,0,,,64.28259416,-47.29674588,data/cutouts/negatives/-642825941472967458.npy,train
-642814438473207305,0,,,64.28144381,-47.32073051,data/cutouts/negatives/-642814438473207305.npy,train
-642766015473231124,0,,,64.27660152,-47.32311244,data/cutouts/negatives/-642766015473231124.npy,train
-642607939472707556,0,,,64.26079393,-47.27075564,data/cutouts/negatives/-642607939472707556.npy,val
-642561742473420112,0,,,64.2561742,-47.34201128,data/cutouts/negatives/-642561742473420112.npy,train
-642491814473399974,0,,,64.24918143,-47.33999749,data/cutouts/negatives/-642491814473399974.npy,train
-642479778473219301,0,,,64.24797783,-47.32193016,data/cutouts/negatives/-642479778473219301.npy,test
-642469001473085469,0,,,64.24690015,-47.30854694,data/cutouts/negatives/-642469001473085469.npy,train
-642450696472598704,0,,,64.24506964,-47.25987042,data/cutouts/negatives/-642450696472598704.npy,val
-642358827473230500,0,,,64.23588271,-47.3230501,data/cutouts/negatives/-642358827473230500.npy,train
-642337586473258918,0,,,64.23375865,-47.32589181,data/cutouts/negatives/-642337586473258918.npy,train
-642251042472829620,0,,,64.22510428,-47.28296207,data/cutouts/negatives/-642251042472829620.npy,val
-642187026473229686,0,,,64.21870267,-47.32296866,data/cutouts/negatives/-642187026473229686.npy,val
-642175366472650586,0,,,64.21753666,-47.26505863,data/cutouts/negatives/-642175366472650586.npy,train
-642093963472935051,0,,,64.20939633,-47.29350512,data/cutouts/negatives/-642093963472935051.npy,val
-641973828473293704,0,,,64.19738282,-47.32937049,data/cutouts/negatives/-641973828473293704.npy,train
-641890343472904196,0,,,64.1890344,-47.29041965,data/cutouts/negatives/-641890343472904196.npy,test
-641854588472655563,0,,,64.1854589,-47.26555633,data/cutouts/negatives/-641854588472655563.npy,val
-641819465473336639,0,,,64.18194659,-47.33366394,data/cutouts/negatives/-641819465473336639.npy,train
-641752799472814648,0,,,64.17527993,-47.28146489,data/cutouts/negatives/-641752799472814648.npy,train
-641637481462103482,0,,,64.16374811,-46.21034826,data/cutouts/negatives/-641637481462103482.npy,train
-641596089462064207,0,,,64.15960896,-46.20642079,data/cutouts/negatives/-641596089462064207.npy,train
-641511816462184294,0,,,64.15118168,-46.21842944,data/cutouts/negatives/-641511816462184294.npy,train
-641484689461828598,0,,,64.148469,-46.18285986,data/cutouts/negatives/-641484689461828598.npy,train
-641405880461999186,0,,,64.14058804,-46.1999187,data/cutouts/negatives/-641405880461999186.npy,train
-641405177462180150,0,,,64.14051777,-46.21801501,data/cutouts/negatives/-641405177462180150.npy,train
-641358452462126646,0,,,64.13584525,-46.21266467,data/cutouts/negatives/-641358452462126646.npy,train
-641249569462238362,0,,,64.12495692,-46.22383625,data/cutouts/negatives/-641249569462238362.npy,train
-641150576461986132,0,,,64.11505763,-46.19861329,data/cutouts/negatives/-641150576461986132.npy,train
-641131412461597286,0,,,64.1131413,-46.15972865,data/cutouts/negatives/-641131412461597286.npy,val
-641090875462277105,0,,,64.10908759,-46.22771057,data/cutouts/negatives/-641090875462277105.npy,train
-641049450461997794,0,,,64.10494509,-46.19977943,data/cutouts/negatives/-641049450461997794.npy,test
-641048047462203384,0,,,64.10480479,-46.22033846,data/cutouts/negatives/-641048047462203384.npy,train
-640815010462148967,0,,,64.08150105,-46.21489679,data/cutouts/negatives/-640815010462148967.npy,train
-640723600462503687,0,,,64.07236009,-46.25036871,data/cutouts/negatives/-640723600462503687.npy,test
-640708200461724506,0,,,64.07082008,-46.1724507,data/cutouts/negatives/-640708200461724506.npy,train
-640634981462313837,0,,,64.06349819,-46.23138372,data/cutouts/negatives/-640634981462313837.npy,test
-640567254462084566,0,,,64.0567255,-46.20845667,data/cutouts/negatives/-640567254462084566.npy,train
-640528979492451153,0,,,64.05289792,-49.24511538,data/cutouts/negatives/-640528979492451153.npy,test
-640509878492207771,0,,,64.05098785,-49.2207771,data/cutouts/negatives/-640509878492207771.npy,test
-640461678492612440,0,,,64.04616789,-49.26124408,data/cutouts/negatives/-640461678492612440.npy,train
-640433630462410001,0,,,64.04336306,-46.24100016,data/cutouts/negatives/-640433630462410001.npy,train
-640345627491946881,0,,,64.03456277,-49.19468816,data/cutouts/negatives/-640345627491946881.npy,train
-640303529462109399,0,,,64.03035299,-46.21093996,data/cutouts/negatives/-640303529462109399.npy,train
-640293496492192465,0,,,64.02934969,-49.21924659,data/cutouts/negatives/-640293496492192465.npy,test
-640255364492381491,0,,,64.02553649,-49.2381492,data/cutouts/negatives/-640255364492381491.npy,train
-640150871492477287,0,,,64.0150872,-49.24772879,data/cutouts/negatives/-640150871492477287.npy,train
-640113483491896997,0,,,64.01134837,-49.18969974,data/cutouts/negatives/-640113483491896997.npy,val
-640109462492239619,0,,,64.01094625,-49.22396195,data/cutouts/negatives/-640109462492239619.npy,train
-640087747499097924,0,,,64.00877473,-49.90979247,data/cutouts/negatives/-640087747499097924.npy,train
-640070932492138991,0,,,64.00709322,-49.2138991,data/cutouts/negatives/-640070932492138991.npy,val
-640061420491908072,0,,,64.0061421,-49.19080723,data/cutouts/negatives/-640061420491908072.npy,test
-639957169492245008,0,,,63.99571694,-49.22450083,data/cutouts/negatives/-639957169492245008.npy,train
-639934530491967907,0,,,63.99345307,-49.19679076,data/cutouts/negatives/-639934530491967907.npy,train
-639891886499437480,0,,,63.98918866,-49.94374805,data/cutouts/negatives/-639891886499437480.npy,train
-639784931499500838,0,,,63.97849311,-49.95008384,data/cutouts/negatives/-639784931499500838.npy,train
-639766806499166483,0,,,63.97668064,-49.91664839,data/cutouts/negatives/-639766806499166483.npy,train
-639756425492718176,0,,,63.97564257,-49.27181764,data/cutouts/negatives/-639756425492718176.npy,train
-639739617492515154,0,,,63.97396176,-49.2515154,data/cutouts/negatives/-639739617492515154.npy,train
-639738442499186560,0,,,63.97384429,-49.91865603,data/cutouts/negatives/-639738442499186560.npy,train
-639719841498736282,0,,,63.97198417,-49.87362823,data/cutouts/negatives/-639719841498736282.npy,train
-639703074499542432,0,,,63.97030749,-49.95424322,data/cutouts/negatives/-639703074499542432.npy,train
-639656675499504269,0,,,63.96566753,-49.95042697,data/cutouts/negatives/-639656675499504269.npy,val
-639620308492801757,0,,,63.96203083,-49.28017575,data/cutouts/negatives/-639620308492801757.npy,train
-639584666498768083,0,,,63.95846662,-49.87680831,data/cutouts/negatives/-639584666498768083.npy,val
-639538987492522261,0,,,63.9538988,-49.25222612,data/cutouts/negatives/-639538987492522261.npy,train
-639503330499050219,0,,,63.95033303,-49.90502196,data/cutouts/negatives/-639503330499050219.npy,train
-639472134498719170,0,,,63.94721344,-49.87191707,data/cutouts/negatives/-639472134498719170.npy,val
-639457998471828875,0,,,63.94579984,-47.18288756,data/cutouts/negatives/-639457998471828875.npy,train
-639439153498927866,0,,,63.94391532,-49.89278666,data/cutouts/negatives/-639439153498927866.npy,train
-639432719471502155,0,,,63.94327195,-47.15021555,data/cutouts/negatives/-639432719471502155.npy,train
-639423968492175510,0,,,63.94239687,-49.217551,data/cutouts/negatives/-639423968492175510.npy,test
-639386411498738823,0,,,63.93864112,-49.87388235,data/cutouts/negatives/-639386411498738823.npy,train
-639286274499494176,0,,,63.92862749,-49.94941767,data/cutouts/negatives/-639286274499494176.npy,train
-639274871471656610,0,,,63.92748717,-47.16566103,data/cutouts/negatives/-639274871471656610.npy,train
-639207188471854603,0,,,63.9207188,-47.18546035,data/cutouts/negatives/-639207188471854603.npy,test
-639199799492503557,0,,,63.91997994,-49.25035573,data/cutouts/negatives/-639199799492503557.npy,train
-639186578499129909,0,,,63.91865782,-49.91299092,data/cutouts/negatives/-639186578499129909.npy,test
-639180914499613035,0,,,63.91809149,-49.96130358,data/cutouts/negatives/-639180914499613035.npy,val
-639171943498733768,0,,,63.91719438,-49.87337684,data/cutouts/negatives/-639171943498733768.npy,train
-639141076492372513,0,,,63.91410769,-49.23725139,data/cutouts/negatives/-639141076492372513.npy,train
-639048727498795801,0,,,63.9048728,-49.87958016,data/cutouts/negatives/-639048727498795801.npy,train
-639030177471517597,0,,,63.90301778,-47.15175973,data/cutouts/negatives/-639030177471517597.npy,train
-638966173463947916,0,,,63.89661731,-46.3947917,data/cutouts/negatives/-638966173463947916.npy,train
-638939539463361910,0,,,63.89395397,-46.33619104,data/cutouts/negatives/-638939539463361910.npy,val
-638901648471366834,0,,,63.8901648,-47.13668343,data/cutouts/negatives/-638901648471366834.npy,train
-638887671471966450,0,,,63.88876714,-47.19664507,data/cutouts/negatives/-638887671471966450.npy,train
-638870170498837551,0,,,63.88701702,-49.88375517,data/cutouts/negatives/-638870170498837551.npy,train
-638780506472021769,0,,,63.87805065,-47.20217699,data/cutouts/negatives/-638780506472021769.npy,test
-638740894463848073,0,,,63.8740895,-46.38480736,data/cutouts/negatives/-638740894463848073.npy,train
-638738771463858563,0,,,63.87387716,-46.38585637,data/cutouts/negatives/-638738771463858563.npy,test
-638733801471612701,0,,,63.87338017,-47.16127018,data/cutouts/negatives/-638733801471612701.npy,train
-638673269472134281,0,,,63.86732692,-47.21342814,data/cutouts/negatives/-638673269472134281.npy,val
-638668763463944300,0,,,63.86687633,-46.39443005,data/cutouts/negatives/-638668763463944300.npy,test
-638662865471716331,0,,,63.8662866,-47.17163312,data/cutouts/negatives/-638662865471716331.npy,train
-638660396471882823,0,,,63.86603968,-47.18828234,data/cutouts/negatives/-638660396471882823.npy,train
-638650010464133178,0,,,63.86500109,-46.41331781,data/cutouts/negatives/-638650010464133178.npy,train
-638643081499213966,0,,,63.86430816,-49.92139662,data/cutouts/negatives/-638643081499213966.npy,train
-638586207471667734,0,,,63.85862079,-47.16677346,data/cutouts/negatives/-638586207471667734.npy,train
-638558805472023195,0,,,63.85588059,-47.20231951,data/cutouts/negatives/-638558805472023195.npy,train
-638544154463706271,0,,,63.85441545,-46.37062714,data/cutouts/negatives/-638544154463706271.npy,test
-638510542463667681,0,,,63.85105424,-46.36676812,data/cutouts/negatives/-638510542463667681.npy,test
-638507539463820494,0,,,63.85075392,-46.38204949,data/cutouts/negatives/-638507539463820494.npy,train
-638500707472040922,0,,,63.85007074,-47.20409224,data/cutouts/negatives/-638500707472040922.npy,test
-638497385471469822,0,,,63.84973854,-47.14698226,data/cutouts/negatives/-638497385471469822.npy,train
-638493517464140784,0,,,63.84935173,-46.41407848,data/cutouts/negatives/-638493517464140784.npy,train
-638459051463754775,0,,,63.84590519,-46.37547758,data/cutouts/negatives/-638459051463754775.npy,train
-638414663463815468,0,,,63.84146634,-46.38154683,data/cutouts/negatives/-638414663463815468.npy,test
-638410489471590770,0,,,63.84104892,-47.15907706,data/cutouts/negatives/-638410489471590770.npy,test
-638403991463790306,0,,,63.84039916,-46.37903062,data/cutouts/negatives/-638403991463790306.npy,test
-638388638471754394,0,,,63.83886383,-47.1754394,data/cutouts/negatives/-638388638471754394.npy,train
-638342356471768562,0,,,63.83423568,-47.17685626,data/cutouts/negatives/-638342356471768562.npy,train
-638272225471814786,0,,,63.82722259,-47.18147864,data/cutouts/negatives/-638272225471814786.npy,val
-638245275464126717,0,,,63.82452754,-46.41267174,data/cutouts/negatives/-638245275464126717.npy,train
-638073686463578686,0,,,63.80736864,-46.35786865,data/cutouts/negatives/-638073686463578686.npy,train
-638031482463513650,0,,,63.80314821,-46.35136503,data/cutouts/negatives/-638031482463513650.npy,train
-637977642463419281,0,,,63.79776424,-46.34192813,data/cutouts/negatives/-637977642463419281.npy,val
-637822455463469382,0,,,63.78224558,-46.34693822,data/cutouts/negatives/-637822455463469382.npy,test
-637720247463843095,0,,,63.77202474,-46.38430952,data/cutouts/negatives/-637720247463843095.npy,train
-637677610463627560,0,,,63.76776103,-46.36275604,data/cutouts/negatives/-637677610463627560.npy,test
-636495202499579604,0,,,63.64952023,-49.95796047,data/cutouts/negatives/-636495202499579604.npy,val
-636429851499468293,0,,,63.64298515,-49.94682934,data/cutouts/negatives/-636429851499468293.npy,train
-636315036499845880,0,,,63.63150366,-49.98458802,data/cutouts/negatives/-636315036499845880.npy,val
-636220352499886111,0,,,63.62203526,-49.98861113,data/cutouts/negatives/-636220352499886111.npy,val
-636183277499750806,0,,,63.61832771,-49.97508067,data/cutouts/negatives/-636183277499750806.npy,train
-636165075499929061,0,,,63.61650758,-49.99290615,data/cutouts/negatives/-636165075499929061.npy,train
-636107170499868021,0,,,63.61071706,-49.98680211,data/cutouts/negatives/-636107170499868021.npy,val
-636016648500148732,0,,,63.60166486,-50.01487326,data/cutouts/negatives/-636016648500148732.npy,test
-636009640499251250,0,,,63.60096408,-49.92512507,data/cutouts/negatives/-636009640499251250.npy,train
-635929974499943448,0,,,63.59299746,-49.99434486,data/cutouts/negatives/-635929974499943448.npy,train
-635913442460031393,0,,,63.59134427,-46.00313932,data/cutouts/negatives/-635913442460031393.npy,train
-635911750499858636,0,,,63.591175,-49.98586366,data/cutouts/negatives/-635911750499858636.npy,val
-635909098499768515,0,,,63.59090982,-49.9768515,data/cutouts/negatives/-635909098499768515.npy,train
-635904739499216437,0,,,63.59047396,-49.92164378,data/cutouts/negatives/-635904739499216437.npy,train
-635879768460031745,0,,,63.58797681,-46.00317453,data/cutouts/negatives/-635879768460031745.npy,train
-635852649459839405,0,,,63.58526492,-45.98394054,data/cutouts/negatives/-635852649459839405.npy,val
-635810257459726220,0,,,63.5810257,-45.97262209,data/cutouts/negatives/-635810257459726220.npy,test
-635674595499452370,0,,,63.56745957,-49.94523704,data/cutouts/negatives/-635674595499452370.npy,train
-635650679459853426,0,,,63.56506796,-45.98534266,data/cutouts/negatives/-635650679459853426.npy,train
-635649954459935030,0,,,63.56499545,-45.99350301,data/cutouts/negatives/-635649954459935030.npy,train
-635633122499920030,0,,,63.56331225,-49.992003,data/cutouts/negatives/-635633122499920030.npy,train
-635616206460037689,0,,,63.56162066,-46.00376898,data/cutouts/negatives/-635616206460037689.npy,train
-635608489499835424,0,,,63.56084898,-49.98354249,data/cutouts/negatives/-635608489499835424.npy,train
-635567445459903435,0,,,63.5567446,-45.99034351,data/cutouts/negatives/-635567445459903435.npy,train
-635566820459863280,0,,,63.55668206,-45.98632801,data/cutouts/negatives/-635566820459863280.npy,train
-635557013499805152,0,,,63.5557014,-49.98051525,data/cutouts/negatives/-635557013499805152.npy,train
-635528556460358278,0,,,63.55285568,-46.03582787,data/cutouts/negatives/-635528556460358278.npy,test
-635469254460086567,0,,,63.54692547,-46.00865671,data/cutouts/negatives/-635469254460086567.npy,train
-635462568460200435,0,,,63.54625683,-46.02004352,data/cutouts/negatives/-635462568460200435.npy,test
-635382611460454909,0,,,63.53826115,-46.045491,data/cutouts/negatives/-635382611460454909.npy,train
-635374262459523599,0,,,63.53742629,-45.95235994,data/cutouts/negatives/-635374262459523599.npy,train
-635298551499477772,0,,,63.52985519,-49.94777727,data/cutouts/negatives/-635298551499477772.npy,train
-635231043499404084,0,,,63.52310438,-49.94040845,data/cutouts/negatives/-635231043499404084.npy,train
-635215649459849451,0,,,63.52156496,-45.98494517,data/cutouts/negatives/-635215649459849451.npy,val
-635186396499671642,0,,,63.51863965,-49.96716424,data/cutouts/negatives/-635186396499671642.npy,train
-635164686460185682,0,,,63.51646868,-46.01856821,data/cutouts/negatives/-635164686460185682.npy,val
-635136302460088683,0,,,63.51363022,-46.0088683,data/cutouts/negatives/-635136302460088683.npy,train
-635073173459574558,0,,,63.50731732,-45.95745583,data/cutouts/negatives/-635073173459574558.npy,train
-634763021460215317,0,,,63.4763022,-46.02153178,data/cutouts/negatives/-634763021460215317.npy,val
-634695277460276049,0,,,63.46952776,-46.02760497,data/cutouts/negatives/-634695277460276049.npy,train
-634131216458599899,0,,,63.41312164,-45.85998998,data/cutouts/negatives/-634131216458599899.npy,val
-634105379458306805,0,,,63.41053798,-45.83068058,data/cutouts/negatives/-634105379458306805.npy,test
-634101833458552526,0,,,63.41018339,-45.8552527,data/cutouts/negatives/-634101833458552526.npy,test
-633866024458383172,0,,,63.38660243,-45.8383173,data/cutouts/negatives/-633866024458383172.npy,train
-633794580457996801,0,,,63.37945802,-45.79968018,data/cutouts/negatives/-633794580457996801.npy,train
-633781807458259828,0,,,63.37818079,-45.82598289,data/cutouts/negatives/-633781807458259828.npy,train
-633771422457752012,0,,,63.37714227,-45.77520122,data/cutouts/negatives/-633771422457752012.npy,val
-633732091458131503,0,,,63.37320917,-45.81315032,data/cutouts/negatives/-633732091458131503.npy,test
-633711409458428639,0,,,63.37114098,-45.84286393,data/cutouts/negatives/-633711409458428639.npy,test
-633693866457964003,0,,,63.36938663,-45.79640036,data/cutouts/negatives/-633693866457964003.npy,val
-633652937457844566,0,,,63.3652937,-45.78445667,data/cutouts/negatives/-633652937457844566.npy,train
-633636299458513997,0,,,63.36362997,-45.8513998,data/cutouts/negatives/-633636299458513997.npy,val
-633547529458007140,0,,,63.35475296,-45.80071405,data/cutouts/negatives/-633547529458007140.npy,val
-633471409457969341,0,,,63.34714091,-45.79693411,data/cutouts/negatives/-633471409457969341.npy,train
-633426397458456536,0,,,63.34263979,-45.84565366,data/cutouts/negatives/-633426397458456536.npy,train
-633391777458338860,0,,,63.33917772,-45.83388606,data/cutouts/negatives/-633391777458338860.npy,test
-633332121458506289,0,,,63.33321215,-45.85062899,data/cutouts/negatives/-633332121458506289.npy,val
-633281826458143481,0,,,63.32818264,-45.81434812,data/cutouts/negatives/-633281826458143481.npy,train
-633269888458233361,0,,,63.32698886,-45.8233362,data/cutouts/negatives/-633269888458233361.npy,train
-633234089458047733,0,,,63.32340895,-45.8047733,data/cutouts/negatives/-633234089458047733.npy,train
-632827342456085626,0,,,63.28273426,-45.60856261,data/cutouts/negatives/-632827342456085626.npy,train
-632808725455811286,0,,,63.2808726,-45.58112865,data/cutouts/negatives/-632808725455811286.npy,train
-632793851455940509,0,,,63.27938512,-45.59405096,data/cutouts/negatives/-632793851455940509.npy,test
-632772505456213040,0,,,63.27725055,-45.6213041,data/cutouts/negatives/-632772505456213040.npy,train
-632691077456312530,0,,,63.2691077,-45.63125301,data/cutouts/negatives/-632691077456312530.npy,train
-632678466455856154,0,,,63.26784665,-45.58561542,data/cutouts/negatives/-632678466455856154.npy,train
-632673060455718163,0,,,63.2673061,-45.57181639,data/cutouts/negatives/-632673060455718163.npy,train
-632646113456231103,0,,,63.26461136,-45.62311037,data/cutouts/negatives/-632646113456231103.npy,train
-632642952456202044,0,,,63.26429527,-45.62020449,data/cutouts/negatives/-632642952456202044.npy,test
-632628207456262658,0,,,63.26282071,-45.62626583,data/cutouts/negatives/-632628207456262658.npy,train
-632549339455714641,0,,,63.254934,-45.57146418,data/cutouts/negatives/-632549339455714641.npy,train
-632487398455783388,0,,,63.24873988,-45.57833881,data/cutouts/negatives/-632487398455783388.npy,train
-632471349455812793,0,,,63.24713493,-45.58127934,data/cutouts/negatives/-632471349455812793.npy,train
-632429720455672714,0,,,63.24297206,-45.56727141,data/cutouts/negatives/-632429720455672714.npy,train
-632409729456330208,0,,,63.24097291,-45.63302084,data/cutouts/negatives/-632409729456330208.npy,train
-632368289455523312,0,,,63.23682894,-45.55233127,data/cutouts/negatives/-632368289455523312.npy,train
-632237862455493887,0,,,63.22378623,-45.54938876,data/cutouts/negatives/-632237862455493887.npy,train
-632225334455655832,0,,,63.22253346,-45.56558328,data/cutouts/negatives/-632225334455655832.npy,train
-631989058458758934,0,,,63.19890585,-45.87589347,data/cutouts/negatives/-631989058458758934.npy,val
-631940195458757522,0,,,63.19401957,-45.87575222,data/cutouts/negatives/-631940195458757522.npy,train
-631909167455906061,0,,,63.1909167,-45.5906062,data/cutouts/negatives/-631909167455906061.npy,train
-631725545458795024,0,,,63.1725545,-45.8795024,data/cutouts/negatives/-631725545458795024.npy,test
-631686256458981211,0,,,63.16862568,-45.89812113,data/cutouts/negatives/-631686256458981211.npy,train
-631673690458707562,0,,,63.16736905,-45.87075627,data/cutouts/negatives/-631673690458707562.npy,train
-631625627458317963,0,,,63.16256277,-45.83179639,data/cutouts/negatives/-631625627458317963.npy,train
-631623354456014109,0,,,63.1623354,-45.60141096,data/cutouts/negatives/-631623354456014109.npy,train
-631548834458206908,0,,,63.15488341,-45.82069086,data/cutouts/negatives/-631548834458206908.npy,train
-631542244458379811,0,,,63.15422446,-45.83798116,data/cutouts/negatives/-631542244458379811.npy,test
-631532078458300213,0,,,63.15320786,-45.83002132,data/cutouts/negatives/-631532078458300213.npy,train
-631464198458798201,0,,,63.14641987,-45.87982013,data/cutouts/negatives/-631464198458798201.npy,train
-631454608458563132,0,,,63.14546087,-45.85631321,data/cutouts/negatives/-631454608458563132.npy,train
-631405929458849180,0,,,63.14059292,-45.88491802,data/cutouts/negatives/-631405929458849180.npy,test
-631217807458380302,0,,,63.1217807,-45.83803027,data/cutouts/negatives/-631217807458380302.npy,train
-631188501458522084,0,,,63.11885017,-45.85220849,data/cutouts/negatives/-631188501458522084.npy,train
-631121239458836945,0,,,63.1121239,-45.88369456,data/cutouts/negatives/-631121239458836945.npy,train
-630917663458693371,0,,,63.0917663,-45.86933714,data/cutouts/negatives/-630917663458693371.npy,train
-630917454458265596,0,,,63.09174549,-45.82655963,data/cutouts/negatives/-630917454458265596.npy,train
-630912514458719967,0,,,63.0912515,-45.87199677,data/cutouts/negatives/-630912514458719967.npy,train
-630895850458458818,0,,,63.08958509,-45.84588183,data/cutouts/negatives/-630895850458458818.npy,train
-630882349458851442,0,,,63.088235,-45.88514426,data/cutouts/negatives/-630882349458851442.npy,train
-629525273474225607,0,,,62.95252735,-47.42256071,data/cutouts/negatives/-629525273474225607.npy,train
-629458521474117417,0,,,62.94585218,-47.41174178,data/cutouts/negatives/-629458521474117417.npy,val
-629359791474389398,0,,,62.93597911,-47.43893989,data/cutouts/negatives/-629359791474389398.npy,val
-629181428474038627,0,,,62.91814281,-47.40386278,data/cutouts/negatives/-629181428474038627.npy,train
-629168940474300641,0,,,62.91689405,-47.43006415,data/cutouts/negatives/-629168940474300641.npy,train
-629166786474093258,0,,,62.91667862,-47.40932586,data/cutouts/negatives/-629166786474093258.npy,train
-629161362474485757,0,,,62.91613627,-47.44857579,data/cutouts/negatives/-629161362474485757.npy,train
-629144815474022646,0,,,62.91448156,-47.40226469,data/cutouts/negatives/-629144815474022646.npy,train
-629134538474029832,0,,,62.91345389,-47.40298327,data/cutouts/negatives/-629134538474029832.npy,test
-629110633474612225,0,,,62.91106338,-47.46122254,data/cutouts/negatives/-629110633474612225.npy,train
-628960796473739017,0,,,62.89607967,-47.3739018,data/cutouts/negatives/-628960796473739017.npy,val
-628912163473982943,0,,,62.89121637,-47.39829438,data/cutouts/negatives/-628912163473982943.npy,train
-628862248474277088,0,,,62.88622488,-47.42770884,data/cutouts/negatives/-628862248474277088.npy,val
-628581209474381724,0,,,62.85812097,-47.43817248,data/cutouts/negatives/-628581209474381724.npy,train
-628523122474156214,0,,,62.85231223,-47.41562146,data/cutouts/negatives/-628523122474156214.npy,train
-628517608473833495,0,,,62.85176089,-47.38334959,data/cutouts/negatives/-628517608473833495.npy,train
-628467958474294311,0,,,62.84679584,-47.42943114,data/cutouts/negatives/-628467958474294311.npy,train
-628418983474083939,0,,,62.84189835,-47.40839398,data/cutouts/negatives/-628418983474083939.npy,test
-628252899474386432,0,,,62.82528992,-47.43864323,data/cutouts/negatives/-628252899474386432.npy,test
-628225846490349421,0,,,62.82258462,-49.03494211,data/cutouts/negatives/-628225846490349421.npy,val
-628218277490428036,0,,,62.8218278,-49.0428037,data/cutouts/negatives/-628218277490428036.npy,train
-628199382474103060,0,,,62.81993824,-47.41030605,data/cutouts/negatives/-628199382474103060.npy,train
-627926177490904736,0,,,62.79261774,-49.09047366,data/cutouts/negatives/-627926177490904736.npy,train
-627901382490715915,0,,,62.79013823,-49.07159154,data/cutouts/negatives/-627901382490715915.npy,test
-627889556470877489,0,,,62.7889557,-47.08774898,data/cutouts/negatives/-627889556470877489.npy,train
-627844001470881402,0,,,62.7844002,-47.08814021,data/cutouts/negatives/-627844001470881402.npy,train
-627840863490514096,0,,,62.78408631,-49.05140965,data/cutouts/negatives/-627840863490514096.npy,train
-627829870490732491,0,,,62.78298704,-49.07324917,data/cutouts/negatives/-627829870490732491.npy,train
-627756378490935793,0,,,62.77563782,-49.09357938,data/cutouts/negatives/-627756378490935793.npy,train
-627752788490348310,0,,,62.77527885,-49.03483105,data/cutouts/negatives/-627752788490348310.npy,train
-627749198470577900,0,,,62.77491984,-47.05779009,data/cutouts/negatives/-627749198470577900.npy,test
-627748613470660853,0,,,62.77486138,-47.06608534,data/cutouts/negatives/-627748613470660853.npy,train
-627746585490031660,0,,,62.77465856,-49.00316608,data/cutouts/negatives/-627746585490031660.npy,train
-627719314490946826,0,,,62.77193149,-49.09468261,data/cutouts/negatives/-627719314490946826.npy,test
-627691161490080102,0,,,62.76911615,-49.00801022,data/cutouts/negatives/-627691161490080102.npy,train
-627686107490710487,0,,,62.76861071,-49.07104871,data/cutouts/negatives/-627686107490710487.npy,train
-627640249490826080,0,,,62.76402497,-49.08260801,data/cutouts/negatives/-627640249490826080.npy,train
-627581864471148503,0,,,62.75818645,-47.11485035,data/cutouts/negatives/-627581864471148503.npy,train
-627542732471220832,0,,,62.75427321,-47.12208329,data/cutouts/negatives/-627542732471220832.npy,train
-627526846471158577,0,,,62.75268465,-47.11585772,data/cutouts/negatives/-627526846471158577.npy,test
-627468725470820022,0,,,62.74687258,-47.08200223,data/cutouts/negatives/-627468725470820022.npy,train
-627453492471379709,0,,,62.74534924,-47.13797095,data/cutouts/negatives/-627453492471379709.npy,train
-627447608490427238,0,,,62.74476085,-49.04272385,data/cutouts/negatives/-627447608490427238.npy,train
-627439141470657414,0,,,62.74391419,-47.06574149,data/cutouts/negatives/-627439141470657414.npy,train
-627435215470538274,0,,,62.74352156,-47.05382742,data/cutouts/negatives/-627435215470538274.npy,val
-627428809470525358,0,,,62.74288091,-47.05253581,data/cutouts/negatives/-627428809470525358.npy,train
-627397769490358777,0,,,62.73977694,-49.03587777,data/cutouts/negatives/-627397769490358777.npy,train
-627274319490616221,0,,,62.72743193,-49.0616221,data/cutouts/negatives/-627274319490616221.npy,train
-627262586471293769,0,,,62.72625865,-47.12937698,data/cutouts/negatives/-627262586471293769.npy,test
-627253914490692999,0,,,62.72539141,-49.06929999,data/cutouts/negatives/-627253914490692999.npy,train
-627235294471010247,0,,,62.72352945,-47.10102475,data/cutouts/negatives/-627235294471010247.npy,train
-627233092470821464,0,,,62.7233093,-47.08214646,data/cutouts/negatives/-627233092470821464.npy,train
-627211352490619655,0,,,62.72113523,-49.0619655,data/cutouts/negatives/-627211352490619655.npy,train
-627123448470646708,0,,,62.7123448,-47.06467083,data/cutouts/negatives/-627123448470646708.npy,test
-627054491470832164,0,,,62.70544916,-47.08321642,data/cutouts/negatives/-627054491470832164.npy,test
-626976992490739384,0,,,62.69769929,-49.07393844,data/cutouts/negatives/-626976992490739384.npy,train
-626896007471233872,0,,,62.6896007,-47.12338723,data/cutouts/negatives/-626896007471233872.npy,train
-626821732490337768,0,,,62.68217326,-49.0337768,data/cutouts/negatives/-626821732490337768.npy,train
-626816543470596876,0,,,62.68165437,-47.05968762,data/cutouts/negatives/-626816543470596876.npy,train
-626760189470986214,0,,,62.67601898,-47.09862142,data/cutouts/negatives/-626760189470986214.npy,train
-626576079492564670,0,,,62.65760795,-49.256467,data/cutouts/negatives/-626576079492564670.npy,train
-626521947492392466,0,,,62.65219471,-49.23924669,data/cutouts/negatives/-626521947492392466.npy,train
-626489922492148535,0,,,62.64899229,-49.21485352,data/cutouts/negatives/-626489922492148535.npy,train
-626398828492268926,0,,,62.63988289,-49.22689262,data/cutouts/negatives/-626398828492268926.npy,train
-626316528492531343,0,,,62.63165287,-49.25313434,data/cutouts/negatives/-626316528492531343.npy,val
-626282898492340216,0,,,62.62828987,-49.23402166,data/cutouts/negatives/-626282898492340216.npy,train
-626204967492783625,0,,,62.62049673,-49.27836257,data/cutouts/negatives/-626204967492783625.npy,train
-625996741492772994,0,,,62.59967412,-49.27729945,data/cutouts/negatives/-625996741492772994.npy,train
-625936877492108915,0,,,62.5936877,-49.21089154,data/cutouts/negatives/-625936877492108915.npy,train
-625914788492525110,0,,,62.59147884,-49.25251105,data/cutouts/negatives/-625914788492525110.npy,train
-625896039492799943,0,,,62.5896039,-49.27999434,data/cutouts/negatives/-625896039492799943.npy,test
-625735089492781590,0,,,62.57350895,-49.27815902,data/cutouts/negatives/-625735089492781590.npy,test
-625621430491970235,0,,,62.56214305,-49.19702357,data/cutouts/negatives/-625621430491970235.npy,train
-625580597492738696,0,,,62.55805971,-49.27386968,data/cutouts/negatives/-625580597492738696.npy,train
-625564523492179274,0,,,62.55645233,-49.2179275,data/cutouts/negatives/-625564523492179274.npy,test
-625548298492198642,0,,,62.55482985,-49.21986426,data/cutouts/negatives/-625548298492198642.npy,train
-625509132492414408,0,,,62.55091329,-49.24144081,data/cutouts/negatives/-625509132492414408.npy,train
-625477151492301524,0,,,62.54771513,-49.23015245,data/cutouts/negatives/-625477151492301524.npy,train
-625416840492410056,0,,,62.54168409,-49.24100561,data/cutouts/negatives/-625416840492410056.npy,train
-625253966492557288,0,,,62.52539667,-49.25572888,data/cutouts/negatives/-625253966492557288.npy,train
-622487425483081630,0,,,62.24874257,-48.30816309,data/cutouts/negatives/-622487425483081630.npy,train
-622386385483515836,0,,,62.23863855,-48.35158367,data/cutouts/negatives/-622386385483515836.npy,test
-622183296483037521,0,,,62.21832961,-48.30375211,data/cutouts/negatives/-622183296483037521.npy,val
-621959346482893064,0,,,62.19593468,-48.28930643,data/cutouts/negatives/-621959346482893064.npy,train
-621945298483151942,0,,,62.19452987,-48.31519427,data/cutouts/negatives/-621945298483151942.npy,train
-621933325483304350,0,,,62.19333259,-48.33043501,data/cutouts/negatives/-621933325483304350.npy,train
-621902802483639958,0,,,62.19028025,-48.3639958,data/cutouts/negatives/-621902802483639958.npy,train
-621863383483600161,0,,,62.18633835,-48.36001615,data/cutouts/negatives/-621863383483600161.npy,train
-621808561483121692,0,,,62.18085615,-48.31216922,data/cutouts/negatives/-621808561483121692.npy,train
-621735567483203853,0,,,62.17355674,-48.32038533,data/cutouts/negatives/-621735567483203853.npy,train
-621733818483716452,0,,,62.17338183,-48.3716452,data/cutouts/negatives/-621733818483716452.npy,train
-621638288483254061,0,,,62.16382883,-48.32540612,data/cutouts/negatives/-621638288483254061.npy,train
-621512122483661558,0,,,62.15121224,-48.3661559,data/cutouts/negatives/-621512122483661558.npy,train
-621456469483679696,0,,,62.14564699,-48.36796964,data/cutouts/negatives/-621456469483679696.npy,val
-621443064483218560,0,,,62.14430641,-48.32185606,data/cutouts/negatives/-621443064483218560.npy,train
-621436643483519042,0,,,62.14366434,-48.35190423,data/cutouts/negatives/-621436643483519042.npy,train
-621392457483610834,0,,,62.13924577,-48.36108345,data/cutouts/negatives/-621392457483610834.npy,val
-621354569483591484,0,,,62.13545693,-48.35914849,data/cutouts/negatives/-621354569483591484.npy,train
-621256565483526357,0,,,62.12565656,-48.35263572,data/cutouts/negatives/-621256565483526357.npy,test
-621253443483237140,0,,,62.12534439,-48.32371402,data/cutouts/negatives/-621253443483237140.npy,train
-621113698477715557,0,,,62.11136981,-47.77155571,data/cutouts/negatives/-621113698477715557.npy,train
-620900514477363034,0,,,62.09005143,-47.7363034,data/cutouts/negatives/-620900514477363034.npy,test
-620897659477570845,0,,,62.089766,-47.75708454,data/cutouts/negatives/-620897659477570845.npy,train
-620848694477562450,0,,,62.08486944,-47.75624505,data/cutouts/negatives/-620848694477562450.npy,train
-620823916477210923,0,,,62.08239165,-47.72109239,data/cutouts/negatives/-620823916477210923.npy,train
-620812407477497593,0,,,62.08124075,-47.74975935,data/cutouts/negatives/-620812407477497593.npy,test
-620728826477453165,0,,,62.0728827,-47.74531654,data/cutouts/negatives/-620728826477453165.npy,test
-620709727477950254,0,,,62.07097279,-47.79502545,data/cutouts/negatives/-620709727477950254.npy,train
-620614671477347462,0,,,62.06146716,-47.73474629,data/cutouts/negatives/-620614671477347462.npy,train
-620580834477295218,0,,,62.05808347,-47.72952182,data/cutouts/negatives/-620580834477295218.npy,train
-620565961477168924,0,,,62.05659613,-47.7168925,data/cutouts/negatives/-620565961477168924.npy,train
-620311387477491944,0,,,62.03113878,-47.74919444,data/cutouts/negatives/-620311387477491944.npy,train
-620293865477238541,0,,,62.02938652,-47.72385413,data/cutouts/negatives/-620293865477238541.npy,train
-620158924477370310,0,,,62.01589247,-47.73703102,data/cutouts/negatives/-620158924477370310.npy,val
-620141867477839778,0,,,62.01418675,-47.78397785,data/cutouts/negatives/-620141867477839778.npy,train
-620130896477279359,0,,,62.01308962,-47.72793595,data/cutouts/negatives/-620130896477279359.npy,train
-620094530477852329,0,,,62.00945305,-47.7852329,data/cutouts/negatives/-620094530477852329.npy,train
-620053862477637190,0,,,62.00538627,-47.76371901,data/cutouts/negatives/-620053862477637190.npy,train
-619977844477724428,0,,,61.99778443,-47.77244285,data/cutouts/negatives/-619977844477724428.npy,train
-619822973477723221,0,,,61.98229738,-47.77232218,data/cutouts/negatives/-619822973477723221.npy,train
-619018372460698142,0,,,61.90183727,-46.06981425,data/cutouts/negatives/-619018372460698142.npy,train
-618905402460374672,0,,,61.89054027,-46.03746725,data/cutouts/negatives/-618905402460374672.npy,train
-618904475460415970,0,,,61.89044759,-46.0415971,data/cutouts/negatives/-618904475460415970.npy,train
-618709279460680283,0,,,61.87092794,-46.0680284,data/cutouts/negatives/-618709279460680283.npy,test
-618659623460440235,0,,,61.8659623,-46.04402358,data/cutouts/negatives/-618659623460440235.npy,train
-618620456460807406,0,,,61.86204564,-46.08074065,data/cutouts/negatives/-618620456460807406.npy,train
-618576186460566351,0,,,61.85761866,-46.05663518,data/cutouts/negatives/-618576186460566351.npy,train
-618572278460752759,0,,,61.85722782,-46.07527597,data/cutouts/negatives/-618572278460752759.npy,test
-618567961460283439,0,,,61.85679611,-46.02834395,data/cutouts/negatives/-618567961460283439.npy,val
-618520880460482495,0,,,61.85208804,-46.04824952,data/cutouts/negatives/-618520880460482495.npy,val
-618508014460401655,0,,,61.8508014,-46.04016551,data/cutouts/negatives/-618508014460401655.npy,test
-618492057460389780,0,,,61.84920575,-46.03897804,data/cutouts/negatives/-618492057460389780.npy,train
-618464976460932931,0,,,61.84649767,-46.09329319,data/cutouts/negatives/-618464976460932931.npy,test
-618434969460490254,0,,,61.84349693,-46.04902548,data/cutouts/negatives/-618434969460490254.npy,train
-618408727460506790,0,,,61.84087275,-46.05067901,data/cutouts/negatives/-618408727460506790.npy,train
-618113046460068424,0,,,61.81130467,-46.0068425,data/cutouts/negatives/-618113046460068424.npy,train
-618059149460089784,0,,,61.80591496,-46.00897844,data/cutouts/negatives/-618059149460089784.npy,test
-617923026460291136,0,,,61.79230261,-46.02911363,data/cutouts/negatives/-617923026460291136.npy,train
-617874161460214187,0,,,61.78741615,-46.02141873,data/cutouts/negatives/-617874161460214187.npy,train
-617812814460588178,0,,,61.78128145,-46.05881787,data/cutouts/negatives/-617812814460588178.npy,val
-607844381476865471,0,,,60.78443819,-47.68654719,data/cutouts/negatives/-607844381476865471.npy,train
-607737841476999409,0,,,60.77378413,-47.69994097,data/cutouts/negatives/-607737841476999409.npy,test
-607736680477002301,0,,,60.77366808,-47.70023017,data/cutouts/negatives/-607736680477002301.npy,train
-607685435477080703,0,,,60.76854352,-47.70807034,data/cutouts/negatives/-607685435477080703.npy,train
-607628317476767427,0,,,60.76283173,-47.67674272,data/cutouts/negatives/-607628317476767427.npy,val
-607473922476773957,0,,,60.74739224,-47.67739572,data/cutouts/negatives/-607473922476773957.npy,train
-607439513477039222,0,,,60.74395138,-47.70392226,data/cutouts/negatives/-607439513477039222.npy,train
-607271838477233429,0,,,60.72718389,-47.72334297,data/cutouts/negatives/-607271838477233429.npy,test
-607111881477124781,0,,,60.71118811,-47.71247814,data/cutouts/negatives/-607111881477124781.npy,train
-607037860476719433,0,,,60.70378609,-47.67194334,data/cutouts/negatives/-607037860476719433.npy,train
-607009919477051037,0,,,60.70099194,-47.70510379,data/cutouts/negatives/-607009919477051037.npy,val
-606972509477290781,0,,,60.69725095,-47.72907818,data/cutouts/negatives/-606972509477290781.npy,train
-606823087476949750,0,,,60.68230879,-47.69497502,data/cutouts/negatives/-606823087476949750.npy,train
-606820126476867582,0,,,60.68201266,-47.68675828,data/cutouts/negatives/-606820126476867582.npy,train
-606795643477003720,0,,,60.67956435,-47.70037208,data/cutouts/negatives/-606795643477003720.npy,train
-606752923477054504,0,,,60.67529239,-47.70545049,data/cutouts/negatives/-606752923477054504.npy,train
-606738952476539286,0,,,60.67389526,-47.65392869,data/cutouts/negatives/-606738952476539286.npy,train
-606737852477180678,0,,,60.6737852,-47.71806788,data/cutouts/negatives/-606737852477180678.npy,train
-606689938477056823,0,,,60.66899382,-47.70568232,data/cutouts/negatives/-606689938477056823.npy,train
-606522496476867197,0,,,60.65224962,-47.68671973,data/cutouts/negatives/-606522496476867197.npy,train
-605537801492180181,0,,,60.55378019,-49.21801814,data/cutouts/negatives/-605537801492180181.npy,train
-605502818491821420,0,,,60.55028189,-49.18214208,data/cutouts/negatives/-605502818491821420.npy,train
-605483990491871247,0,,,60.54839906,-49.1871248,data/cutouts/negatives/-605483990491871247.npy,train
-605378920491878836,0,,,60.53789207,-49.1878837,data/cutouts/negatives/-605378920491878836.npy,train
-605308694491854913,0,,,60.53086941,-49.18549132,data/cutouts/negatives/-605308694491854913.npy,train
-605253906492332590,0,,,60.52539065,-49.23325907,data/cutouts/negatives/-605253906492332590.npy,test
-604997633492376736,0,,,60.49976335,-49.23767365,data/cutouts/negatives/-604997633492376736.npy,test
-604912068492236412,0,,,60.49120688,-49.22364128,data/cutouts/negatives/-604912068492236412.npy,train
-604902381491746542,0,,,60.49023817,-49.17465429,data/cutouts/negatives/-604902381491746542.npy,train
-604896803491927581,0,,,60.48968037,-49.19275818,data/cutouts/negatives/-604896803491927581.npy,train
-604885506505532597,0,,,60.48855064,-50.55325973,data/cutouts/negatives/-604885506505532597.npy,train
-604870754505546676,0,,,60.48707544,-50.55466765,data/cutouts/negatives/-604870754505546676.npy,train
-604846898492291829,0,,,60.48468984,-49.22918297,data/cutouts/negatives/-604846898492291829.npy,train
-604812439492056638,0,,,60.4812439,-49.20566386,data/cutouts/negatives/-604812439492056638.npy,train
-604707015492088948,0,,,60.47070155,-49.20889481,data/cutouts/negatives/-604707015492088948.npy,train
-604612979492162383,0,,,60.46129791,-49.21623838,data/cutouts/negatives/-604612979492162383.npy,test
-604610012492371117,0,,,60.46100123,-49.23711173,data/cutouts/negatives/-604610012492371117.npy,val
-604597974491864760,0,,,60.45979743,-49.18647605,data/cutouts/negatives/-604597974491864760.npy,val
-604584453492430773,0,,,60.45844534,-49.24307733,data/cutouts/negatives/-604584453492430773.npy,train
-604556365505291784,0,,,60.45563651,-50.52917845,data/cutouts/negatives/-604556365505291784.npy,train
-604518324505659053,0,,,60.45183248,-50.56590533,data/cutouts/negatives/-604518324505659053.npy,test
-604463796505907638,0,,,60.44637964,-50.59076382,data/cutouts/negatives/-604463796505907638.npy,test
-604449200492463418,0,,,60.44492009,-49.2463419,data/cutouts/negatives/-604449200492463418.npy,train
-604408653491979086,0,,,60.44086531,-49.19790862,data/cutouts/negatives/-604408653491979086.npy,train
-604398066491921938,0,,,60.43980667,-49.1921939,data/cutouts/negatives/-604398066491921938.npy,train
-604367994505384376,0,,,60.43679942,-50.53843768,data/cutouts/negatives/-604367994505384376.npy,train
-604307140505275252,0,,,60.43071408,-50.5275252,data/cutouts/negatives/-604307140505275252.npy,test
-604299022505410245,0,,,60.4299023,-50.54102453,data/cutouts/negatives/-604299022505410245.npy,test
-604179327505853484,0,,,60.41793279,-50.58534846,data/cutouts/negatives/-604179327505853484.npy,train
-604092096505296687,0,,,60.40920966,-50.52966873,data/cutouts/negatives/-604092096505296687.npy,test
-603870689506015470,0,,,60.38706899,-50.60154702,data/cutouts/negatives/-603870689506015470.npy,train
-603834953506088994,0,,,60.38349535,-50.60889949,data/cutouts/negatives/-603834953506088994.npy,train
-603821598499807606,0,,,60.38215987,-49.98076068,data/cutouts/negatives/-603821598499807606.npy,train
-603792225505883830,0,,,60.37922254,-50.58838303,data/cutouts/negatives/-603792225505883830.npy,train
-603786417505657438,0,,,60.37864179,-50.56574389,data/cutouts/negatives/-603786417505657438.npy,val
-603755426499513059,0,,,60.37554268,-49.95130597,data/cutouts/negatives/-603755426499513059.npy,train
-603748304505912768,0,,,60.37483047,-50.59127688,data/cutouts/negatives/-603748304505912768.npy,train
-603700839505280721,0,,,60.37008392,-50.52807215,data/cutouts/negatives/-603700839505280721.npy,train
-603691349499738624,0,,,60.36913492,-49.9738624,data/cutouts/negatives/-603691349499738624.npy,train
-603690935505985377,0,,,60.36909354,-50.59853778,data/cutouts/negatives/-603690935505985377.npy,val
-603673633485441326,0,,,60.36736339,-48.54413264,data/cutouts/negatives/-603673633485441326.npy,train
-603641759485713245,0,,,60.36417592,-48.57132455,data/cutouts/negatives/-603641759485713245.npy,train
-603626650485799912,0,,,60.36266504,-48.57999125,data/cutouts/negatives/-603626650485799912.npy,train
-603625773485491289,0,,,60.36257737,-48.54912896,data/cutouts/negatives/-603625773485491289.npy,test
-603594914499659348,0,,,60.3594915,-49.9659349,data/cutouts/negatives/-603594914499659348.npy,train
-603573702505568163,0,,,60.35737027,-50.55681637,data/cutouts/negatives/-603573702505568163.npy,val
-603534689485670915,0,,,60.35346898,-48.56709154,data/cutouts/negatives/-603534689485670915.npy,train
-603527608499805804,0,,,60.35276081,-49.98058047,data/cutouts/negatives/-603527608499805804.npy,train
-603489400505759798,0,,,60.34894001,-50.57597988,data/cutouts/negatives/-603489400505759798.npy,test
-603485334505938530,0,,,60.34853349,-50.59385309,data/cutouts/negatives/-603485334505938530.npy,train
-603422776499990896,0,,,60.34227765,-49.99908966,data/cutouts/negatives/-603422776499990896.npy,train
-603339230499630926,0,,,60.33392308,-49.96309263,data/cutouts/negatives/-603339230499630926.npy,test
-603309896499775190,0,,,60.3309897,-49.97751901,data/cutouts/negatives/-603309896499775190.npy,train
-603288263499836564,0,,,60.32882632,-49.98365641,data/cutouts/negatives/-603288263499836564.npy,test
-603263055499706811,0,,,60.32630553,-49.9706812,data/cutouts/negatives/-603263055499706811.npy,test
-603222719500153200,0,,,60.3222719,-50.01532008,data/cutouts/negatives/-603222719500153200.npy,train
-603206965485506614,0,,,60.32069653,-48.55066146,data/cutouts/negatives/-603206965485506614.npy,train
-603152453500084780,0,,,60.31524539,-50.00847803,data/cutouts/negatives/-603152453500084780.npy,train
-603150964485664890,0,,,60.31509647,-48.56648902,data/cutouts/negatives/-603150964485664890.npy,val
-603145514486033712,0,,,60.31455141,-48.60337128,data/cutouts/negatives/-603145514486033712.npy,val
-603130390485329676,0,,,60.31303903,-48.53296762,data/cutouts/negatives/-603130390485329676.npy,train
-603108139485576418,0,,,60.31081393,-48.55764182,data/cutouts/negatives/-603108139485576418.npy,test
-603082305485506431,0,,,60.30823058,-48.55064314,data/cutouts/negatives/-603082305485506431.npy,train
-603081273485822317,0,,,60.30812738,-48.58223174,data/cutouts/negatives/-603081273485822317.npy,train
-603077244485839166,0,,,60.30772441,-48.58391662,data/cutouts/negatives/-603077244485839166.npy,train
-603062915486008951,0,,,60.30629152,-48.60089519,data/cutouts/negatives/-603062915486008951.npy,val
-603004278499980590,0,,,60.3004279,-49.99805906,data/cutouts/negatives/-603004278499980590.npy,train
-602964317486038293,0,,,60.29643172,-48.60382932,data/cutouts/negatives/-602964317486038293.npy,val
-602940712499360551,0,,,60.29407129,-49.93605514,data/cutouts/negatives/-602940712499360551.npy,test
-602856219499351614,0,,,60.2856219,-49.93516142,data/cutouts/negatives/-602856219499351614.npy,train
-602835302485874821,0,,,60.28353025,-48.5874821,data/cutouts/negatives/-602835302485874821.npy,train
-602827993499893572,0,,,60.28279939,-49.9893572,data/cutouts/negatives/-602827993499893572.npy,train
-602783626485718708,0,,,60.27836268,-48.57187082,data/cutouts/negatives/-602783626485718708.npy,train
-602783463499727454,0,,,60.27834638,-49.9727455,data/cutouts/negatives/-602783463499727454.npy,train
-602726324499542944,0,,,60.27263248,-49.95429443,data/cutouts/negatives/-602726324499542944.npy,train
-602722512485130343,0,,,60.27225124,-48.5130344,data/cutouts/negatives/-602722512485130343.npy,train
-602699109485290178,0,,,60.26991094,-48.52901785,data/cutouts/negatives/-602699109485290178.npy,train
-602680577499715902,0,,,60.26805771,-49.97159021,data/cutouts/negatives/-602680577499715902.npy,train
-602630965499539739,0,,,60.26309653,-49.95397393,data/cutouts/negatives/-602630965499539739.npy,val
-602511525485709439,0,,,60.25115256,-48.57094399,data/cutouts/negatives/-602511525485709439.npy,train
-602245616503279285,0,,,60.22456162,-50.32792854,data/cutouts/negatives/-602245616503279285.npy,train
-602212038503583133,0,,,60.22120387,-50.35831333,data/cutouts/negatives/-602212038503583133.npy,train
-602117997503626440,0,,,60.21179973,-50.36264402,data/cutouts/negatives/-602117997503626440.npy,val
-602046497503437525,0,,,60.20464978,-50.34375252,data/cutouts/negatives/-602046497503437525.npy,train
-601977477502980891,0,,,60.19774771,-50.29808915,data/cutouts/negatives/-601977477502980891.npy,train
-601911707503462310,0,,,60.19117071,-50.34623105,data/cutouts/negatives/-601911707503462310.npy,train
-601901626503041505,0,,,60.19016265,-50.30415053,data/cutouts/negatives/-601901626503041505.npy,train
-601885541503670941,0,,,60.18855418,-50.36709418,data/cutouts/negatives/-601885541503670941.npy,test
-601794178503412510,0,,,60.17941782,-50.3412511,data/cutouts/negatives/-601794178503412510.npy,train
-601622902503399946,0,,,60.1622903,-50.33999464,data/cutouts/negatives/-601622902503399946.npy,train
-601499067503306796,0,,,60.14990675,-50.33067966,data/cutouts/negatives/-601499067503306796.npy,train
-601384382503488951,0,,,60.13843827,-50.3488952,data/cutouts/negatives/-601384382503488951.npy,train
-601371971503408211,0,,,60.13719711,-50.34082118,data/cutouts/negatives/-601371971503408211.npy,train
-601315908503450966,0,,,60.13159088,-50.34509665,data/cutouts/negatives/-601315908503450966.npy,test
-601309212503035233,0,,,60.13092128,-50.30352333,data/cutouts/negatives/-601309212503035233.npy,train
-601256433503122737,0,,,60.12564332,-50.31227377,data/cutouts/negatives/-601256433503122737.npy,train
-601246728503655343,0,,,60.12467281,-50.36553439,data/cutouts/negatives/-601246728503655343.npy,test
-601206197503774236,0,,,60.12061971,-50.37742363,data/cutouts/negatives/-601206197503774236.npy,test
-601006905503108764,0,,,60.10069058,-50.31087642,data/cutouts/negatives/-601006905503108764.npy,train
-601004171503098962,0,,,60.10041711,-50.3098963,data/cutouts/negatives/-601004171503098962.npy,train
-600708318466213137,0,,,60.07083185,-46.62131371,data/cutouts/negatives/-600708318466213137.npy,train
-600590957465797400,0,,,60.05909577,-46.57974003,data/cutouts/negatives/-600590957465797400.npy,train
-600452419466224974,0,,,60.0452419,-46.62249742,data/cutouts/negatives/-600452419466224974.npy,train
-600438226466433536,0,,,60.04382266,-46.64335364,data/cutouts/negatives/-600438226466433536.npy,train
-600387969466243184,0,,,60.03879693,-46.62431846,data/cutouts/negatives/-600387969466243184.npy,train
-600314708466396465,0,,,60.03147083,-46.63964658,data/cutouts/negatives/-600314708466396465.npy,train
-600245168465761894,0,,,60.02451681,-46.57618945,data/cutouts/negatives/-600245168465761894.npy,train
-599875293466282753,0,,,59.98752932,-46.62827531,data/cutouts/negatives/-599875293466282753.npy,train
-599826068466144812,0,,,59.98260684,-46.61448129,data/cutouts/negatives/-599826068466144812.npy,train
-599732839465787200,0,,,59.97328396,-46.57872002,data/cutouts/negatives/-599732839465787200.npy,train
-599624934466500244,0,,,59.96249349,-46.65002443,data/cutouts/negatives/-599624934466500244.npy,val
-599618548465851746,0,,,59.96185484,-46.58517462,data/cutouts/negatives/-599618548465851746.npy,train
-599559225466050795,0,,,59.95592253,-46.60507953,data/cutouts/negatives/-599559225466050795.npy,test
-599541037466291294,0,,,59.95410377,-46.62912942,data/cutouts/negatives/-599541037466291294.npy,train
-599501803465833979,0,,,59.95018038,-46.5833979,data/cutouts/negatives/-599501803465833979.npy,train
-599482430465823872,0,,,59.94824309,-46.58238721,data/cutouts/negatives/-599482430465823872.npy,train
-599428145466342885,0,,,59.94281457,-46.63428851,data/cutouts/negatives/-599428145466342885.npy,train
-599397834466288778,0,,,59.93978343,-46.62887789,data/cutouts/negatives/-599397834466288778.npy,train
-599378623466154343,0,,,59.93786231,-46.61543436,data/cutouts/negatives/-599378623466154343.npy,train
-599371199466005057,0,,,59.93711995,-46.60050573,data/cutouts/negatives/-599371199466005057.npy,test
-599108381475665748,0,,,59.91083814,-47.56657489,data/cutouts/negatives/-599108381475665748.npy,train
-598900256475864307,0,,,59.89002567,-47.58643075,data/cutouts/negatives/-598900256475864307.npy,train
-598896477476034392,0,,,59.88964778,-47.60343923,data/cutouts/negatives/-598896477476034392.npy,train
-598881885475907607,0,,,59.88818851,-47.59076077,data/cutouts/negatives/-598881885475907607.npy,train
-598876804476338295,0,,,59.8876805,-47.63382958,data/cutouts/negatives/-598876804476338295.npy,train
-598799191475958564,0,,,59.87991916,-47.59585641,data/cutouts/negatives/-598799191475958564.npy,val
-598760252475544260,0,,,59.87602526,-47.55442603,data/cutouts/negatives/-598760252475544260.npy,train
-598713752475980944,0,,,59.87137527,-47.59809446,data/cutouts/negatives/-598713752475980944.npy,train
-598665792475581320,0,,,59.86657922,-47.55813209,data/cutouts/negatives/-598665792475581320.npy,train
-598643795476116585,0,,,59.86437959,-47.61165857,data/cutouts/negatives/-598643795476116585.npy,train
-598578454475722994,0,,,59.85784542,-47.57229942,data/cutouts/negatives/-598578454475722994.npy,test
-598544593476179607,0,,,59.85445939,-47.61796075,data/cutouts/negatives/-598544593476179607.npy,train
-598505997475973929,0,,,59.8505998,-47.59739293,data/cutouts/negatives/-598505997475973929.npy,train
-598405262475967369,0,,,59.84052625,-47.5967369,data/cutouts/negatives/-598405262475967369.npy,val
-598377132475485940,0,,,59.83771325,-47.54859403,data/cutouts/negatives/-598377132475485940.npy,train
-598363086475996606,0,,,59.83630863,-47.5996607,data/cutouts/negatives/-598363086475996606.npy,train
-598360196475884365,0,,,59.83601969,-47.58843658,data/cutouts/negatives/-598360196475884365.npy,val
-598196137475533071,0,,,59.81961378,-47.55330713,data/cutouts/negatives/-598196137475533071.npy,train
-598183596476007410,0,,,59.81835961,-47.60074101,data/cutouts/negatives/-598183596476007410.npy,train
-598099524475952307,0,,,59.80995245,-47.59523075,data/cutouts/negatives/-598099524475952307.npy,train
-596200426496163819,0,,,59.62004264,-49.61638199,data/cutouts/negatives/-596200426496163819.npy,train
-596134524495900033,0,,,59.61345246,-49.59000333,data/cutouts/negatives/-596134524495900033.npy,train
-595947269496085821,0,,,59.594727,-49.6085821,data/cutouts/negatives/-595947269496085821.npy,val
-595902385496258572,0,,,59.59023858,-49.62585721,data/cutouts/negatives/-595902385496258572.npy,train
-595884161495835496,0,,,59.58841615,-49.58354967,data/cutouts/negatives/-595884161495835496.npy,train
-595867880495615488,0,,,59.58678804,-49.56154881,data/cutouts/negatives/-595867880495615488.npy,train
-595706296496281912,0,,,59.57062969,-49.62819129,data/cutouts/negatives/-595706296496281912.npy,test
-595691370495658538,0,,,59.56913703,-49.56585384,data/cutouts/negatives/-595691370495658538.npy,train
-595622760495661884,0,,,59.56227608,-49.56618846,data/cutouts/negatives/-595622760495661884.npy,val
-595545264495509139,0,,,59.55452644,-49.5509139,data/cutouts/negatives/-595545264495509139.npy,train
-595537253496388083,0,,,59.55372538,-49.63880838,data/cutouts/negatives/-595537253496388083.npy,test
-595466444495617621,0,,,59.54664447,-49.5617621,data/cutouts/negatives/-595466444495617621.npy,train
-595432876495968143,0,,,59.54328764,-49.59681438,data/cutouts/negatives/-595432876495968143.npy,train
-595426599495469231,0,,,59.54265998,-49.54692319,data/cutouts/negatives/-595426599495469231.npy,train
-595425250496238659,0,,,59.54252503,-49.62386598,data/cutouts/negatives/-595425250496238659.npy,train
-595231699496171716,0,,,59.52316994,-49.6171717,data/cutouts/negatives/-595231699496171716.npy,test
-595201360496296236,0,,,59.52013601,-49.62962367,data/cutouts/negatives/-595201360496296236.npy,train
-595051268495972053,0,,,59.50512686,-49.59720538,data/cutouts/negatives/-595051268495972053.npy,train
-595006691495774315,0,,,59.5006692,-49.5774316,data/cutouts/negatives/-595006691495774315.npy,train
-594837868496031662,0,,,59.48378686,-49.60316629,data/cutouts/negatives/-594837868496031662.npy,val
-594144291500638949,0,,,59.41442917,-50.06389494,data/cutouts/negatives/-594144291500638949.npy,val
-593895098500993436,0,,,59.38950981,-50.09934362,data/cutouts/negatives/-593895098500993436.npy,test
-593886831500337133,0,,,59.38868311,-50.03371332,data/cutouts/negatives/-593886831500337133.npy,test
-593779630500257297,0,,,59.37796308,-50.02572971,data/cutouts/negatives/-593779630500257297.npy,train
-593736394501013017,0,,,59.37363946,-50.10130172,data/cutouts/negatives/-593736394501013017.npy,train
-593708147500265193,0,,,59.37081475,-50.02651936,data/cutouts/negatives/-593708147500265193.npy,test
-593666271501092343,0,,,59.36662716,-50.1092344,data/cutouts/negatives/-593666271501092343.npy,train
-593626005500945231,0,,,59.36260058,-50.09452311,data/cutouts/negatives/-593626005500945231.npy,test
-593625283501099267,0,,,59.36252831,-50.1099268,data/cutouts/negatives/-593625283501099267.npy,train
-593568452500602114,0,,,59.35684521,-50.06021148,data/cutouts/negatives/-593568452500602114.npy,train
-593526060500468804,0,,,59.35260607,-50.04688047,data/cutouts/negatives/-593526060500468804.npy,val
-593374925500526110,0,,,59.33749253,-50.05261102,data/cutouts/negatives/-593374925500526110.npy,train
-593353213500389269,0,,,59.33532133,-50.03892699,data/cutouts/negatives/-593353213500389269.npy,val
-593338358500830948,0,,,59.33383581,-50.08309487,data/cutouts/negatives/-593338358500830948.npy,val
-593246666492942258,0,,,59.32466662,-49.29422582,data/cutouts/negatives/-593246666492942258.npy,train
-593205312492849658,0,,,59.32053125,-49.28496582,data/cutouts/negatives/-593205312492849658.npy,test
-593201579500229357,0,,,59.32015791,-50.0229357,data/cutouts/negatives/-593201579500229357.npy,train
-593036454500323591,0,,,59.30364547,-50.03235917,data/cutouts/negatives/-593036454500323591.npy,train
-593007008500518904,0,,,59.30070086,-50.05189042,data/cutouts/negatives/-593007008500518904.npy,train
-592975041493187924,0,,,59.29750419,-49.31879249,data/cutouts/negatives/-592975041493187924.npy,test
-592920011500585989,0,,,59.29200111,-50.05859895,data/cutouts/negatives/-592920011500585989.npy,test
-592917439493591872,0,,,59.29174395,-49.35918723,data/cutouts/negatives/-592917439493591872.npy,val
-592914869493054479,0,,,59.29148692,-49.30544794,data/cutouts/negatives/-592914869493054479.npy,train
-592885075493471865,0,,,59.28850751,-49.34718654,data/cutouts/negatives/-592885075493471865.npy,train
-592869115493490823,0,,,59.28691155,-49.3490823,data/cutouts/negatives/-592869115493490823.npy,test
-592837949500421919,0,,,59.28379494,-50.04219199,data/cutouts/negatives/-592837949500421919.npy,train
-592737738500839799,0,,,59.27377383,-50.08397998,data/cutouts/negatives/-592737738500839799.npy,test
-592733533493043808,0,,,59.2733534,-49.30438088,data/cutouts/negatives/-592733533493043808.npy,train
-592720242493364322,0,,,59.27202422,-49.33643228,data/cutouts/negatives/-592720242493364322.npy,train
-592713543492980345,0,,,59.27135435,-49.29803451,data/cutouts/negatives/-592713543492980345.npy,train
-592701112484287160,0,,,59.27011121,-48.42871601,data/cutouts/negatives/-592701112484287160.npy,train
-592641292484416279,0,,,59.26412929,-48.44162793,data/cutouts/negatives/-592641292484416279.npy,train
-592515381492983743,0,,,59.25153811,-49.29837439,data/cutouts/negatives/-592515381492983743.npy,train
-592512988484427940,0,,,59.25129882,-48.44279407,data/cutouts/negatives/-592512988484427940.npy,train
-592504644492753539,0,,,59.25046446,-49.27535392,data/cutouts/negatives/-592504644492753539.npy,train
-592465593492793501,0,,,59.24655937,-49.27935013,data/cutouts/negatives/-592465593492793501.npy,train
-592456123493549345,0,,,59.2456124,-49.35493454,data/cutouts/negatives/-592456123493549345.npy,train
-592454158493417279,0,,,59.24541587,-49.34172799,data/cutouts/negatives/-592454158493417279.npy,train
-592434204484445719,0,,,59.24342045,-48.44457195,data/cutouts/negatives/-592434204484445719.npy,val
-592431826484173144,0,,,59.24318264,-48.41731444,data/cutouts/negatives/-592431826484173144.npy,test
-592365641492860342,0,,,59.23656414,-49.28603423,data/cutouts/negatives/-592365641492860342.npy,train
-592361569484032629,0,,,59.23615691,-48.40326298,data/cutouts/negatives/-592361569484032629.npy,train
-592296973483999294,0,,,59.22969731,-48.39992945,data/cutouts/negatives/-592296973483999294.npy,train
-592278879493395681,0,,,59.227888,-49.33956815,data/cutouts/negatives/-592278879493395681.npy,train
-592253555483982277,0,,,59.22535553,-48.39822778,data/cutouts/negatives/-592253555483982277.npy,train
-592191971483947506,0,,,59.21919711,-48.39475069,data/cutouts/negatives/-592191971483947506.npy,train
-592168319492888558,0,,,59.21683199,-49.28885588,data/cutouts/negatives/-592168319492888558.npy,train
-592150249484390317,0,,,59.21502492,-48.43903174,data/cutouts/negatives/-592150249484390317.npy,train
-592081077483939807,0,,,59.20810773,-48.39398071,data/cutouts/negatives/-592081077483939807.npy,train
-592050682483847425,0,,,59.20506822,-48.38474251,data/cutouts/negatives/-592050682483847425.npy,train
-592030678493067720,0,,,59.20306788,-49.30677209,data/cutouts/negatives/-592030678493067720.npy,test
-592022818493211930,0,,,59.20228188,-49.32119306,data/cutouts/negatives/-592022818493211930.npy,val
-591988185484350271,0,,,59.19881857,-48.43502716,data/cutouts/negatives/-591988185484350271.npy,val
-591923059484435631,0,,,59.19230599,-48.4435632,data/cutouts/negatives/-591923059484435631.npy,train
-591874170484194025,0,,,59.18741709,-48.41940256,data/cutouts/negatives/-591874170484194025.npy,train
-591719945484194674,0,,,59.17199459,-48.41946742,data/cutouts/negatives/-591719945484194674.npy,train
-591481411484654843,0,,,59.14814113,-48.46548437,data/cutouts/negatives/-591481411484654843.npy,test
-591475325484063245,0,,,59.14753258,-48.40632458,data/cutouts/negatives/-591475325484063245.npy,train
-591409929484221149,0,,,59.14099299,-48.422115,data/cutouts/negatives/-591409929484221149.npy,test
-591307985484124571,0,,,59.13079856,-48.41245714,data/cutouts/negatives/-591307985484124571.npy,train
-586787929474300324,0,,,58.67879293,-47.43003246,data/cutouts/negatives/-586787929474300324.npy,train
-586766927474569532,0,,,58.6766928,-47.45695321,data/cutouts/negatives/-586766927474569532.npy,train
-586719082474447982,0,,,58.67190824,-47.44479828,data/cutouts/negatives/-586719082474447982.npy,train
-586605896474700768,0,,,58.66058968,-47.47007688,data/cutouts/negatives/-586605896474700768.npy,test
-586571110474084951,0,,,58.65711109,-47.40849512,data/cutouts/negatives/-586571110474084951.npy,train
-586508946474177480,0,,,58.65089468,-47.41774808,data/cutouts/negatives/-586508946474177480.npy,val
-586493744474747163,0,,,58.64937449,-47.47471631,data/cutouts/negatives/-586493744474747163.npy,test
-586388794474679749,0,,,58.63887949,-47.46797492,data/cutouts/negatives/-586388794474679749.npy,val
-586315868474012291,0,,,58.63158688,-47.40122914,data/cutouts/negatives/-586315868474012291.npy,val
-586276503473892946,0,,,58.62765031,-47.38929467,data/cutouts/negatives/-586276503473892946.npy,train
-586253170474006360,0,,,58.62531706,-47.40063609,data/cutouts/negatives/-586253170474006360.npy,test
-586205457474392457,0,,,58.62054577,-47.4392457,data/cutouts/negatives/-586205457474392457.npy,test
-586113006474302220,0,,,58.61130066,-47.43022206,data/cutouts/negatives/-586113006474302220.npy,train
-585896275474312449,0,,,58.58962753,-47.43124492,data/cutouts/negatives/-585896275474312449.npy,train
-585754141474087631,0,,,58.5754142,-47.40876315,data/cutouts/negatives/-585754141474087631.npy,train
-585727240474685006,0,,,58.57272404,-47.46850063,data/cutouts/negatives/-585727240474685006.npy,train
-585689626474702477,0,,,58.56896261,-47.47024779,data/cutouts/negatives/-585689626474702477.npy,val
-585613675474338942,0,,,58.56136755,-47.43389428,data/cutouts/negatives/-585613675474338942.npy,test
-585543654474580453,0,,,58.5543655,-47.45804533,data/cutouts/negatives/-585543654474580453.npy,train
-585445551474380298,0,,,58.54455513,-47.43802986,data/cutouts/negatives/-585445551474380298.npy,test
-585284113476055669,0,,,58.52841133,-47.60556694,data/cutouts/negatives/-585284113476055669.npy,val
-585223030476033992,0,,,58.52230307,-47.60339928,data/cutouts/negatives/-585223030476033992.npy,train
-585194795476254902,0,,,58.51947953,-47.62549022,data/cutouts/negatives/-585194795476254902.npy,train
-585171899476487264,0,,,58.51718999,-47.64872647,data/cutouts/negatives/-585171899476487264.npy,train
-585150037476579411,0,,,58.51500374,-47.65794119,data/cutouts/negatives/-585150037476579411.npy,val
-585091017476176796,0,,,58.50910172,-47.61767961,data/cutouts/negatives/-585091017476176796.npy,train
-585000273476003237,0,,,58.50002735,-47.60032371,data/cutouts/negatives/-585000273476003237.npy,train
-584926053476123890,0,,,58.49260537,-47.61238904,data/cutouts/negatives/-584926053476123890.npy,train
-584878578476459826,0,,,58.4878579,-47.64598268,data/cutouts/negatives/-584878578476459826.npy,val
-584855220476418910,0,,,58.48552207,-47.64189102,data/cutouts/negatives/-584855220476418910.npy,train
-584784770476590945,0,,,58.47847705,-47.65909451,data/cutouts/negatives/-584784770476590945.npy,val
-584772776486463705,0,,,58.47727766,-48.64637053,data/cutouts/negatives/-584772776486463705.npy,train
-584740106487052085,0,,,58.4740106,-48.70520853,data/cutouts/negatives/-584740106487052085.npy,val
-584722258486631800,0,,,58.47222588,-48.6631801,data/cutouts/negatives/-584722258486631800.npy,train
-584718567486855267,0,,,58.47185673,-48.68552678,data/cutouts/negatives/-584718567486855267.npy,train
-584637493476484783,0,,,58.46374936,-47.64847835,data/cutouts/negatives/-584637493476484783.npy,test
-584605604486898639,0,,,58.46056043,-48.68986392,data/cutouts/negatives/-584605604486898639.npy,train
-584555648486468785,0,,,58.45556487,-48.64687856,data/cutouts/negatives/-584555648486468785.npy,val
-584537507486939260,0,,,58.45375076,-48.69392601,data/cutouts/negatives/-584537507486939260.npy,train
-584522857476138554,0,,,58.45228575,-47.61385542,data/cutouts/negatives/-584522857476138554.npy,train
-584489508486546452,0,,,58.44895086,-48.65464525,data/cutouts/negatives/-584489508486546452.npy,test
-584424144486367378,0,,,58.44241447,-48.63673782,data/cutouts/negatives/-584424144486367378.npy,val
-584420450487139854,0,,,58.44204507,-48.71398547,data/cutouts/negatives/-584420450487139854.npy,train
-584392994487208491,0,,,58.43929948,-48.72084917,data/cutouts/negatives/-584392994487208491.npy,train
-584365749487165720,0,,,58.43657497,-48.71657205,data/cutouts/negatives/-584365749487165720.npy,train
-584341679475907449,0,,,58.43416796,-47.59074492,data/cutouts/negatives/-584341679475907449.npy,val
-584321978476135004,0,,,58.43219788,-47.6135005,data/cutouts/negatives/-584321978476135004.npy,train
-584321349486730499,0,,,58.43213492,-48.67304995,data/cutouts/negatives/-584321349486730499.npy,train
-584319671487078187,0,,,58.43196711,-48.70781879,data/cutouts/negatives/-584319671487078187.npy,val
-584308907476112818,0,,,58.43089075,-47.61128186,data/cutouts/negatives/-584308907476112818.npy,train
-584302732486538736,0,,,58.43027325,-48.65387365,data/cutouts/negatives/-584302732486538736.npy,train
-584259285486348914,0,,,58.42592854,-48.63489142,data/cutouts/negatives/-584259285486348914.npy,train
-584238309487161316,0,,,58.42383096,-48.71613162,data/cutouts/negatives/-584238309487161316.npy,train
-584221658476002194,0,,,58.42216588,-47.60021943,data/cutouts/negatives/-584221658476002194.npy,train
-584084528476144377,0,,,58.40845286,-47.61443774,data/cutouts/negatives/-584084528476144377.npy,train
-584054644476400178,0,,,58.4054644,-47.64001782,data/cutouts/negatives/-584054644476400178.npy,test
-584018027476252218,0,,,58.40180274,-47.6252219,data/cutouts/negatives/-584018027476252218.npy,train
-583948434486576681,0,,,58.39484344,-48.65766814,data/cutouts/negatives/-583948434486576681.npy,train
-583788657486527467,0,,,58.37886578,-48.65274677,data/cutouts/negatives/-583788657486527467.npy,train
-583769482486551227,0,,,58.37694825,-48.65512274,data/cutouts/negatives/-583769482486551227.npy,train
-572216476484779941,0,,,57.22164766,-48.47799415,data/cutouts/negatives/-572216476484779941.npy,test
-571964623484631005,0,,,57.19646237,-48.4631006,data/cutouts/negatives/-571964623484631005.npy,train
-571909407484187908,0,,,57.19094071,-48.41879083,data/cutouts/negatives/-571909407484187908.npy,train
-571862641484204073,0,,,57.18626415,-48.42040732,data/cutouts/negatives/-571862641484204073.npy,train
-571848498484834996,0,,,57.18484989,-48.48349962,data/cutouts/negatives/-571848498484834996.npy,train
-571842807484328928,0,,,57.18428075,-48.43289284,data/cutouts/negatives/-571842807484328928.npy,train
-571835103484878819,0,,,57.18351036,-48.48788192,data/cutouts/negatives/-571835103484878819.npy,test
-571831911484326408,0,,,57.18319115,-48.43264082,data/cutouts/negatives/-571831911484326408.npy,train
-571680762484749859,0,,,57.16807627,-48.47498593,data/cutouts/negatives/-571680762484749859.npy,train
-571511664484729327,0,,,57.15116646,-48.47293272,data/cutouts/negatives/-571511664484729327.npy,train
-571491897484860908,0,,,57.14918971,-48.48609087,data/cutouts/negatives/-571491897484860908.npy,val
-571457960484560625,0,,,57.14579606,-48.45606256,data/cutouts/negatives/-571457960484560625.npy,val
-571382687484909079,0,,,57.1382688,-48.49090791,data/cutouts/negatives/-571382687484909079.npy,train
-571374469484818264,0,,,57.13744699,-48.48182642,data/cutouts/negatives/-571374469484818264.npy,train
-571314741484956799,0,,,57.13147415,-48.49567999,data/cutouts/negatives/-571314741484956799.npy,test
-571312705484961179,0,,,57.13127054,-48.49611792,data/cutouts/negatives/-571312705484961179.npy,train
-571155197484898694,0,,,57.11551976,-48.48986945,data/cutouts/negatives/-571155197484898694.npy,train
-570991754484808019,0,,,57.0991755,-48.48080193,data/cutouts/negatives/-570991754484808019.npy,test
-570981638484839891,0,,,57.09816386,-48.48398918,data/cutouts/negatives/-570981638484839891.npy,val
-570875576484692126,0,,,57.08755769,-48.46921265,data/cutouts/negatives/-570875576484692126.npy,train
-566491066496707355,0,,,56.64910668,-49.67073551,data/cutouts/negatives/-566491066496707355.npy,train
-566425402496912440,0,,,56.64254025,-49.69124405,data/cutouts/negatives/-566425402496912440.npy,val
-566354673496834368,0,,,56.63546732,-49.68343686,data/cutouts/negatives/-566354673496834368.npy,train
-566150095496574490,0,,,56.61500952,-49.657449,data/cutouts/negatives/-566150095496574490.npy,test
-566116574496683363,0,,,56.61165742,-49.66833636,data/cutouts/negatives/-566116574496683363.npy,val
-566108328496579603,0,,,56.61083286,-49.65796038,data/cutouts/negatives/-566108328496579603.npy,val
-566051709496641444,0,,,56.60517096,-49.66414449,data/cutouts/negatives/-566051709496641444.npy,test
-565999077496923281,0,,,56.5999077,-49.69232815,data/cutouts/negatives/-565999077496923281.npy,train
-565929002496986492,0,,,56.59290025,-49.69864922,data/cutouts/negatives/-565929002496986492.npy,train
-565885534496832255,0,,,56.58855348,-49.68322554,data/cutouts/negatives/-565885534496832255.npy,train
-565873579496627236,0,,,56.58735799,-49.66272366,data/cutouts/negatives/-565873579496627236.npy,train
-565833182496421137,0,,,56.58331825,-49.64211373,data/cutouts/negatives/-565833182496421137.npy,train
-565824069496343223,0,,,56.5824069,-49.6343223,data/cutouts/negatives/-565824069496343223.npy,train
-565817466496725147,0,,,56.58174665,-49.67251471,data/cutouts/negatives/-565817466496725147.npy,train
-565791850497223296,0,,,56.57918507,-49.72232969,data/cutouts/negatives/-565791850497223296.npy,val
-565762473496584826,0,,,56.57624733,-49.65848269,data/cutouts/negatives/-565762473496584826.npy,test
-565748111496845674,0,,,56.57481111,-49.6845674,data/cutouts/negatives/-565748111496845674.npy,train
-565544071496983396,0,,,56.5544071,-49.69833968,data/cutouts/negatives/-565544071496983396.npy,train
-565247084497006986,0,,,56.52470846,-49.70069862,data/cutouts/negatives/-565247084497006986.npy,train
-565183057496997831,0,,,56.51830572,-49.69978314,data/cutouts/negatives/-565183057496997831.npy,val
-562536011494383500,0,,,56.25360114,-49.43835003,data/cutouts/negatives/-562536011494383500.npy,val
-562508536494719782,0,,,56.25085364,-49.47197823,data/cutouts/negatives/-562508536494719782.npy,train
-562455980494338543,0,,,56.24559806,-49.43385433,data/cutouts/negatives/-562455980494338543.npy,val
-562453827494288790,0,,,56.24538274,-49.428879,data/cutouts/negatives/-562453827494288790.npy,train
-562324506494341916,0,,,56.23245067,-49.43419167,data/cutouts/negatives/-562324506494341916.npy,train
-562271248494965551,0,,,56.22712487,-49.49655513,data/cutouts/negatives/-562271248494965551.npy,val
-562221252494559751,0,,,56.22212522,-49.45597511,data/cutouts/negatives/-562221252494559751.npy,val
-562087113494524070,0,,,56.20871137,-49.45240702,data/cutouts/negatives/-562087113494524070.npy,train
-562002332494225652,0,,,56.20023325,-49.4225653,data/cutouts/negatives/-562002332494225652.npy,train
-561921584494720469,0,,,56.19215845,-49.47204696,data/cutouts/negatives/-561921584494720469.npy,val
-561834479494253535,0,,,56.18344795,-49.42535356,data/cutouts/negatives/-561834479494253535.npy,train
-561832477494962735,0,,,56.18324778,-49.49627355,data/cutouts/negatives/-561832477494962735.npy,train
-561755846494069643,0,,,56.17558468,-49.40696439,data/cutouts/negatives/-561755846494069643.npy,val
-561752898494109004,0,,,56.17528985,-49.41090042,data/cutouts/negatives/-561752898494109004.npy,train
-561698338494439205,0,,,56.16983387,-49.44392052,data/cutouts/negatives/-561698338494439205.npy,train
-561513896494506858,0,,,56.15138969,-49.45068588,data/cutouts/negatives/-561513896494506858.npy,train
-561485517494951432,0,,,56.14855171,-49.49514322,data/cutouts/negatives/-561485517494951432.npy,test
-561409346494250449,0,,,56.14093469,-49.42504495,data/cutouts/negatives/-561409346494250449.npy,train
-561346853494491297,0,,,56.13468537,-49.44912976,data/cutouts/negatives/-561346853494491297.npy,train
-561317802494617458,0,,,56.13178026,-49.4617459,data/cutouts/negatives/-561317802494617458.npy,train
-550168107278780607,0,,,55.01681077,-27.87806075,data/cutouts/negatives/-550168107278780607.npy,val
-550003273278551171,0,,,55.00032737,-27.85511712,data/cutouts/negatives/-550003273278551171.npy,train
-549935697278872582,0,,,54.99356971,-27.88725827,data/cutouts/negatives/-549935697278872582.npy,test
-549912721278860267,0,,,54.99127211,-27.88602676,data/cutouts/negatives/-549912721278860267.npy,test
-549909057278920717,0,,,54.99090576,-27.89207171,data/cutouts/negatives/-549909057278920717.npy,train
-549884208278399525,0,,,54.98842082,-27.83995252,data/cutouts/negatives/-549884208278399525.npy,train
-549793352278269629,0,,,54.97933521,-27.8269629,data/cutouts/negatives/-549793352278269629.npy,train
-549778887278091002,0,,,54.97788872,-27.80910028,data/cutouts/negatives/-549778887278091002.npy,test
-549770737278059342,0,,,54.97707375,-27.80593422,data/cutouts/negatives/-549770737278059342.npy,train
-549757416278061608,0,,,54.97574162,-27.80616088,data/cutouts/negatives/-549757416278061608.npy,val
-549735178278423603,0,,,54.97351784,-27.84236031,data/cutouts/negatives/-549735178278423603.npy,train
-549715661278618630,0,,,54.97156619,-27.86186308,data/cutouts/negatives/-549715661278618630.npy,test
-549665439278510526,0,,,54.96654397,-27.85105263,data/cutouts/negatives/-549665439278510526.npy,train
-549653536278383045,0,,,54.9653537,-27.83830455,data/cutouts/negatives/-549653536278383045.npy,val
-549624195278859256,0,,,54.96241957,-27.88592562,data/cutouts/negatives/-549624195278859256.npy,train
-549537762278846005,0,,,54.95377622,-27.88460059,data/cutouts/negatives/-549537762278846005.npy,train
-549530909278836910,0,,,54.95309097,-27.88369102,data/cutouts/negatives/-549530909278836910.npy,train
-549472473278574932,0,,,54.94724735,-27.85749321,data/cutouts/negatives/-549472473278574932.npy,train
-549452086278470035,0,,,54.94520867,-27.84700357,data/cutouts/negatives/-549452086278470035.npy,train
-549433793278539381,0,,,54.94337934,-27.85393819,data/cutouts/negatives/-549433793278539381.npy,train
-548720047293769777,0,,,54.8720047,-29.37697773,data/cutouts/negatives/-548720047293769777.npy,train
-548690789293649820,0,,,54.86907894,-29.36498203,data/cutouts/negatives/-548690789293649820.npy,test
-548638895293728757,0,,,54.86388959,-29.37287571,data/cutouts/negatives/-548638895293728757.npy,train
-548629113293702546,0,,,54.86291133,-29.37025461,data/cutouts/negatives/-548629113293702546.npy,train
-548610252293838112,0,,,54.86102521,-29.38381121,data/cutouts/negatives/-548610252293838112.npy,train
-548594809293606349,0,,,54.85948094,-29.36063495,data/cutouts/negatives/-548594809293606349.npy,val
-548583893293974955,0,,,54.85838935,-29.39749551,data/cutouts/negatives/-548583893293974955.npy,val
-548580852294054780,0,,,54.85808523,-29.40547802,data/cutouts/negatives/-548580852294054780.npy,train
-548576952293788691,0,,,54.85769526,-29.37886915,data/cutouts/negatives/-548576952293788691.npy,train
-548489481293992008,0,,,54.84894819,-29.39920085,data/cutouts/negatives/-548489481293992008.npy,test
-548460695293270835,0,,,54.84606958,-29.32708354,data/cutouts/negatives/-548460695293270835.npy,train
-548449866293926710,0,,,54.84498668,-29.39267106,data/cutouts/negatives/-548449866293926710.npy,train
-548240865294044287,0,,,54.82408658,-29.40442873,data/cutouts/negatives/-548240865294044287.npy,train
-548240139294041288,0,,,54.82401392,-29.40412888,data/cutouts/negatives/-548240139294041288.npy,train
-548232815293348520,0,,,54.82328155,-29.33485204,data/cutouts/negatives/-548232815293348520.npy,train
-547959815293338189,0,,,54.79598158,-29.33381891,data/cutouts/negatives/-547959815293338189.npy,train
-547942565282702848,0,,,54.7942565,-28.2702849,data/cutouts/negatives/-547942565282702848.npy,test
-547921752294055944,0,,,54.79217529,-29.40559448,data/cutouts/negatives/-547921752294055944.npy,train
-547840709293699205,0,,,54.78407091,-29.36992056,data/cutouts/negatives/-547840709293699205.npy,train
-547828771293962057,0,,,54.78287716,-29.39620579,data/cutouts/negatives/-547828771293962057.npy,train
-547802358282633197,0,,,54.78023581,-28.26331972,data/cutouts/negatives/-547802358282633197.npy,val
-547758919283114587,0,,,54.77589199,-28.3114588,data/cutouts/negatives/-547758919283114587.npy,train
-547697496293666763,0,,,54.76974967,-29.36667639,data/cutouts/negatives/-547697496293666763.npy,train
-547675285282562543,0,,,54.76752858,-28.25625436,data/cutouts/negatives/-547675285282562543.npy,train
-547579838282612783,0,,,54.75798381,-28.26127837,data/cutouts/negatives/-547579838282612783.npy,train
-547531970282299277,0,,,54.75319706,-28.22992771,data/cutouts/negatives/-547531970282299277.npy,val
-547472740282947368,0,,,54.74727409,-28.29473681,data/cutouts/negatives/-547472740282947368.npy,train
-547455744282375739,0,,,54.74557446,-28.23757393,data/cutouts/negatives/-547455744282375739.npy,train
-547402261282853819,0,,,54.7402261,-28.28538191,data/cutouts/negatives/-547402261282853819.npy,train
-547355760293667687,0,,,54.73557606,-29.36676874,data/cutouts/negatives/-547355760293667687.npy,train
-547348510282569469,0,,,54.73485109,-28.25694692,data/cutouts/negatives/-547348510282569469.npy,test
-547308225282870054,0,,,54.73082253,-28.28700548,data/cutouts/negatives/-547308225282870054.npy,train
-547304968293966187,0,,,54.73049684,-29.39661873,data/cutouts/negatives/-547304968293966187.npy,train
-547280807282688097,0,,,54.72808075,-28.26880972,data/cutouts/negatives/-547280807282688097.npy,train
-547256816293530647,0,,,54.72568161,-29.3530648,data/cutouts/negatives/-547256816293530647.npy,train
-547231296282335249,0,,,54.72312965,-28.23352494,data/cutouts/negatives/-547231296282335249.npy,val
-547223398282876940,0,,,54.72233982,-28.28769409,data/cutouts/negatives/-547223398282876940.npy,train
-547220798294029049,0,,,54.72207989,-29.40290495,data/cutouts/negatives/-547220798294029049.npy,train
-547220222293559507,0,,,54.72202221,-29.3559507,data/cutouts/negatives/-547220222293559507.npy,train
-547210977293509055,0,,,54.72109773,-29.35090559,data/cutouts/negatives/-547210977293509055.npy,train
-547182738294072380,0,,,54.71827386,-29.40723804,data/cutouts/negatives/-547182738294072380.npy,val
-547173584293360144,0,,,54.71735844,-29.33601449,data/cutouts/negatives/-547173584293360144.npy,train
-547154428282512267,0,,,54.71544289,-28.25122673,data/cutouts/negatives/-547154428282512267.npy,train
-547126650293542808,0,,,54.71266504,-29.35428082,data/cutouts/negatives/-547126650293542808.npy,val
-547114999293287768,0,,,54.71149998,-29.32877688,data/cutouts/negatives/-547114999293287768.npy,train
-547109885293484493,0,,,54.71098851,-29.34844934,data/cutouts/negatives/-547109885293484493.npy,train
-547080419282403279,0,,,54.70804193,-28.24032795,data/cutouts/negatives/-547080419282403279.npy,train
-547049193282992610,0,,,54.70491931,-28.29926103,data/cutouts/negatives/-547049193282992610.npy,val
-546991626293336931,0,,,54.69916265,-29.33369315,data/cutouts/negatives/-546991626293336931.npy,train
-546974591293773359,0,,,54.69745916,-29.37733594,data/cutouts/negatives/-546974591293773359.npy,train
-546940581282576011,0,,,54.69405816,-28.25760112,data/cutouts/negatives/-546940581282576011.npy,train
-546923961282611493,0,,,54.69239613,-28.2611494,data/cutouts/negatives/-546923961282611493.npy,val
-546912923282858245,0,,,54.69129233,-28.28582458,data/cutouts/negatives/-546912923282858245.npy,val
-546907066293268410,0,,,54.6907066,-29.32684109,data/cutouts/negatives/-546907066293268410.npy,test
-546788989294058349,0,,,54.67889896,-29.40583499,data/cutouts/negatives/-546788989294058349.npy,train
-546711340293473857,0,,,54.67113402,-29.34738572,data/cutouts/negatives/-546711340293473857.npy,train
-546538105293464870,0,,,54.65381057,-29.34648705,data/cutouts/negatives/-546538105293464870.npy,test
-546534009293944202,0,,,54.65340094,-29.39442024,data/cutouts/negatives/-546534009293944202.npy,train
-546488365293467964,0,,,54.64883655,-29.34679644,data/cutouts/negatives/-546488365293467964.npy,val
-546488188293772391,0,,,54.64881882,-29.37723911,data/cutouts/negatives/-546488188293772391.npy,train
-545252113278838804,0,,,54.52521137,-27.88388045,data/cutouts/negatives/-545252113278838804.npy,test
-545220613278973065,0,,,54.52206137,-27.89730655,data/cutouts/negatives/-545220613278973065.npy,train
-545148758278804629,0,,,54.5148758,-27.88046298,data/cutouts/negatives/-545148758278804629.npy,train
-545115688279001222,0,,,54.5115688,-27.90012228,data/cutouts/negatives/-545115688279001222.npy,test
-545114523279462767,0,,,54.51145231,-27.94627678,data/cutouts/negatives/-545114523279462767.npy,train
-545034454279501782,0,,,54.50344542,-27.95017821,data/cutouts/negatives/-545034454279501782.npy,train
-545020257279471294,0,,,54.5020257,-27.94712944,data/cutouts/negatives/-545020257279471294.npy,test
-545018388279500632,0,,,54.5018389,-27.95006329,data/cutouts/negatives/-545018388279500632.npy,train
-545012057278700419,0,,,54.50120578,-27.87004193,data/cutouts/negatives/-545012057278700419.npy,train
-544981319278941495,0,,,54.49813192,-27.89414954,data/cutouts/negatives/-544981319278941495.npy,train
-544916022279502322,0,,,54.4916022,-27.95023227,data/cutouts/negatives/-544916022279502322.npy,train
-544804226279532337,0,,,54.48042264,-27.95323371,data/cutouts/negatives/-544804226279532337.npy,test
-544765958278796620,0,,,54.47659586,-27.87966203,data/cutouts/negatives/-544765958278796620.npy,train
-544720999279249315,0,,,54.47209993,-27.92493152,data/cutouts/negatives/-544720999279249315.npy,train
-544663012278651675,0,,,54.46630122,-27.86516753,data/cutouts/negatives/-544663012278651675.npy,test
-544580237279318225,0,,,54.45802375,-27.93182254,data/cutouts/negatives/-544580237279318225.npy,val
-544562216278695698,0,,,54.45622164,-27.86956987,data/cutouts/negatives/-544562216278695698.npy,train
-544514138279204966,0,,,54.45141389,-27.9204966,data/cutouts/negatives/-544514138279204966.npy,train
-544396513279060965,0,,,54.43965131,-27.90609659,data/cutouts/negatives/-544396513279060965.npy,train
-544349171279281121,0,,,54.43491716,-27.92811213,data/cutouts/negatives/-544349171279281121.npy,train
-542710446296113993,0,,,54.27104464,-29.61139934,data/cutouts/negatives/-542710446296113993.npy,train
-542634988296019416,0,,,54.26349882,-29.60194161,data/cutouts/negatives/-542634988296019416.npy,train
-542576443295941583,0,,,54.25764431,-29.59415835,data/cutouts/negatives/-542576443295941583.npy,train
-542572454295878244,0,,,54.25724542,-29.58782446,data/cutouts/negatives/-542572454295878244.npy,train
-542571003296053184,0,,,54.25710031,-29.60531849,data/cutouts/negatives/-542571003296053184.npy,train
-542442969296246352,0,,,54.24429691,-29.62463527,data/cutouts/negatives/-542442969296246352.npy,val
-542234498296495999,0,,,54.22344983,-29.6495999,data/cutouts/negatives/-542234498296495999.npy,train
-542202862296592016,0,,,54.22028626,-29.65920165,data/cutouts/negatives/-542202862296592016.npy,train
-542076470295781401,0,,,54.20764703,-29.57814016,data/cutouts/negatives/-542076470295781401.npy,train
-542065410295674898,0,,,54.20654109,-29.56748981,data/cutouts/negatives/-542065410295674898.npy,val
-542045438296136006,0,,,54.20454386,-29.61360068,data/cutouts/negatives/-542045438296136006.npy,train
-542008960295858477,0,,,54.20089602,-29.58584772,data/cutouts/negatives/-542008960295858477.npy,train
-541981740296317284,0,,,54.19817408,-29.63172843,data/cutouts/negatives/-541981740296317284.npy,train
-541943582296076963,0,,,54.1943583,-29.60769632,data/cutouts/negatives/-541943582296076963.npy,val
-541941384295956497,0,,,54.19413849,-29.59564977,data/cutouts/negatives/-541941384295956497.npy,train
-541863684295768671,0,,,54.18636841,-29.57686716,data/cutouts/negatives/-541863684295768671.npy,test
-541846094295718013,0,,,54.1846094,-29.57180132,data/cutouts/negatives/-541846094295718013.npy,val
-541761739296191816,0,,,54.17617393,-29.61918163,data/cutouts/negatives/-541761739296191816.npy,train
-541721683295837765,0,,,54.17216839,-29.58377657,data/cutouts/negatives/-541721683295837765.npy,train
-541653638295989430,0,,,54.16536388,-29.59894302,data/cutouts/negatives/-541653638295989430.npy,train
-540322578278373953,0,,,54.03225785,-27.83739536,data/cutouts/negatives/-540322578278373953.npy,train
-540305077278236258,0,,,54.0305077,-27.82362581,data/cutouts/negatives/-540305077278236258.npy,train
-540205745278545746,0,,,54.02057454,-27.85457466,data/cutouts/negatives/-540205745278545746.npy,train
-540096784278613496,0,,,54.00967844,-27.86134969,data/cutouts/negatives/-540096784278613496.npy,train
-540048224278642078,0,,,54.00482248,-27.86420782,data/cutouts/negatives/-540048224278642078.npy,val
-540032531278662704,0,,,54.00325313,-27.86627045,data/cutouts/negatives/-540032531278662704.npy,test
-539985116278323515,0,,,53.99851161,-27.83235151,data/cutouts/negatives/-539985116278323515.npy,train
-539967017293821556,0,,,53.99670176,-29.38215563,data/cutouts/negatives/-539967017293821556.npy,test
-539918057277984470,0,,,53.99180576,-27.79844703,data/cutouts/negatives/-539918057277984470.npy,train
-539906811277974795,0,,,53.99068116,-27.79747957,data/cutouts/negatives/-539906811277974795.npy,train
-539898847278535986,0,,,53.98988477,-27.85359865,data/cutouts/negatives/-539898847278535986.npy,val
-539838546278137191,0,,,53.98385463,-27.81371918,data/cutouts/negatives/-539838546278137191.npy,train
-539837909293962673,0,,,53.98379094,-29.39626731,data/cutouts/negatives/-539837909293962673.npy,val
-539830050293649440,0,,,53.98300509,-29.36494401,data/cutouts/negatives/-539830050293649440.npy,train
-539790994278165767,0,,,53.97909947,-27.81657678,data/cutouts/negatives/-539790994278165767.npy,train
-539762498278194107,0,,,53.97624984,-27.81941075,data/cutouts/negatives/-539762498278194107.npy,val
-539734338278439406,0,,,53.97343381,-27.84394062,data/cutouts/negatives/-539734338278439406.npy,train
-539728952277911890,0,,,53.97289525,-27.79118909,data/cutouts/negatives/-539728952277911890.npy,train
-539718367294065179,0,,,53.97183676,-29.40651797,data/cutouts/negatives/-539718367294065179.npy,train
-539675761278197453,0,,,53.96757614,-27.81974531,data/cutouts/negatives/-539675761278197453.npy,val
-539642437278156199,0,,,53.96424371,-27.81561997,data/cutouts/negatives/-539642437278156199.npy,train
-539587113293360591,0,,,53.9587113,-29.33605917,data/cutouts/negatives/-539587113293360591.npy,val
-539554144278143664,0,,,53.95541449,-27.81436642,data/cutouts/negatives/-539554144278143664.npy,train
-539553418293382090,0,,,53.95534185,-29.33820909,data/cutouts/negatives/-539553418293382090.npy,train
-539532984278004594,0,,,53.95329847,-27.80045941,data/cutouts/negatives/-539532984278004594.npy,train
-539500273293920397,0,,,53.95002736,-29.39203975,data/cutouts/negatives/-539500273293920397.npy,test
-539497274294056352,0,,,53.94972746,-29.40563526,data/cutouts/negatives/-539497274294056352.npy,train
-539471893278240503,0,,,53.94718935,-27.82405034,data/cutouts/negatives/-539471893278240503.npy,train
-539467356293766352,0,,,53.9467357,-29.37663524,data/cutouts/negatives/-539467356293766352.npy,test
-539396591293409684,0,,,53.93965916,-29.34096846,data/cutouts/negatives/-539396591293409684.npy,train
-539366805293867330,0,,,53.93668053,-29.38673302,data/cutouts/negatives/-539366805293867330.npy,val
-539360108293806362,0,,,53.93601085,-29.38063629,data/cutouts/negatives/-539360108293806362.npy,train
-539333830293907256,0,,,53.93338309,-29.39072567,data/cutouts/negatives/-539333830293907256.npy,train
-539296228293737701,0,,,53.92962285,-29.37377015,data/cutouts/negatives/-539296228293737701.npy,train
-539220707293554894,0,,,53.92207079,-29.35548949,data/cutouts/negatives/-539220707293554894.npy,train
-539137744293555827,0,,,53.91377441,-29.35558279,data/cutouts/negatives/-539137744293555827.npy,train
-539111758293825047,0,,,53.91117588,-29.38250479,data/cutouts/negatives/-539111758293825047.npy,train
-539105365293777859,0,,,53.91053653,-29.37778598,data/cutouts/negatives/-539105365293777859.npy,test
-539081385293917031,0,,,53.90813859,-29.39170314,data/cutouts/negatives/-539081385293917031.npy,train
-538992329293976568,0,,,53.899233,-29.39765681,data/cutouts/negatives/-538992329293976568.npy,val
-534416347294702423,0,,,53.44163473,-29.47024236,data/cutouts/negatives/-534416347294702423.npy,train
-534291436294155123,0,,,53.42914367,-29.41551235,data/cutouts/negatives/-534291436294155123.npy,train
-534215221294794535,0,,,53.4215221,-29.47945354,data/cutouts/negatives/-534215221294794535.npy,val
-534150387294960695,0,,,53.41503879,-29.4960696,data/cutouts/negatives/-534150387294960695.npy,val
-534140499294215212,0,,,53.41404997,-29.42152124,data/cutouts/negatives/-534140499294215212.npy,val
-534053544294733315,0,,,53.40535449,-29.47333159,data/cutouts/negatives/-534053544294733315.npy,train
-534025656294108447,0,,,53.40256567,-29.41084472,data/cutouts/negatives/-534025656294108447.npy,train
-534001180295007129,0,,,53.40011809,-29.50071298,data/cutouts/negatives/-534001180295007129.npy,train
-533908772294878760,0,,,53.39087724,-29.48787606,data/cutouts/negatives/-533908772294878760.npy,train
-533884841294232624,0,,,53.38848412,-29.42326245,data/cutouts/negatives/-533884841294232624.npy,train
-533866109294203955,0,,,53.38661099,-29.42039553,data/cutouts/negatives/-533866109294203955.npy,train
-533805936294855563,0,,,53.3805937,-29.48555638,data/cutouts/negatives/-533805936294855563.npy,train
-533803068294608595,0,,,53.38030689,-29.46085952,data/cutouts/negatives/-533803068294608595.npy,train
-533767182294316692,0,,,53.37671821,-29.43166923,data/cutouts/negatives/-533767182294316692.npy,val
-533744193294930690,0,,,53.37441931,-29.49306908,data/cutouts/negatives/-533744193294930690.npy,val
-533707877294086078,0,,,53.37078776,-29.40860781,data/cutouts/negatives/-533707877294086078.npy,test
-533705436294778474,0,,,53.37054364,-29.47784743,data/cutouts/negatives/-533705436294778474.npy,train
-533677548294809016,0,,,53.36775481,-29.48090163,data/cutouts/negatives/-533677548294809016.npy,train
-533585620294711805,0,,,53.35856206,-29.47118058,data/cutouts/negatives/-533585620294711805.npy,train
-533407788294419922,0,,,53.34077886,-29.44199226,data/cutouts/negatives/-533407788294419922.npy,train
-533024925281216375,0,,,53.30249253,-28.12163758,data/cutouts/negatives/-533024925281216375.npy,train
-532941158281276404,0,,,53.29411586,-28.1276404,data/cutouts/negatives/-532941158281276404.npy,val
-532920442281014902,0,,,53.29204425,-28.10149022,data/cutouts/negatives/-532920442281014902.npy,train
-532909948280788514,0,,,53.29099483,-28.07885142,data/cutouts/negatives/-532909948280788514.npy,train
-532881181280958372,0,,,53.2881181,-28.09583727,data/cutouts/negatives/-532881181280958372.npy,train
-532857231280688328,0,,,53.28572315,-28.06883281,data/cutouts/negatives/-532857231280688328.npy,test
-532745842281286008,0,,,53.2745842,-28.12860086,data/cutouts/negatives/-532745842281286008.npy,test
-532730573281030597,0,,,53.27305736,-28.10305972,data/cutouts/negatives/-532730573281030597.npy,train
-532719425281506319,0,,,53.27194251,-28.150632,data/cutouts/negatives/-532719425281506319.npy,train
-532677315281091501,0,,,53.26773156,-28.10915017,data/cutouts/negatives/-532677315281091501.npy,train
-532582847280827178,0,,,53.25828476,-28.08271781,data/cutouts/negatives/-532582847280827178.npy,train
-532533648281438572,0,,,53.25336481,-28.14385725,data/cutouts/negatives/-532533648281438572.npy,train
-532505804281298543,0,,,53.25058043,-28.12985436,data/cutouts/negatives/-532505804281298543.npy,train
-532455213280900118,0,,,53.24552131,-28.09001182,data/cutouts/negatives/-532455213280900118.npy,val
-532407601281008672,0,,,53.24076019,-28.10086728,data/cutouts/negatives/-532407601281008672.npy,train
-532402243281179165,0,,,53.24022437,-28.1179165,data/cutouts/negatives/-532402243281179165.npy,train
-532380402292472770,0,,,53.23804024,-29.24727706,data/cutouts/negatives/-532380402292472770.npy,val
-532290388280687074,0,,,53.22903881,-28.06870746,data/cutouts/negatives/-532290388280687074.npy,train
-532265701292600487,0,,,53.22657017,-29.26004875,data/cutouts/negatives/-532265701292600487.npy,val
-532238924281199071,0,,,53.22389243,-28.1199071,data/cutouts/negatives/-532238924281199071.npy,train
-532220329292801124,0,,,53.22203299,-29.28011242,data/cutouts/negatives/-532220329292801124.npy,train
-532215827292022437,0,,,53.22158274,-29.20224374,data/cutouts/negatives/-532215827292022437.npy,train
-532191465280999654,0,,,53.21914656,-28.09996541,data/cutouts/negatives/-532191465280999654.npy,val
-532179788292241509,0,,,53.21797884,-29.22415099,data/cutouts/negatives/-532179788292241509.npy,train
-532167244281028036,0,,,53.21672449,-28.10280362,data/cutouts/negatives/-532167244281028036.npy,test
-532124748292001019,0,,,53.21247484,-29.2001019,data/cutouts/negatives/-532124748292001019.npy,train
-532114429292254751,0,,,53.21144296,-29.22547513,data/cutouts/negatives/-532114429292254751.npy,train
-532103660292534187,0,,,53.21036607,-29.25341874,data/cutouts/negatives/-532103660292534187.npy,val
-531984599292689745,0,,,53.19845994,-29.26897453,data/cutouts/negatives/-531984599292689745.npy,val
-531947542292208431,0,,,53.19475427,-29.22084311,data/cutouts/negatives/-531947542292208431.npy,train
-531804796292236235,0,,,53.18047962,-29.22362352,data/cutouts/negatives/-531804796292236235.npy,train
-531786292261099385,0,,,53.17862926,-26.10993853,data/cutouts/negatives/-531786292261099385.npy,val
-531785949292100969,0,,,53.17859494,-29.21009698,data/cutouts/negatives/-531785949292100969.npy,test
-531780187292727070,0,,,53.17801876,-29.27270707,data/cutouts/negatives/-531780187292727070.npy,train
-531745750292478746,0,,,53.17457503,-29.24787463,data/cutouts/negatives/-531745750292478746.npy,train
-531722957260909631,0,,,53.17229576,-26.09096318,data/cutouts/negatives/-531722957260909631.npy,train
-531703908260707604,0,,,53.17039085,-26.0707605,data/cutouts/negatives/-531703908260707604.npy,train
-531689944292082461,0,,,53.16899443,-29.20824613,data/cutouts/negatives/-531689944292082461.npy,train
-531680867292209101,0,,,53.16808677,-29.22091018,data/cutouts/negatives/-531680867292209101.npy,train
-531656690292289962,0,,,53.16566908,-29.2289963,data/cutouts/negatives/-531656690292289962.npy,train
-531644662261213882,0,,,53.16446624,-26.12138829,data/cutouts/negatives/-531644662261213882.npy,train
-531641613260661680,0,,,53.16416131,-26.06616805,data/cutouts/negatives/-531641613260661680.npy,val
-531635677260629053,0,,,53.16356771,-26.06290538,data/cutouts/negatives/-531635677260629053.npy,train
-531591503260743672,0,,,53.15915032,-26.07436721,data/cutouts/negatives/-531591503260743672.npy,val
-531570312260662441,0,,,53.15703126,-26.06624417,data/cutouts/negatives/-531570312260662441.npy,test
-531496279261196894,0,,,53.14962792,-26.1196895,data/cutouts/negatives/-531496279261196894.npy,train
-531493054292260246,0,,,53.14930544,-29.22602463,data/cutouts/negatives/-531493054292260246.npy,train
-531476584260658347,0,,,53.14765847,-26.06583472,data/cutouts/negatives/-531476584260658347.npy,train
-531468667292352715,0,,,53.14686675,-29.23527157,data/cutouts/negatives/-531468667292352715.npy,train
-531413275292643289,0,,,53.14132754,-29.2643289,data/cutouts/negatives/-531413275292643289.npy,test
-531361430261170805,0,,,53.13614304,-26.11708051,data/cutouts/negatives/-531361430261170805.npy,test
-531333465261329705,0,,,53.13334659,-26.13297056,data/cutouts/negatives/-531333465261329705.npy,test
-531316655260747135,0,,,53.13166556,-26.07471356,data/cutouts/negatives/-531316655260747135.npy,train
-531235157261049085,0,,,53.12351571,-26.10490851,data/cutouts/negatives/-531235157261049085.npy,train
-531229030260983942,0,,,53.12290305,-26.09839427,data/cutouts/negatives/-531229030260983942.npy,train
-531152081261233281,0,,,53.11520817,-26.12332819,data/cutouts/negatives/-531152081261233281.npy,train
-531004340261326007,0,,,53.10043402,-26.13260071,data/cutouts/negatives/-531004340261326007.npy,val
-530984159261167219,0,,,53.09841599,-26.11672196,data/cutouts/negatives/-530984159261167219.npy,test
-530893337260997256,0,,,53.0893338,-26.09972566,data/cutouts/negatives/-530893337260997256.npy,train
-530830556261023530,0,,,53.08305569,-26.10235309,data/cutouts/negatives/-530830556261023530.npy,train
-530064504292978678,0,,,53.00645043,-29.2978679,data/cutouts/negatives/-530064504292978678.npy,train
-529970658293077043,0,,,52.99706585,-29.30770438,data/cutouts/negatives/-529970658293077043.npy,train
-529945004293136344,0,,,52.99450041,-29.31363448,data/cutouts/negatives/-529945004293136344.npy,test
-529879508293216536,0,,,52.98795088,-29.32165369,data/cutouts/negatives/-529879508293216536.npy,train
-529854939293045991,0,,,52.98549393,-29.30459918,data/cutouts/negatives/-529854939293045991.npy,train
-529853657292766426,0,,,52.98536575,-29.27664269,data/cutouts/negatives/-529853657292766426.npy,train
-529822263292785562,0,,,52.9822263,-29.27855624,data/cutouts/negatives/-529822263292785562.npy,train
-529769981280138941,0,,,52.97699812,-28.01389411,data/cutouts/negatives/-529769981280138941.npy,train
-529763167280150869,0,,,52.97631674,-28.01508698,data/cutouts/negatives/-529763167280150869.npy,train
-529713844293063451,0,,,52.97138446,-29.30634514,data/cutouts/negatives/-529713844293063451.npy,train
-529685549293165011,0,,,52.96855495,-29.31650113,data/cutouts/negatives/-529685549293165011.npy,train
-529647907292920984,0,,,52.96479071,-29.29209841,data/cutouts/negatives/-529647907292920984.npy,test
-529647053280187475,0,,,52.9647054,-28.01874754,data/cutouts/negatives/-529647053280187475.npy,train
-529635749292758570,0,,,52.96357499,-29.27585703,data/cutouts/negatives/-529635749292758570.npy,train
-529612410293600633,0,,,52.9612411,-29.36006337,data/cutouts/negatives/-529612410293600633.npy,train
-529546736280185865,0,,,52.95467361,-28.01858652,data/cutouts/negatives/-529546736280185865.npy,val
-529535968279820559,0,,,52.95359686,-27.98205592,data/cutouts/negatives/-529535968279820559.npy,train
-529514832292689373,0,,,52.95148321,-29.26893736,data/cutouts/negatives/-529514832292689373.npy,train
-529500147293392448,0,,,52.9500147,-29.33924486,data/cutouts/negatives/-529500147293392448.npy,train
-529499411280162889,0,,,52.94994115,-28.01628893,data/cutouts/negatives/-529499411280162889.npy,train
-529485362292841573,0,,,52.9485363,-29.28415731,data/cutouts/negatives/-529485362292841573.npy,train
-529462935280583309,0,,,52.94629352,-28.05833099,data/cutouts/negatives/-529462935280583309.npy,test
-529456217279740597,0,,,52.94562178,-27.97405977,data/cutouts/negatives/-529456217279740597.npy,train
-529445398279909459,0,,,52.94453983,-27.99094593,data/cutouts/negatives/-529445398279909459.npy,train
-529438274292834608,0,,,52.94382748,-29.28346083,data/cutouts/negatives/-529438274292834608.npy,train
-529381174280403149,0,,,52.93811743,-28.04031496,data/cutouts/negatives/-529381174280403149.npy,train
-529372190293480452,0,,,52.93721908,-29.34804524,data/cutouts/negatives/-529372190293480452.npy,val
-529325394293177771,0,,,52.93253946,-29.31777713,data/cutouts/negatives/-529325394293177771.npy,train
-529299262280070256,0,,,52.92992621,-28.0070257,data/cutouts/negatives/-529299262280070256.npy,test
-529269711280329886,0,,,52.92697111,-28.03298869,data/cutouts/negatives/-529269711280329886.npy,train
-529240761279757505,0,,,52.92407613,-27.97575051,data/cutouts/negatives/-529240761279757505.npy,train
-529153121293022307,0,,,52.91531213,-29.30223077,data/cutouts/negatives/-529153121293022307.npy,train
-529144332292836896,0,,,52.91443327,-29.28368962,data/cutouts/negatives/-529144332292836896.npy,test
-528910225280391053,0,,,52.89102257,-28.03910538,data/cutouts/negatives/-528910225280391053.npy,train
-528909303279792719,0,,,52.8909303,-27.97927199,data/cutouts/negatives/-528909303279792719.npy,train
-528904396279798730,0,,,52.89043961,-27.979873,data/cutouts/negatives/-528904396279798730.npy,train
-528883194280104008,0,,,52.8883195,-28.01040088,data/cutouts/negatives/-528883194280104008.npy,train
-528823724279847439,0,,,52.8823725,-27.98474395,data/cutouts/negatives/-528823724279847439.npy,train
-528803908279933552,0,,,52.88039087,-27.99335521,data/cutouts/negatives/-528803908279933552.npy,val
-528769584279977168,0,,,52.87695843,-27.99771685,data/cutouts/negatives/-528769584279977168.npy,train
-527386697269358620,0,,,52.73866977,-26.93586209,data/cutouts/negatives/-527386697269358620.npy,train
-527334686269079179,0,,,52.73346863,-26.90791793,data/cutouts/negatives/-527334686269079179.npy,train
-527326944269509285,0,,,52.73269443,-26.95092852,data/cutouts/negatives/-527326944269509285.npy,train
-527325447269454066,0,,,52.73254474,-26.94540667,data/cutouts/negatives/-527325447269454066.npy,train
-527063191269301254,0,,,52.70631911,-26.93012541,data/cutouts/negatives/-527063191269301254.npy,train
-527013000268944830,0,,,52.70130009,-26.89448306,data/cutouts/negatives/-527013000268944830.npy,train
-526993601269139126,0,,,52.69936011,-26.91391267,data/cutouts/negatives/-526993601269139126.npy,train
-526956301269159706,0,,,52.69563012,-26.91597063,data/cutouts/negatives/-526956301269159706.npy,train
-526886629268989528,0,,,52.68866297,-26.8989528,data/cutouts/negatives/-526886629268989528.npy,train
-526870738269011147,0,,,52.6870738,-26.90111479,data/cutouts/negatives/-526870738269011147.npy,train
-526841923268909105,0,,,52.68419239,-26.89091053,data/cutouts/negatives/-526841923268909105.npy,train
-526783817268837230,0,,,52.67838174,-26.88372308,data/cutouts/negatives/-526783817268837230.npy,train
-526727075269650304,0,,,52.67270753,-26.96503049,data/cutouts/negatives/-526727075269650304.npy,train
-526707417269551239,0,,,52.67074179,-26.9551239,data/cutouts/negatives/-526707417269551239.npy,test
-526689927269362464,0,,,52.66899277,-26.93624643,data/cutouts/negatives/-526689927269362464.npy,test
-526655075269338066,0,,,52.66550756,-26.93380665,data/cutouts/negatives/-526655075269338066.npy,test
-526633672269294937,0,,,52.66336723,-26.92949376,data/cutouts/negatives/-526633672269294937.npy,val
-526624309269283060,0,,,52.66243095,-26.92830606,data/cutouts/negatives/-526624309269283060.npy,train
-526554556269054049,0,,,52.65545567,-26.90540498,data/cutouts/negatives/-526554556269054049.npy,test
-526549596269470316,0,,,52.65495961,-26.94703166,data/cutouts/negatives/-526549596269470316.npy,test
-521689696268487254,0,,,52.16896968,-26.84872543,data/cutouts/negatives/-521689696268487254.npy,train
-521593852268864535,0,,,52.15938521,-26.88645353,data/cutouts/negatives/-521593852268864535.npy,val
-521581101268805628,0,,,52.15811015,-26.88056282,data/cutouts/negatives/-521581101268805628.npy,train
-521568728268563477,0,,,52.1568728,-26.85634778,data/cutouts/negatives/-521568728268563477.npy,test
-521529751268847341,0,,,52.15297516,-26.88473419,data/cutouts/negatives/-521529751268847341.npy,train
-521522578268741704,0,,,52.15225788,-26.87417047,data/cutouts/negatives/-521522578268741704.npy,train
-521511335268885587,0,,,52.15113351,-26.8885588,data/cutouts/negatives/-521511335268885587.npy,train
-521345515268548883,0,,,52.13455153,-26.8548883,data/cutouts/negatives/-521345515268548883.npy,test
-521286081268913180,0,,,52.12860818,-26.89131807,data/cutouts/negatives/-521286081268913180.npy,train
-521242938268660637,0,,,52.12429383,-26.86606376,data/cutouts/negatives/-521242938268660637.npy,train
-521036867268585282,0,,,52.10368672,-26.8585282,data/cutouts/negatives/-521036867268585282.npy,train
-520984271268352648,0,,,52.09842711,-26.83526485,data/cutouts/negatives/-520984271268352648.npy,train
-520941877268239554,0,,,52.09418779,-26.82395544,data/cutouts/negatives/-520941877268239554.npy,train
-520913154268646662,0,,,52.09131548,-26.86466621,data/cutouts/negatives/-520913154268646662.npy,test
-520883285268560275,0,,,52.0883286,-26.85602755,data/cutouts/negatives/-520883285268560275.npy,train
-520842753268334642,0,,,52.08427531,-26.83346426,data/cutouts/negatives/-520842753268334642.npy,train
-520782225268466816,0,,,52.07822251,-26.84668162,data/cutouts/negatives/-520782225268466816.npy,train
-520781261268751890,0,,,52.07812613,-26.87518908,data/cutouts/negatives/-520781261268751890.npy,train
-520730800268730547,0,,,52.07308002,-26.87305473,data/cutouts/negatives/-520730800268730547.npy,test
-520680726268579431,0,,,52.06807268,-26.8579432,data/cutouts/negatives/-520680726268579431.npy,train
-520356637274032364,0,,,52.0356637,-27.40323643,data/cutouts/negatives/-520356637274032364.npy,train
-520306186273630302,0,,,52.03061866,-27.36303022,data/cutouts/negatives/-520306186273630302.npy,train
-520181609274394347,0,,,52.01816092,-27.43943474,data/cutouts/negatives/-520181609274394347.npy,train
-520013262273904700,0,,,52.00132626,-27.39047008,data/cutouts/negatives/-520013262273904700.npy,val
-519996511273947624,0,,,51.99965119,-27.39476241,data/cutouts/negatives/-519996511273947624.npy,train
-519974653274313334,0,,,51.99746535,-27.43133345,data/cutouts/negatives/-519974653274313334.npy,train
-519939737273760806,0,,,51.99397377,-27.37608064,data/cutouts/negatives/-519939737273760806.npy,train
-519932330274034592,0,,,51.99323306,-27.40345925,data/cutouts/negatives/-519932330274034592.npy,train
-519925396273507891,0,,,51.99253966,-27.3507892,data/cutouts/negatives/-519925396273507891.npy,train
-519886777273897181,0,,,51.98867778,-27.38971812,data/cutouts/negatives/-519886777273897181.npy,train
-519762275273651228,0,,,51.97622752,-27.36512282,data/cutouts/negatives/-519762275273651228.npy,train
-519751882274108436,0,,,51.97518827,-27.41084365,data/cutouts/negatives/-519751882274108436.npy,val
-519680887273549176,0,,,51.96808874,-27.35491768,data/cutouts/negatives/-519680887273549176.npy,train
-519662138273911697,0,,,51.96621383,-27.39116973,data/cutouts/negatives/-519662138273911697.npy,train
-519579466274228732,0,,,51.95794668,-27.4228733,data/cutouts/negatives/-519579466274228732.npy,train
-519572360273873380,0,,,51.95723605,-27.38733801,data/cutouts/negatives/-519572360273873380.npy,train
-519558735273930605,0,,,51.9558735,-27.39306056,data/cutouts/negatives/-519558735273930605.npy,test
-519537196273933960,0,,,51.95371968,-27.39339602,data/cutouts/negatives/-519537196273933960.npy,train
-519480699273962549,0,,,51.94806999,-27.39625491,data/cutouts/negatives/-519480699273962549.npy,train
-519436552273958397,0,,,51.94365527,-27.3958397,data/cutouts/negatives/-519436552273958397.npy,train
2643375265671260756,0,,,264.33752655,67.12607562,data/cutouts/negatives/2643375265671260756.npy,train
2643654061671638185,0,,,264.36540612,67.16381856,data/cutouts/negatives/2643654061671638185.npy,val
2643671354671185964,0,,,264.36713546,67.11859649,data/cutouts/negatives/2643671354671185964.npy,val
2643736373671036874,0,,,264.37363732,67.1036874,data/cutouts/negatives/2643736373671036874.npy,train
2643905308671227246,0,,,264.39053081,67.12272469,data/cutouts/negatives/2643905308671227246.npy,test
2644083667670982739,0,,,264.4083667,67.09827392,data/cutouts/negatives/2644083667670982739.npy,train
2644417597671404817,0,,,264.44175973,67.14048179,data/cutouts/negatives/2644417597671404817.npy,val
2644458569671733711,0,,,264.44585699,67.17337119,data/cutouts/negatives/2644458569671733711.npy,val
2644794102671059442,0,,,264.47941023,67.10594423,data/cutouts/negatives/2644794102671059442.npy,test
2644833478671075093,0,,,264.48334785,67.1075093,data/cutouts/negatives/2644833478671075093.npy,train
2644931136671350863,0,,,264.4931137,67.13508634,data/cutouts/negatives/2644931136671350863.npy,train
2644975075671192389,0,,,264.49750751,67.119239,data/cutouts/negatives/2644975075671192389.npy,train
2645088019671204214,0,,,264.50880191,67.12042149,data/cutouts/negatives/2645088019671204214.npy,test
2645088359671329451,0,,,264.50883593,67.13294519,data/cutouts/negatives/2645088359671329451.npy,train
2645105545671612046,0,,,264.51055454,67.16120463,data/cutouts/negatives/2645105545671612046.npy,val
2645151982654570441,0,,,264.51519821,65.45704419,data/cutouts/negatives/2645151982654570441.npy,train
2645167594654288618,0,,,264.51675943,65.42886182,data/cutouts/negatives/2645167594654288618.npy,val
2645174747654205626,0,,,264.51747471,65.4205627,data/cutouts/negatives/2645174747654205626.npy,test
2645183776671068332,0,,,264.5183776,67.10683329,data/cutouts/negatives/2645183776671068332.npy,train
2645184192671635854,0,,,264.5184193,67.16358547,data/cutouts/negatives/2645184192671635854.npy,train
2645212949671144978,0,,,264.521295,67.11449786,data/cutouts/negatives/2645212949671144978.npy,val
2645313556654582816,0,,,264.53135562,65.45828161,data/cutouts/negatives/2645313556654582816.npy,test
2645426941671573433,0,,,264.54269412,67.1573433,data/cutouts/negatives/2645426941671573433.npy,train
2645502844653879204,0,,,264.55028444,65.38792047,data/cutouts/negatives/2645502844653879204.npy,train
2645559600654187598,0,,,264.55596004,65.41875981,data/cutouts/negatives/2645559600654187598.npy,val
2645596858671547170,0,,,264.55968587,67.15471703,data/cutouts/negatives/2645596858671547170.npy,train
2645759830654239015,0,,,264.57598302,65.42390156,data/cutouts/negatives/2645759830654239015.npy,train
2645929345653843096,0,,,264.59293459,65.38430964,data/cutouts/negatives/2645929345653843096.npy,val
2646053540654169912,0,,,264.60535402,65.4169913,data/cutouts/negatives/2646053540654169912.npy,train
2646169427654004803,0,,,264.61694274,65.40048039,data/cutouts/negatives/2646169427654004803.npy,train
2646200116653817301,0,,,264.6200116,65.38173014,data/cutouts/negatives/2646200116653817301.npy,train
2646264798654035012,0,,,264.62647987,65.40350127,data/cutouts/negatives/2646264798654035012.npy,train
2646288300653996053,0,,,264.62883,65.39960537,data/cutouts/negatives/2646288300653996053.npy,train
2646291521658128016,0,,,264.62915215,65.81280168,data/cutouts/negatives/2646291521658128016.npy,train
2646395362654260996,0,,,264.63953623,65.42609964,data/cutouts/negatives/2646395362654260996.npy,val
2646416194653838702,0,,,264.64161942,65.38387021,data/cutouts/negatives/2646416194653838702.npy,train
2646534762658123555,0,,,264.65347624,65.81235557,data/cutouts/negatives/2646534762658123555.npy,train
2646592456657942495,0,,,264.65924563,65.79424954,data/cutouts/negatives/2646592456657942495.npy,test
2646605605657760389,0,,,264.66056054,65.77603894,data/cutouts/negatives/2646605605657760389.npy,train
2646609380654115046,0,,,264.66093806,65.4115047,data/cutouts/negatives/2646609380654115046.npy,val
2646629156657495465,0,,,264.66291568,65.74954654,data/cutouts/negatives/2646629156657495465.npy,train
2646660264653866639,0,,,264.66602642,65.38666393,data/cutouts/negatives/2646660264653866639.npy,train
2646883655657456327,0,,,264.68836559,65.74563278,data/cutouts/negatives/2646883655657456327.npy,train
2646910327657640000,0,,,264.6910328,65.76400006,data/cutouts/negatives/2646910327657640000.npy,train
2646910653657632299,0,,,264.69106534,65.76322993,data/cutouts/negatives/2646910653657632299.npy,train
2646974501658041759,0,,,264.69745016,65.80417593,data/cutouts/negatives/2646974501658041759.npy,train
2647052476658037514,0,,,264.70524762,65.80375143,data/cutouts/negatives/2647052476658037514.npy,train
2647077843654098374,0,,,264.7077843,65.40983749,data/cutouts/negatives/2647077843654098374.npy,train
2647091403654279741,0,,,264.70914031,65.42797414,data/cutouts/negatives/2647091403654279741.npy,train
2647106404654159747,0,,,264.71064049,65.41597475,data/cutouts/negatives/2647106404654159747.npy,train
2647126353657581508,0,,,264.71263533,65.75815085,data/cutouts/negatives/2647126353657581508.npy,val
2647141365658400715,0,,,264.71413651,65.84007158,data/cutouts/negatives/2647141365658400715.npy,train
2647256481657782032,0,,,264.72564812,65.77820328,data/cutouts/negatives/2647256481657782032.npy,train
2647364051657489857,0,,,264.73640519,65.74898578,data/cutouts/negatives/2647364051657489857.npy,train
2647386960658213583,0,,,264.73869601,65.82135838,data/cutouts/negatives/2647386960658213583.npy,train
2647760367658080013,0,,,264.77603675,65.80800139,data/cutouts/negatives/2647760367658080013.npy,val
2647900036657782566,0,,,264.79000369,65.7782567,data/cutouts/negatives/2647900036657782566.npy,train
2647988361657993877,0,,,264.7988361,65.79938773,data/cutouts/negatives/2647988361657993877.npy,train
2648237326657680969,0,,,264.82373268,65.76809696,data/cutouts/negatives/2648237326657680969.npy,train
2648300986657890519,0,,,264.83009861,65.78905196,data/cutouts/negatives/2648300986657890519.npy,val
2653064563661065093,0,,,265.30645636,66.10650938,data/cutouts/negatives/2653064563661065093.npy,val
2653239874661025974,0,,,265.32398747,66.10259746,data/cutouts/negatives/2653239874661025974.npy,test
2653275896660744252,0,,,265.32758962,66.0744252,data/cutouts/negatives/2653275896660744252.npy,train
2653284956661303509,0,,,265.32849561,66.130351,data/cutouts/negatives/2653284956661303509.npy,val
2653330512660561630,0,,,265.33305125,66.05616307,data/cutouts/negatives/2653330512660561630.npy,train
2653397932660721548,0,,,265.33979322,66.07215482,data/cutouts/negatives/2653397932660721548.npy,train
2653405155660798858,0,,,265.34051551,66.07988586,data/cutouts/negatives/2653405155660798858.npy,val
2653422572660616568,0,,,265.34225725,66.0616568,data/cutouts/negatives/2653422572660616568.npy,train
2653669470660766214,0,,,265.36694706,66.07662142,data/cutouts/negatives/2653669470660766214.npy,train
2653719677660723261,0,,,265.37196776,66.07232613,data/cutouts/negatives/2653719677660723261.npy,train
2654163468661195314,0,,,265.41634683,66.11953149,data/cutouts/negatives/2654163468661195314.npy,train
2654445238660628232,0,,,265.44452383,66.06282322,data/cutouts/negatives/2654445238660628232.npy,train
2654461179661008306,0,,,265.44611798,66.1008307,data/cutouts/negatives/2654461179661008306.npy,train
2654663194661153657,0,,,265.46631942,66.11536575,data/cutouts/negatives/2654663194661153657.npy,train
2654797663661248073,0,,,265.47976632,66.12480739,data/cutouts/negatives/2654797663661248073.npy,train
2654801271660640684,0,,,265.48012716,66.06406849,data/cutouts/negatives/2654801271660640684.npy,train
2654894756661030913,0,,,265.48947569,66.10309136,data/cutouts/negatives/2654894756661030913.npy,val
2655069762661020301,0,,,265.50697626,66.10203016,data/cutouts/negatives/2655069762661020301.npy,train
2655266081660843200,0,,,265.52660817,66.08432005,data/cutouts/negatives/2655266081660843200.npy,train
2655277291661079138,0,,,265.52772912,66.10791385,data/cutouts/negatives/2655277291661079138.npy,val
2659615316671604754,0,,,265.96153169,67.16047547,data/cutouts/negatives/2659615316671604754.npy,train
2659699115671452866,0,,,265.96991155,67.14528669,data/cutouts/negatives/2659699115671452866.npy,val
2659885138671633262,0,,,265.98851383,67.16332628,data/cutouts/negatives/2659885138671633262.npy,test
2659954169671752467,0,,,265.99541696,67.17524677,data/cutouts/negatives/2659954169671752467.npy,train
2659988213671226808,0,,,265.99882132,67.12268082,data/cutouts/negatives/2659988213671226808.npy,val
2660195029671560802,0,,,266.01950293,67.1560803,data/cutouts/negatives/2660195029671560802.npy,train
2660203669671610129,0,,,266.02036692,67.16101296,data/cutouts/negatives/2660203669671610129.npy,train
2660246182671405524,0,,,266.02461829,67.14055244,data/cutouts/negatives/2660246182671405524.npy,train
2660281536671439625,0,,,266.02815366,67.14396254,data/cutouts/negatives/2660281536671439625.npy,train
2660317666671107876,0,,,266.03176667,67.11078762,data/cutouts/negatives/2660317666671107876.npy,test
2660582633671750390,0,,,266.05826336,67.17503904,data/cutouts/negatives/2660582633671750390.npy,train
2660618333671278960,0,,,266.06183338,67.12789605,data/cutouts/negatives/2660618333671278960.npy,train
2660654310671221182,0,,,266.06543105,67.12211826,data/cutouts/negatives/2660654310671221182.npy,val
2660785791671566605,0,,,266.07857916,67.15666058,data/cutouts/negatives/2660785791671566605.npy,train
2660931149671236098,0,,,266.09311492,67.12360985,data/cutouts/negatives/2660931149671236098.npy,train
2660999457671775456,0,,,266.09994577,67.17754569,data/cutouts/negatives/2660999457671775456.npy,test
2661043297671208226,0,,,266.10432976,67.12082266,data/cutouts/negatives/2661043297671208226.npy,test
2661098432671174733,0,,,266.10984322,67.11747332,data/cutouts/negatives/2661098432671174733.npy,train
2661219494671763467,0,,,266.12194942,67.17634675,data/cutouts/negatives/2661219494671763467.npy,train
2662031437671297241,0,,,266.20314373,67.12972415,data/cutouts/negatives/2662031437671297241.npy,test
2665083569663411014,0,,,266.50835692,66.34110146,data/cutouts/negatives/2665083569663411014.npy,train
2665224755663098454,0,,,266.52247557,66.30984545,data/cutouts/negatives/2665224755663098454.npy,train
2665273938663444911,0,,,266.52739387,66.34449113,data/cutouts/negatives/2665273938663444911.npy,train
2665279055663673463,0,,,266.52790551,66.36734639,data/cutouts/negatives/2665279055663673463.npy,test
2665337981663530123,0,,,266.53379814,66.35301234,data/cutouts/negatives/2665337981663530123.npy,test
2665408922663302461,0,,,266.54089221,66.33024618,data/cutouts/negatives/2665408922663302461.npy,train
2665439506633219827,0,,,266.54395063,63.32198275,data/cutouts/negatives/2665439506633219827.npy,test
2665480389663150151,0,,,266.54803897,66.31501514,data/cutouts/negatives/2665480389663150151.npy,test
2665591420663499981,0,,,266.559142,66.3499981,data/cutouts/negatives/2665591420663499981.npy,train
2665795938663610500,0,,,266.57959386,66.36105007,data/cutouts/negatives/2665795938663610500.npy,test
2665890647663509191,0,,,266.58906474,66.3509191,data/cutouts/negatives/2665890647663509191.npy,val
2666070057663768502,0,,,266.60700578,66.37685021,data/cutouts/negatives/2666070057663768502.npy,test
2666248819633103229,0,,,266.62488192,63.31032295,data/cutouts/negatives/2666248819633103229.npy,train
2666275677662978981,0,,,266.62756777,66.29789819,data/cutouts/negatives/2666275677662978981.npy,val
2666358093662910585,0,,,266.63580939,66.29105858,data/cutouts/negatives/2666358093662910585.npy,train
2666381290632758744,0,,,266.63812905,63.27587441,data/cutouts/negatives/2666381290632758744.npy,train
2666409941632853118,0,,,266.64099418,63.28531189,data/cutouts/negatives/2666409941632853118.npy,train
2666411716663804128,0,,,266.64117168,66.38041282,data/cutouts/negatives/2666411716663804128.npy,train
2666467050655415830,0,,,266.64670507,65.54158302,data/cutouts/negatives/2666467050655415830.npy,val
2666483403633267194,0,,,266.64834037,63.3267195,data/cutouts/negatives/2666483403633267194.npy,val
2666513882633567233,0,,,266.65138827,63.35672338,data/cutouts/negatives/2666513882633567233.npy,train
2666518037662959889,0,,,266.65180373,66.29598892,data/cutouts/negatives/2666518037662959889.npy,train
2666529503663153282,0,,,266.65295036,66.31532823,data/cutouts/negatives/2666529503663153282.npy,train
2666530524655389399,0,,,266.65305241,65.53893999,data/cutouts/negatives/2666530524655389399.npy,train
2666596309655339936,0,,,266.65963094,65.5339936,data/cutouts/negatives/2666596309655339936.npy,train
2666721310633380545,0,,,266.67213108,63.33805452,data/cutouts/negatives/2666721310633380545.npy,train
2666749021633567823,0,,,266.67490212,63.35678237,data/cutouts/negatives/2666749021633567823.npy,train
2666823824633051118,0,,,266.68238245,63.30511186,data/cutouts/negatives/2666823824633051118.npy,train
2666851994632850096,0,,,266.6851995,63.28500961,data/cutouts/negatives/2666851994632850096.npy,train
2666860420656026817,0,,,266.68604204,65.60268179,data/cutouts/negatives/2666860420656026817.npy,train
2666954981633431877,0,,,266.69549816,63.3431878,data/cutouts/negatives/2666954981633431877.npy,train
2666977930633413428,0,,,266.69779306,63.34134287,data/cutouts/negatives/2666977930633413428.npy,train
2667108138663277870,0,,,266.71081384,66.32778706,data/cutouts/negatives/2667108138663277870.npy,train
2667117667663506026,0,,,266.71176675,66.35060264,data/cutouts/negatives/2667117667663506026.npy,train
2667132383663431779,0,,,266.71323839,66.34317796,data/cutouts/negatives/2667132383663431779.npy,train
2667171102633381088,0,,,266.71711021,63.33810886,data/cutouts/negatives/2667171102633381088.npy,train
2667172751633451733,0,,,266.71727515,63.34517331,data/cutouts/negatives/2667172751633451733.npy,train
2667264770632821040,0,,,266.72647704,63.28210403,data/cutouts/negatives/2667264770632821040.npy,train
2667304650663517205,0,,,266.73046509,66.35172054,data/cutouts/negatives/2667304650663517205.npy,train
2667314684655608193,0,,,266.73146842,65.56081939,data/cutouts/negatives/2667314684655608193.npy,train
2667316361655643584,0,,,266.73163615,65.56435844,data/cutouts/negatives/2667316361655643584.npy,val
2667323447655231180,0,,,266.73234473,65.52311806,data/cutouts/negatives/2667323447655231180.npy,test
2667335406633125178,0,,,266.73354068,63.31251783,data/cutouts/negatives/2667335406633125178.npy,train
2667335414655249729,0,,,266.7335415,65.52497291,data/cutouts/negatives/2667335414655249729.npy,test
2667387832655274723,0,,,266.73878326,65.52747234,data/cutouts/negatives/2667387832655274723.npy,val
2667422164633114448,0,,,266.74221649,63.3114448,data/cutouts/negatives/2667422164633114448.npy,train
2667564420655373805,0,,,266.75644205,65.53738054,data/cutouts/negatives/2667564420655373805.npy,test
2667568692633063380,0,,,266.75686926,63.30633808,data/cutouts/negatives/2667568692633063380.npy,train
2667587998655956128,0,,,266.75879983,65.5956128,data/cutouts/negatives/2667587998655956128.npy,val
2667589131633069087,0,,,266.75891314,63.30690879,data/cutouts/negatives/2667589131633069087.npy,train
2667597327633087076,0,,,266.75973271,63.30870769,data/cutouts/negatives/2667597327633087076.npy,train
2667620050655602281,0,,,266.76200506,65.56022813,data/cutouts/negatives/2667620050655602281.npy,train
2667636562655859658,0,,,266.76365627,65.58596588,data/cutouts/negatives/2667636562655859658.npy,train
2667660440656090389,0,,,266.76604404,65.60903894,data/cutouts/negatives/2667660440656090389.npy,train
2667770004655366691,0,,,266.77700044,65.53666919,data/cutouts/negatives/2667770004655366691.npy,train
2667776034656099102,0,,,266.7776034,65.60991025,data/cutouts/negatives/2667776034656099102.npy,val
2667827893654109405,0,,,266.78278936,65.41094056,data/cutouts/negatives/2667827893654109405.npy,val
2667873447653922962,0,,,266.78734475,65.39229622,data/cutouts/negatives/2667873447653922962.npy,test
2668030781654116336,0,,,266.80307816,65.41163365,data/cutouts/negatives/2668030781654116336.npy,train
2668079878655432050,0,,,266.80798782,65.54320503,data/cutouts/negatives/2668079878655432050.npy,train
2668147996654212104,0,,,266.81479966,65.42121043,data/cutouts/negatives/2668147996654212104.npy,val
2668223337654133321,0,,,266.82233376,65.41333217,data/cutouts/negatives/2668223337654133321.npy,train
2668367222655728223,0,,,266.8367223,65.57282233,data/cutouts/negatives/2668367222655728223.npy,train
2668442181653614160,0,,,266.84421818,65.36141605,data/cutouts/negatives/2668442181653614160.npy,val
2668511044654327132,0,,,266.85110441,65.43271325,data/cutouts/negatives/2668511044654327132.npy,train
2668553834655705565,0,,,266.85538343,65.57055656,data/cutouts/negatives/2668553834655705565.npy,train
2668598215655414219,0,,,266.85982159,65.541422,data/cutouts/negatives/2668598215655414219.npy,val
2668631409653754282,0,,,266.86314095,65.37542822,data/cutouts/negatives/2668631409653754282.npy,train
2668646679653788521,0,,,266.86466799,65.37885216,data/cutouts/negatives/2668646679653788521.npy,train
2668800792654023216,0,,,266.88007922,65.40232162,data/cutouts/negatives/2668800792654023216.npy,test
2669041452654283797,0,,,266.90414527,65.42837974,data/cutouts/negatives/2669041452654283797.npy,train
2669068185656560843,0,,,266.90681856,65.65608434,data/cutouts/negatives/2669068185656560843.npy,train
2669083312653884149,0,,,266.9083312,65.388415,data/cutouts/negatives/2669083312653884149.npy,val
2669127707654238476,0,,,266.91277071,65.42384769,data/cutouts/negatives/2669127707654238476.npy,val
2669160736654151239,0,,,266.91607369,65.41512399,data/cutouts/negatives/2669160736654151239.npy,train
2669343035656939949,0,,,266.93430352,65.69399494,data/cutouts/negatives/2669343035656939949.npy,train
2669357284653987047,0,,,266.93572843,65.39870471,data/cutouts/negatives/2669357284653987047.npy,test
2669423928654162629,0,,,266.94239288,65.41626298,data/cutouts/negatives/2669423928654162629.npy,train
2669430165653829712,0,,,266.94301653,65.38297129,data/cutouts/negatives/2669430165653829712.npy,train
2669440104653837570,0,,,266.94401044,65.38375703,data/cutouts/negatives/2669440104653837570.npy,train
2669489003657036859,0,,,266.94890039,65.70368597,data/cutouts/negatives/2669489003657036859.npy,train
2669578778654194305,0,,,266.95787782,65.41943055,data/cutouts/negatives/2669578778654194305.npy,train
2669593024657081946,0,,,266.9593025,65.70819469,data/cutouts/negatives/2669593024657081946.npy,train
2669761408656872340,0,,,266.97614081,65.68723408,data/cutouts/negatives/2669761408656872340.npy,train
2669802234656683164,0,,,266.98022342,65.66831643,data/cutouts/negatives/2669802234656683164.npy,train
2669831804656586982,0,,,266.98318045,65.6586983,data/cutouts/negatives/2669831804656586982.npy,val
2670048084657084477,0,,,267.00480848,65.7084478,data/cutouts/negatives/2670048084657084477.npy,val
2670393026656777244,0,,,267.03930264,65.67772441,data/cutouts/negatives/2670393026656777244.npy,train
2670404773656352467,0,,,267.04047735,65.63524673,data/cutouts/negatives/2670404773656352467.npy,test
2670438788656816628,0,,,267.04387886,65.6816629,data/cutouts/negatives/2670438788656816628.npy,train
2670455655656341543,0,,,267.04556555,65.63415439,data/cutouts/negatives/2670455655656341543.npy,train
2670528157656456681,0,,,267.05281579,65.64566819,data/cutouts/negatives/2670528157656456681.npy,train
2670650079656987662,0,,,267.06500794,65.69876628,data/cutouts/negatives/2670650079656987662.npy,train
2670707924656317195,0,,,267.07079246,65.63171952,data/cutouts/negatives/2670707924656317195.npy,test
2670715170657001776,0,,,267.07151701,65.70017764,data/cutouts/negatives/2670715170657001776.npy,train
2670796515648529359,0,,,267.07965156,64.85293597,data/cutouts/negatives/2670796515648529359.npy,train
2670824598656928223,0,,,267.08245985,65.69282237,data/cutouts/negatives/2670824598656928223.npy,val
2670919125656425893,0,,,267.09191258,65.6425894,data/cutouts/negatives/2670919125656425893.npy,val
2670958805648019686,0,,,267.09588056,64.80196861,data/cutouts/negatives/2670958805648019686.npy,train
2670965557648245099,0,,,267.09655571,64.82450999,data/cutouts/negatives/2670965557648245099.npy,val
2671006634656640840,0,,,267.10066343,65.66408406,data/cutouts/negatives/2671006634656640840.npy,train
2671096637648551205,0,,,267.10966371,64.85512052,data/cutouts/negatives/2671096637648551205.npy,val
2671096800656784798,0,,,267.10968003,65.67847984,data/cutouts/negatives/2671096800656784798.npy,val
2671199590648413664,0,,,267.11995907,64.84136647,data/cutouts/negatives/2671199590648413664.npy,train
2671350921647845230,0,,,267.13509218,64.78452304,data/cutouts/negatives/2671350921647845230.npy,train
2671738586648639810,0,,,267.17385864,64.86398101,data/cutouts/negatives/2671738586648639810.npy,train
2671818864648049640,0,,,267.18188644,64.80496406,data/cutouts/negatives/2671818864648049640.npy,train
2671837432648157047,0,,,267.18374327,64.81570475,data/cutouts/negatives/2671837432648157047.npy,val
2671906012647796143,0,,,267.19060129,64.77961439,data/cutouts/negatives/2671906012647796143.npy,train
2671915116648349312,0,,,267.19151165,64.83493126,data/cutouts/negatives/2671915116648349312.npy,val
2671952568648317688,0,,,267.19525684,64.8317688,data/cutouts/negatives/2671952568648317688.npy,train
2672073713647881912,0,,,267.20737132,64.78819129,data/cutouts/negatives/2672073713647881912.npy,train
2672147884647799112,0,,,267.21478847,64.77991126,data/cutouts/negatives/2672147884647799112.npy,train
2672234129648693818,0,,,267.22341293,64.86938184,data/cutouts/negatives/2672234129648693818.npy,train
2672245757647996866,0,,,267.22457574,64.79968666,data/cutouts/negatives/2672245757647996866.npy,train
2672265283648567076,0,,,267.22652838,64.85670763,data/cutouts/negatives/2672265283648567076.npy,train
2672266743648632053,0,,,267.22667432,64.8632054,data/cutouts/negatives/2672266743648632053.npy,test
2672316013648009198,0,,,267.23160132,64.80091981,data/cutouts/negatives/2672316013648009198.npy,train
2672374007647911086,0,,,267.23740074,64.79110869,data/cutouts/negatives/2672374007647911086.npy,train
2675073163659317218,0,,,267.5073163,65.93172183,data/cutouts/negatives/2675073163659317218.npy,train
2675401818659396140,0,,,267.54018189,65.93961405,data/cutouts/negatives/2675401818659396140.npy,val
2675545913659572775,0,,,267.55459136,65.95727756,data/cutouts/negatives/2675545913659572775.npy,val
2675602504659135513,0,,,267.56025047,65.91355135,data/cutouts/negatives/2675602504659135513.npy,train
2675766424659576461,0,,,267.57664243,65.95764617,data/cutouts/negatives/2675766424659576461.npy,train
2675992582659026328,0,,,267.59925827,65.9026329,data/cutouts/negatives/2675992582659026328.npy,train
2676111262659430014,0,,,267.61112626,65.94300145,data/cutouts/negatives/2676111262659430014.npy,train
2676194945659161865,0,,,267.61949452,65.9161865,data/cutouts/negatives/2676194945659161865.npy,val
2676204935659427863,0,,,267.62049358,65.94278633,data/cutouts/negatives/2676204935659427863.npy,train
2676397352659703292,0,,,267.63973526,65.9703292,data/cutouts/negatives/2676397352659703292.npy,train
2676437822659481306,0,,,267.64378226,65.94813068,data/cutouts/negatives/2676437822659481306.npy,val
2676452381659140411,0,,,267.64523815,65.91404114,data/cutouts/negatives/2676452381659140411.npy,train
2676503705659183131,0,,,267.65037056,65.91831315,data/cutouts/negatives/2676503705659183131.npy,val
2676507649659262178,0,,,267.65076492,65.92621781,data/cutouts/negatives/2676507649659262178.npy,train
2676610166659104868,0,,,267.66101668,65.91048681,data/cutouts/negatives/2676610166659104868.npy,test
2676780716659521008,0,,,267.67807162,65.95210086,data/cutouts/negatives/2676780716659521008.npy,val
2676792092659266064,0,,,267.67920925,65.92660644,data/cutouts/negatives/2676792092659266064.npy,train
2676837903659273107,0,,,267.68379032,65.92731079,data/cutouts/negatives/2676837903659273107.npy,train
2677195257659314436,0,,,267.7195257,65.9314437,data/cutouts/negatives/2677195257659314436.npy,train
2677313685659521393,0,,,267.7313686,65.95213937,data/cutouts/negatives/2677313685659521393.npy,train
2677497806651194590,0,,,267.74978062,65.11945903,data/cutouts/negatives/2677497806651194590.npy,train
2677507511651276858,0,,,267.75075118,65.12768586,data/cutouts/negatives/2677507511651276858.npy,train
2677623502651498387,0,,,267.76235023,65.14983876,data/cutouts/negatives/2677623502651498387.npy,train
2677693600651170844,0,,,267.76936002,65.11708446,data/cutouts/negatives/2677693600651170844.npy,train
2677717840651738707,0,,,267.77178409,65.1738708,data/cutouts/negatives/2677717840651738707.npy,val
2677774482651038107,0,,,267.77744821,65.10381076,data/cutouts/negatives/2677774482651038107.npy,train
2677859081651681790,0,,,267.7859082,65.1681791,data/cutouts/negatives/2677859081651681790.npy,train
2677944239651717923,0,,,267.79442397,65.17179237,data/cutouts/negatives/2677944239651717923.npy,train
2678025721651753321,0,,,267.80257218,65.17533212,data/cutouts/negatives/2678025721651753321.npy,train
2678034421651281266,0,,,267.80344214,65.12812664,data/cutouts/negatives/2678034421651281266.npy,test
2678106826651471772,0,,,267.81068265,65.14717721,data/cutouts/negatives/2678106826651471772.npy,test
2678230663651076000,0,,,267.82306639,65.10760008,data/cutouts/negatives/2678230663651076000.npy,val
2678541619650912714,0,,,267.85416198,65.09127142,data/cutouts/negatives/2678541619650912714.npy,test
2678625061651567207,0,,,267.8625062,65.15672078,data/cutouts/negatives/2678625061651567207.npy,test
2678739291651817417,0,,,267.87392919,65.18174175,data/cutouts/negatives/2678739291651817417.npy,train
2678883125651659463,0,,,267.88831256,65.16594633,data/cutouts/negatives/2678883125651659463.npy,train
2679074260651429227,0,,,267.90742605,65.14292274,data/cutouts/negatives/2679074260651429227.npy,train
2679156393651450121,0,,,267.91563937,65.14501219,data/cutouts/negatives/2679156393651450121.npy,train
2679361723651210645,0,,,267.93617239,65.12106454,data/cutouts/negatives/2679361723651210645.npy,train
2679435685651404254,0,,,267.94356851,65.14042544,data/cutouts/negatives/2679435685651404254.npy,train
2679974434653337405,0,,,267.99744345,65.3337405,data/cutouts/negatives/2679974434653337405.npy,train
2680133996653521641,0,,,268.01339963,65.35216415,data/cutouts/negatives/2680133996653521641.npy,train
2680148776653087243,0,,,268.0148777,65.30872439,data/cutouts/negatives/2680148776653087243.npy,train
2680354863653022479,0,,,268.03548638,65.30224799,data/cutouts/negatives/2680354863653022479.npy,train
2680479452653449491,0,,,268.04794529,65.34494912,data/cutouts/negatives/2680479452653449491.npy,train
2680524284653389662,0,,,268.0524284,65.33896623,data/cutouts/negatives/2680524284653389662.npy,train
2680586976653103351,0,,,268.05869763,65.31033519,data/cutouts/negatives/2680586976653103351.npy,test
2680667971652945939,0,,,268.06679711,65.29459396,data/cutouts/negatives/2680667971652945939.npy,train
2680727532653441427,0,,,268.07275324,65.34414272,data/cutouts/negatives/2680727532653441427.npy,train
2680746842653629544,0,,,268.07468429,65.36295444,data/cutouts/negatives/2680746842653629544.npy,test
2680896699652993611,0,,,268.08966997,65.29936111,data/cutouts/negatives/2680896699652993611.npy,train
2680962488653225874,0,,,268.09624888,65.32258749,data/cutouts/negatives/2680962488653225874.npy,train
2681070730653183232,0,,,268.10707309,65.31832327,data/cutouts/negatives/2681070730653183232.npy,train
2681222547653621523,0,,,268.1222547,65.3621524,data/cutouts/negatives/2681222547653621523.npy,train
2681419083653134565,0,,,268.14190831,65.31345658,data/cutouts/negatives/2681419083653134565.npy,train
2681524037653648830,0,,,268.15240372,65.36488305,data/cutouts/negatives/2681524037653648830.npy,train
2681694513653427462,0,,,268.16945132,65.34274626,data/cutouts/negatives/2681694513653427462.npy,train
2682148472653101912,0,,,268.21484729,65.3101912,data/cutouts/negatives/2682148472653101912.npy,train
2687344983682429793,0,,,268.73449836,68.24297939,data/cutouts/negatives/2687344983682429793.npy,train
2687374650682517481,0,,,268.73746509,68.25174818,data/cutouts/negatives/2687374650682517481.npy,train
2687420387682212703,0,,,268.7420387,68.22127039,data/cutouts/negatives/2687420387682212703.npy,val
2687440781682086502,0,,,268.74407811,68.20865023,data/cutouts/negatives/2687440781682086502.npy,train
2687449468682065076,0,,,268.74494689,68.20650765,data/cutouts/negatives/2687449468682065076.npy,val
2687686116682643318,0,,,268.76861165,68.26433183,data/cutouts/negatives/2687686116682643318.npy,train
2687744252682624799,0,,,268.77442525,68.26247996,data/cutouts/negatives/2687744252682624799.npy,train
2687777675682644272,0,,,268.77776758,68.2644272,data/cutouts/negatives/2687777675682644272.npy,train
2687993824681947834,0,,,268.79938243,68.19478342,data/cutouts/negatives/2687993824681947834.npy,test
2688014278665969794,0,,,268.80142788,66.59697947,data/cutouts/negatives/2688014278665969794.npy,train
2688024358682529485,0,,,268.80243586,68.2529486,data/cutouts/negatives/2688024358682529485.npy,val
2688083307681995172,0,,,268.80833071,68.19951728,data/cutouts/negatives/2688083307681995172.npy,val
2688171190682755771,0,,,268.81711903,68.27557719,data/cutouts/negatives/2688171190682755771.npy,test
2688296680682278056,0,,,268.82966809,68.22780568,data/cutouts/negatives/2688296680682278056.npy,train
2688305673665764838,0,,,268.83056736,66.57648389,data/cutouts/negatives/2688305673665764838.npy,train
2688353395665784333,0,,,268.83533958,66.5784334,data/cutouts/negatives/2688353395665784333.npy,train
2688421280665826993,0,,,268.84212808,66.58269936,data/cutouts/negatives/2688421280665826993.npy,val
2688475182682574564,0,,,268.84751828,68.25745644,data/cutouts/negatives/2688475182682574564.npy,train
2688503821665786063,0,,,268.85038218,66.5786064,data/cutouts/negatives/2688503821665786063.npy,train
2688722652666265737,0,,,268.87226526,66.62657372,data/cutouts/negatives/2688722652666265737.npy,train
2688731998665719663,0,,,268.87319987,66.57196635,data/cutouts/negatives/2688731998665719663.npy,train
2688831772682724975,0,,,268.88317721,68.27249758,data/cutouts/negatives/2688831772682724975.npy,train
2688947259666503660,0,,,268.89472598,66.6503661,data/cutouts/negatives/2688947259666503660.npy,train
2688954636682770586,0,,,268.89546367,68.27705864,data/cutouts/negatives/2688954636682770586.npy,val
2689028546666178607,0,,,268.90285461,66.61786074,data/cutouts/negatives/2689028546666178607.npy,train
2689090490682131048,0,,,268.90904902,68.21310487,data/cutouts/negatives/2689090490682131048.npy,val
2689163754665865831,0,,,268.91637544,66.58658316,data/cutouts/negatives/2689163754665865831.npy,train
2689189078682225300,0,,,268.91890783,68.22253,data/cutouts/negatives/2689189078682225300.npy,train
2689200790665700029,0,,,268.92007905,66.57000298,data/cutouts/negatives/2689200790665700029.npy,train
2689269433666495001,0,,,268.92694334,66.64950012,data/cutouts/negatives/2689269433666495001.npy,train
2689321921665766130,0,,,268.93219214,66.576613,data/cutouts/negatives/2689321921665766130.npy,train
2689347741665828236,0,,,268.93477411,66.58282361,data/cutouts/negatives/2689347741665828236.npy,train
2689437521666444825,0,,,268.94375217,66.64448251,data/cutouts/negatives/2689437521666444825.npy,train
2689452960666040434,0,,,268.94529608,66.60404342,data/cutouts/negatives/2689452960666040434.npy,val
2689465535682385566,0,,,268.94655359,68.23855665,data/cutouts/negatives/2689465535682385566.npy,train
2689569357665852712,0,,,268.95693577,66.58527123,data/cutouts/negatives/2689569357665852712.npy,train
2689856770665834177,0,,,268.985677,66.58341778,data/cutouts/negatives/2689856770665834177.npy,val
2689872453665714218,0,,,268.98724533,66.57142186,data/cutouts/negatives/2689872453665714218.npy,test
2690070190665833160,0,,,269.00701905,66.58331604,data/cutouts/negatives/2690070190665833160.npy,train
2695407998655697189,0,,,269.54079984,65.56971896,data/cutouts/negatives/2695407998655697189.npy,train
2695982891655440444,0,,,269.59828916,65.54404448,data/cutouts/negatives/2695982891655440444.npy,train
2696145883656180509,0,,,269.61458838,65.61805097,data/cutouts/negatives/2696145883656180509.npy,train
2696166744663878710,0,,,269.61667449,66.38787109,data/cutouts/negatives/2696166744663878710.npy,train
2696276605655583168,0,,,269.62766051,65.55831686,data/cutouts/negatives/2696276605655583168.npy,test
2696371953655856560,0,,,269.63719532,65.58565602,data/cutouts/negatives/2696371953655856560.npy,train
2696410811655537101,0,,,269.64108118,65.55371012,data/cutouts/negatives/2696410811655537101.npy,val
2696558186655485007,0,,,269.6558187,65.54850075,data/cutouts/negatives/2696558186655485007.npy,test
2696563983655884616,0,,,269.65639838,65.58846164,data/cutouts/negatives/2696563983655884616.npy,val
2696631706655532033,0,,,269.66317066,65.55320334,data/cutouts/negatives/2696631706655532033.npy,train
2696647689655978188,0,,,269.66476896,65.59781881,data/cutouts/negatives/2696647689655978188.npy,train
2696672848663777722,0,,,269.66728487,66.37777224,data/cutouts/negatives/2696672848663777722.npy,test
2696703470655537540,0,,,269.67034706,65.55375401,data/cutouts/negatives/2696703470655537540.npy,test
2696707918663673924,0,,,269.67079182,66.36739243,data/cutouts/negatives/2696707918663673924.npy,train
2696764372664002432,0,,,269.67643729,66.40024321,data/cutouts/negatives/2696764372664002432.npy,train
2696764416655357705,0,,,269.67644168,65.5357705,data/cutouts/negatives/2696764416655357705.npy,train
2696874606655388073,0,,,269.68746063,65.53880738,data/cutouts/negatives/2696874606655388073.npy,train
2696929610655652105,0,,,269.6929611,65.56521052,data/cutouts/negatives/2696929610655652105.npy,train
2696976340664254624,0,,,269.69763403,66.42546246,data/cutouts/negatives/2696976340664254624.npy,test
2697039404655733466,0,,,269.70394042,65.57334667,data/cutouts/negatives/2697039404655733466.npy,train
2697127034663724427,0,,,269.71270349,66.37244276,data/cutouts/negatives/2697127034663724427.npy,train
2697165657655950716,0,,,269.71656574,65.5950717,data/cutouts/negatives/2697165657655950716.npy,train
2697221851663482108,0,,,269.72218515,66.34821085,data/cutouts/negatives/2697221851663482108.npy,train
2697285603664166084,0,,,269.72856033,66.41660844,data/cutouts/negatives/2697285603664166084.npy,train
2697298578663901420,0,,,269.72985785,66.39014204,data/cutouts/negatives/2697298578663901420.npy,test
2697510971655634318,0,,,269.75109714,65.5634319,data/cutouts/negatives/2697510971655634318.npy,train
2697545468664102757,0,,,269.75454684,66.41027578,data/cutouts/negatives/2697545468664102757.npy,train
2697591196655740120,0,,,269.75911963,65.57401206,data/cutouts/negatives/2697591196655740120.npy,train
2697632483663541045,0,,,269.7632483,66.35410452,data/cutouts/negatives/2697632483663541045.npy,val
2697643503663916567,0,,,269.76435032,66.39165671,data/cutouts/negatives/2697643503663916567.npy,train
2697674640655898455,0,,,269.76746409,65.58984558,data/cutouts/negatives/2697674640655898455.npy,train
2697714414655880409,0,,,269.77144143,65.58804095,data/cutouts/negatives/2697714414655880409.npy,test
2697753822663779913,0,,,269.77538221,66.37799131,data/cutouts/negatives/2697753822663779913.npy,train
2697862293663972586,0,,,269.78622939,66.39725869,data/cutouts/negatives/2697862293663972586.npy,train
2697909960663813119,0,,,269.79099601,66.38131195,data/cutouts/negatives/2697909960663813119.npy,train
2697973661663849536,0,,,269.79736617,66.38495361,data/cutouts/negatives/2697973661663849536.npy,val
2698165896664231993,0,,,269.8165896,66.4231994,data/cutouts/negatives/2698165896664231993.npy,test
2698301536663923495,0,,,269.83015361,66.39234951,data/cutouts/negatives/2698301536663923495.npy,train
2698458664664094244,0,,,269.84586647,66.40942444,data/cutouts/negatives/2698458664664094244.npy,train
2698460866664107446,0,,,269.84608664,66.41074463,data/cutouts/negatives/2698460866664107446.npy,train
2701430222649840092,0,,,270.14302221,64.98400924,data/cutouts/negatives/2701430222649840092.npy,test
2701526627649636551,0,,,270.15266277,64.96365516,data/cutouts/negatives/2701526627649636551.npy,train
2701752326649396715,0,,,270.17523263,64.93967155,data/cutouts/negatives/2701752326649396715.npy,train
2701915493649531226,0,,,270.1915494,64.95312267,data/cutouts/negatives/2701915493649531226.npy,train
2702035647650030467,0,,,270.20356473,65.00304674,data/cutouts/negatives/2702035647650030467.npy,test
2702310581649638576,0,,,270.23105814,64.96385766,data/cutouts/negatives/2702310581649638576.npy,train
2702331854649326600,0,,,270.23318545,64.93266001,data/cutouts/negatives/2702331854649326600.npy,train
2702402534649306967,0,,,270.24025343,64.9306967,data/cutouts/negatives/2702402534649306967.npy,train
2702406187649616377,0,,,270.24061875,64.96163778,data/cutouts/negatives/2702406187649616377.npy,val
2702424761650238808,0,,,270.24247614,65.02388085,data/cutouts/negatives/2702424761650238808.npy,train
2702455772649725134,0,,,270.2455773,64.97251345,data/cutouts/negatives/2702455772649725134.npy,train
2702487510649768691,0,,,270.248751,64.97686914,data/cutouts/negatives/2702487510649768691.npy,train
2702638220650006811,0,,,270.2638221,65.00068117,data/cutouts/negatives/2702638220650006811.npy,train
2702679524649594362,0,,,270.26795242,64.95943624,data/cutouts/negatives/2702679524649594362.npy,train
2702719524649619006,0,,,270.27195242,64.96190069,data/cutouts/negatives/2702719524649619006.npy,train
2702817529649834834,0,,,270.28175299,64.98348341,data/cutouts/negatives/2702817529649834834.npy,train
2703038277650085877,0,,,270.30382777,65.00858775,data/cutouts/negatives/2703038277650085877.npy,val
2703129299649546373,0,,,270.31293,64.95463737,data/cutouts/negatives/2703129299649546373.npy,train
2703371507649720270,0,,,270.33715075,64.97202708,data/cutouts/negatives/2703371507649720270.npy,train
2703475126649860378,0,,,270.3475126,64.98603785,data/cutouts/negatives/2703475126649860378.npy,train
2706845846644038981,0,,,270.68458462,64.40389819,data/cutouts/negatives/2706845846644038981.npy,test
2706965981675015882,0,,,270.69659811,67.50158822,data/cutouts/negatives/2706965981675015882.npy,train
2706971323643919150,0,,,270.69713237,64.39191503,data/cutouts/negatives/2706971323643919150.npy,train
2706995515644152179,0,,,270.69955156,64.41521797,data/cutouts/negatives/2706995515644152179.npy,train
2707043943643952374,0,,,270.70439434,64.3952375,data/cutouts/negatives/2707043943643952374.npy,train
2707221355644150872,0,,,270.7221355,64.41508728,data/cutouts/negatives/2707221355644150872.npy,train
2707229462675568613,0,,,270.7229463,67.55686139,data/cutouts/negatives/2707229462675568613.npy,val
2707312681653310928,0,,,270.73126819,65.3310928,data/cutouts/negatives/2707312681653310928.npy,train
2707319214644147516,0,,,270.73192146,64.41475162,data/cutouts/negatives/2707319214644147516.npy,train
2707330295643750597,0,,,270.73302956,64.37505975,data/cutouts/negatives/2707330295643750597.npy,test
2707358485675039901,0,,,270.73584854,67.50399016,data/cutouts/negatives/2707358485675039901.npy,test
2707384329675161964,0,,,270.73843297,67.51619647,data/cutouts/negatives/2707384329675161964.npy,train
2707398358644367367,0,,,270.73983583,64.43673679,data/cutouts/negatives/2707398358644367367.npy,train
2707404547675407692,0,,,270.74045471,67.54076923,data/cutouts/negatives/2707404547675407692.npy,train
2707407653653146806,0,,,270.74076535,65.31468064,data/cutouts/negatives/2707407653653146806.npy,train
2707511552674816973,0,,,270.75115529,67.48169733,data/cutouts/negatives/2707511552674816973.npy,train
2707585555675195918,0,,,270.75855556,67.51959181,data/cutouts/negatives/2707585555675195918.npy,train
2707620115644204306,0,,,270.76201154,64.42043065,data/cutouts/negatives/2707620115644204306.npy,train
2707641977653516459,0,,,270.76419776,65.35164599,data/cutouts/negatives/2707641977653516459.npy,test
2707661618653030759,0,,,270.76616183,65.30307597,data/cutouts/negatives/2707661618653030759.npy,train
2707685350674859848,0,,,270.76853506,67.48598489,data/cutouts/negatives/2707685350674859848.npy,train
2707730315675408242,0,,,270.77303157,67.54082425,data/cutouts/negatives/2707730315675408242.npy,train
2707735335675261611,0,,,270.77353351,67.52616111,data/cutouts/negatives/2707735335675261611.npy,test
2707775090675489325,0,,,270.77750903,67.54893256,data/cutouts/negatives/2707775090675489325.npy,train
2707788580653676044,0,,,270.77885805,65.36760446,data/cutouts/negatives/2707788580653676044.npy,train
2707794414644163478,0,,,270.77944146,64.41634786,data/cutouts/negatives/2707794414644163478.npy,train
2707801301643699741,0,,,270.78013011,64.36997412,data/cutouts/negatives/2707801301643699741.npy,train
2707822040674641245,0,,,270.78220403,67.46412452,data/cutouts/negatives/2707822040674641245.npy,train
2707862107675355019,0,,,270.78621073,67.5355019,data/cutouts/negatives/2707862107675355019.npy,train
2707928365643746490,0,,,270.7928365,64.37464901,data/cutouts/negatives/2707928365643746490.npy,train
2707953400653400124,0,,,270.79534003,65.34001244,data/cutouts/negatives/2707953400653400124.npy,train
2708009433652817258,0,,,270.80094335,65.28172581,data/cutouts/negatives/2708009433652817258.npy,train
2708048906644309825,0,,,270.80489062,64.43098257,data/cutouts/negatives/2708048906644309825.npy,train
2708123139653242686,0,,,270.81231398,65.32426865,data/cutouts/negatives/2708123139653242686.npy,train
2708142728644304907,0,,,270.81427288,64.43049076,data/cutouts/negatives/2708142728644304907.npy,val
2708166194644358244,0,,,270.81661944,64.43582448,data/cutouts/negatives/2708166194644358244.npy,train
2708185323653000038,0,,,270.81853231,65.30000385,data/cutouts/negatives/2708185323653000038.npy,train
2708189208652983945,0,,,270.81892084,65.29839452,data/cutouts/negatives/2708189208652983945.npy,train
2708289075643709655,0,,,270.82890756,64.37096554,data/cutouts/negatives/2708289075643709655.npy,train
2708316603653756597,0,,,270.8316604,65.37565977,data/cutouts/negatives/2708316603653756597.npy,test
2708376876675239371,0,,,270.83768762,67.5239372,data/cutouts/negatives/2708376876675239371.npy,test
2708390443675482986,0,,,270.83904437,67.54829866,data/cutouts/negatives/2708390443675482986.npy,test
2708392423643665767,0,,,270.83924239,64.36657671,data/cutouts/negatives/2708392423643665767.npy,train
2708436723674979192,0,,,270.84367235,67.49791929,data/cutouts/negatives/2708436723674979192.npy,train
2708446714652820933,0,,,270.84467142,65.28209333,data/cutouts/negatives/2708446714652820933.npy,train
2708487877674739199,0,,,270.84878771,67.47391995,data/cutouts/negatives/2708487877674739199.npy,train
2708504615644199865,0,,,270.85046157,64.41998659,data/cutouts/negatives/2708504615644199865.npy,test
2708578048644240466,0,,,270.8578048,64.42404666,data/cutouts/negatives/2708578048644240466.npy,train
2708650452653306704,0,,,270.86504523,65.33067043,data/cutouts/negatives/2708650452653306704.npy,train
2708748659675376206,0,,,270.87486597,67.53762067,data/cutouts/negatives/2708748659675376206.npy,train
2708749117674883853,0,,,270.87491175,67.48838532,data/cutouts/negatives/2708749117674883853.npy,train
2708751449653052230,0,,,270.8751449,65.30522309,data/cutouts/negatives/2708751449653052230.npy,train
2708831726674969928,0,,,270.88317262,67.49699282,data/cutouts/negatives/2708831726674969928.npy,train
2708911786643971701,0,,,270.89117868,64.39717019,data/cutouts/negatives/2708911786643971701.npy,train
2708931056653040489,0,,,270.89310565,65.30404896,data/cutouts/negatives/2708931056653040489.npy,train
2708957857652928239,0,,,270.89578576,65.29282396,data/cutouts/negatives/2708957857652928239.npy,train
2709036285653448605,0,,,270.90362857,65.34486057,data/cutouts/negatives/2709036285653448605.npy,test
2709044671653617308,0,,,270.9044671,65.36173081,data/cutouts/negatives/2709044671653617308.npy,train
2709070352646906835,0,,,270.90703524,64.69068352,data/cutouts/negatives/2709070352646906835.npy,train
2709293906646781721,0,,,270.92939065,64.67817214,data/cutouts/negatives/2709293906646781721.npy,train
2709311448646824489,0,,,270.9311448,64.68244897,data/cutouts/negatives/2709311448646824489.npy,test
2709353360646854458,0,,,270.93533606,64.68544586,data/cutouts/negatives/2709353360646854458.npy,train
2709422670653094783,0,,,270.94226703,65.3094784,data/cutouts/negatives/2709422670653094783.npy,test
2709484908653287616,0,,,270.94849082,65.32876166,data/cutouts/negatives/2709484908653287616.npy,val
2709603724646771885,0,,,270.96037244,64.67718858,data/cutouts/negatives/2709603724646771885.npy,val
2709621060646903831,0,,,270.96210607,64.6903832,data/cutouts/negatives/2709621060646903831.npy,val
2709636268646356711,0,,,270.9636268,64.63567116,data/cutouts/negatives/2709636268646356711.npy,train
2709876022646693426,0,,,270.98760222,64.66934264,data/cutouts/negatives/2709876022646693426.npy,train
2709877987646514394,0,,,270.98779877,64.6514394,data/cutouts/negatives/2709877987646514394.npy,train
2709951940646525789,0,,,270.995194,64.65257892,data/cutouts/negatives/2709951940646525789.npy,train
2709999368646138326,0,,,270.99993684,64.61383261,data/cutouts/negatives/2709999368646138326.npy,train
2710095512647069101,0,,,271.00955121,64.70691013,data/cutouts/negatives/2710095512647069101.npy,train
2710111968646741778,0,,,271.01119683,64.67417787,data/cutouts/negatives/2710111968646741778.npy,test
2710184773646979407,0,,,271.0184773,64.69794073,data/cutouts/negatives/2710184773646979407.npy,train
2710274401646396505,0,,,271.02744015,64.63965059,data/cutouts/negatives/2710274401646396505.npy,val
2710340061646316112,0,,,271.03400613,64.63161126,data/cutouts/negatives/2710340061646316112.npy,train
2710437256646345597,0,,,271.04372563,64.63455978,data/cutouts/negatives/2710437256646345597.npy,train
2710770495646897186,0,,,271.07704959,64.68971861,data/cutouts/negatives/2710770495646897186.npy,train
2710792796646660303,0,,,271.07927961,64.66603033,data/cutouts/negatives/2710792796646660303.npy,test
2710872149646625052,0,,,271.08721495,64.66250521,data/cutouts/negatives/2710872149646625052.npy,train
2711186770674292081,0,,,271.11867706,67.42920819,data/cutouts/negatives/2711186770674292081.npy,train
2711200632674110956,0,,,271.12006323,67.41109562,data/cutouts/negatives/2711200632674110956.npy,train
2711219093674262913,0,,,271.12190937,67.42629132,data/cutouts/negatives/2711219093674262913.npy,train
2711263491674160064,0,,,271.12634917,67.41600643,data/cutouts/negatives/2711263491674160064.npy,train
2711418639674283080,0,,,271.14186397,67.42830809,data/cutouts/negatives/2711418639674283080.npy,train
2711879761673546796,0,,,271.18797619,67.35467963,data/cutouts/negatives/2711879761673546796.npy,test
2711901882673994485,0,,,271.19018822,67.39944854,data/cutouts/negatives/2711901882673994485.npy,val
2711986726674211025,0,,,271.19867263,67.42110255,data/cutouts/negatives/2711986726674211025.npy,train
2712046917673759177,0,,,271.20469176,67.37591773,data/cutouts/negatives/2712046917673759177.npy,train
2712132940674021826,0,,,271.21329401,67.40218268,data/cutouts/negatives/2712132940674021826.npy,train
2712167070673977475,0,,,271.21670709,67.39774754,data/cutouts/negatives/2712167070673977475.npy,val
2712352681673531743,0,,,271.23526817,67.35317437,data/cutouts/negatives/2712352681673531743.npy,train
2712458353674111375,0,,,271.24583533,67.41113756,data/cutouts/negatives/2712458353674111375.npy,train
2712500685674135453,0,,,271.25006855,67.41354538,data/cutouts/negatives/2712500685674135453.npy,train
2712521998674290390,0,,,271.25219984,67.429039,data/cutouts/negatives/2712521998674290390.npy,train
2712740716673547356,0,,,271.27407167,67.35473562,data/cutouts/negatives/2712740716673547356.npy,train
2712902352674100805,0,,,271.29023526,67.41008057,data/cutouts/negatives/2712902352674100805.npy,train
2713246543674180211,0,,,271.32465438,67.41802116,data/cutouts/negatives/2713246543674180211.npy,val
2713296249674223768,0,,,271.32962494,67.42237682,data/cutouts/negatives/2713296249674223768.npy,train
2713308733680877228,0,,,271.33087331,68.08772288,data/cutouts/negatives/2713308733680877228.npy,train
2713336243673937039,0,,,271.33362437,67.39370398,data/cutouts/negatives/2713336243673937039.npy,train
2713516429680659600,0,,,271.35164296,68.06596001,data/cutouts/negatives/2713516429680659600.npy,train
2713537848681085522,0,,,271.35378482,68.10855229,data/cutouts/negatives/2713537848681085522.npy,train
2714070395681030556,0,,,271.40703956,68.1030556,data/cutouts/negatives/2714070395681030556.npy,test
2714129624680754428,0,,,271.41296242,68.07544287,data/cutouts/negatives/2714129624680754428.npy,train
2714238238681233794,0,,,271.42382387,68.1233795,data/cutouts/negatives/2714238238681233794.npy,train
2714282814680889314,0,,,271.42828141,68.08893143,data/cutouts/negatives/2714282814680889314.npy,test
2714295053680506549,0,,,271.42950535,68.05065496,data/cutouts/negatives/2714295053680506549.npy,train
2714502849680850357,0,,,271.45028496,68.08503577,data/cutouts/negatives/2714502849680850357.npy,train
2714640167680797131,0,,,271.46401678,68.07971319,data/cutouts/negatives/2714640167680797131.npy,test
2714684023681128604,0,,,271.46840231,68.11286041,data/cutouts/negatives/2714684023681128604.npy,train
2714722311671471718,0,,,271.47223113,67.14717184,data/cutouts/negatives/2714722311671471718.npy,test
2714957639671353735,0,,,271.49576393,67.13537352,data/cutouts/negatives/2714957639671353735.npy,test
2715084441680534896,0,,,271.50844417,68.05348965,data/cutouts/negatives/2715084441680534896.npy,train
2715109983671471370,0,,,271.51099835,67.14713704,data/cutouts/negatives/2715109983671471370.npy,train
2715155333681283811,0,,,271.51553336,68.12838112,data/cutouts/negatives/2715155333681283811.npy,train
2715167134680814544,0,,,271.51671348,68.08145443,data/cutouts/negatives/2715167134680814544.npy,test
2715196179671510501,0,,,271.51961796,67.15105011,data/cutouts/negatives/2715196179671510501.npy,val
2715225428680714146,0,,,271.52254283,68.0714147,data/cutouts/negatives/2715225428680714146.npy,train
2715346034671427458,0,,,271.53460343,67.1427458,data/cutouts/negatives/2715346034671427458.npy,train
2715349219671808152,0,,,271.53492193,67.18081525,data/cutouts/negatives/2715349219671808152.npy,val
2715391097680834115,0,,,271.53910978,68.08341153,data/cutouts/negatives/2715391097680834115.npy,val
2715450846671297863,0,,,271.54508468,67.12978637,data/cutouts/negatives/2715450846671297863.npy,train
2715465469681139726,0,,,271.54654697,68.1139726,data/cutouts/negatives/2715465469681139726.npy,test
2715562171681043264,0,,,271.55621713,68.10432641,data/cutouts/negatives/2715562171681043264.npy,test
2715615391671236943,0,,,271.56153912,67.12369434,data/cutouts/negatives/2715615391671236943.npy,test
2715660914671810371,0,,,271.56609142,67.18103712,data/cutouts/negatives/2715660914671810371.npy,train
2715690669671072851,0,,,271.56906692,67.10728514,data/cutouts/negatives/2715690669671072851.npy,train
2715730772680751513,0,,,271.5730773,68.07515133,data/cutouts/negatives/2715730772680751513.npy,train
2715733113671495541,0,,,271.57331136,67.14955411,data/cutouts/negatives/2715733113671495541.npy,val
2715856635680764636,0,,,271.58566356,68.07646361,data/cutouts/negatives/2715856635680764636.npy,val
2715955477671167686,0,,,271.59554771,67.11676866,data/cutouts/negatives/2715955477671167686.npy,val
2716147547671450837,0,,,271.6147547,67.14508373,data/cutouts/negatives/2716147547671450837.npy,train
2716205364671495559,0,,,271.62053649,67.14955593,data/cutouts/negatives/2716205364671495559.npy,train
2716251813671792138,0,,,271.62518136,67.17921385,data/cutouts/negatives/2716251813671792138.npy,train
2716363551671660098,0,,,271.63635513,67.16600985,data/cutouts/negatives/2716363551671660098.npy,test
2716458916671842988,0,,,271.64589161,67.18429886,data/cutouts/negatives/2716458916671842988.npy,train
2716702459671634561,0,,,271.67024591,67.16345613,data/cutouts/negatives/2716702459671634561.npy,test
2716847849671228933,0,,,271.684785,67.12289334,data/cutouts/negatives/2716847849671228933.npy,train
2717088929671204969,0,,,271.70889291,67.12049698,data/cutouts/negatives/2717088929671204969.npy,train
2724028956639932895,0,,,272.40289564,63.99328956,data/cutouts/negatives/2724028956639932895.npy,train
2724033671639956709,0,,,272.40336712,63.99567099,data/cutouts/negatives/2724033671639956709.npy,train
2724205469640163395,0,,,272.4205469,64.01633956,data/cutouts/negatives/2724205469640163395.npy,train
2724251455639696074,0,,,272.42514552,63.9696074,data/cutouts/negatives/2724251455639696074.npy,train
2724493381640082157,0,,,272.44933814,64.00821571,data/cutouts/negatives/2724493381640082157.npy,train
2724496804640118705,0,,,272.4496805,64.01187059,data/cutouts/negatives/2724496804640118705.npy,train
2724561392640200804,0,,,272.45613922,64.02008047,data/cutouts/negatives/2724561392640200804.npy,val
2724564914639520642,0,,,272.45649143,63.95206424,data/cutouts/negatives/2724564914639520642.npy,train
2724715143640106088,0,,,272.47151438,64.01060886,data/cutouts/negatives/2724715143640106088.npy,train
2724718529639513255,0,,,272.47185294,63.95132554,data/cutouts/negatives/2724718529639513255.npy,train
2724953317640178032,0,,,272.49533176,64.01780328,data/cutouts/negatives/2724953317640178032.npy,train
2725027084639406132,0,,,272.50270849,63.94061329,data/cutouts/negatives/2725027084639406132.npy,val
2725218828639943625,0,,,272.5218829,63.99436256,data/cutouts/negatives/2725218828639943625.npy,val
2725266923640002764,0,,,272.52669239,64.00027646,data/cutouts/negatives/2725266923640002764.npy,train
2725287202639836107,0,,,272.52872027,63.98361075,data/cutouts/negatives/2725287202639836107.npy,train
2725419631639654976,0,,,272.54196316,63.96549769,data/cutouts/negatives/2725419631639654976.npy,train
2725430463639959289,0,,,272.54304636,63.99592899,data/cutouts/negatives/2725430463639959289.npy,train
2725597995639579135,0,,,272.55979958,63.95791359,data/cutouts/negatives/2725597995639579135.npy,test
2725749809639450462,0,,,272.57498099,63.94504623,data/cutouts/negatives/2725749809639450462.npy,test
2725757979639476540,0,,,272.57579793,63.94765401,data/cutouts/negatives/2725757979639476540.npy,train
2728023432639439948,0,,,272.80234325,63.94399481,data/cutouts/negatives/2728023432639439948.npy,val
2728156764639164611,0,,,272.81567647,63.91646114,data/cutouts/negatives/2728156764639164611.npy,val
2728306632639534020,0,,,272.83066328,63.95340208,data/cutouts/negatives/2728306632639534020.npy,train
2728462445639397746,0,,,272.84624454,63.93977461,data/cutouts/negatives/2728462445639397746.npy,train
2728467784639057809,0,,,272.84677849,63.90578096,data/cutouts/negatives/2728467784639057809.npy,train
2728515305639690040,0,,,272.85153056,63.96900405,data/cutouts/negatives/2728515305639690040.npy,val
2728696751639794610,0,,,272.8696752,63.97946109,data/cutouts/negatives/2728696751639794610.npy,val
2728717626639682900,0,,,272.87176264,63.96829008,data/cutouts/negatives/2728717626639682900.npy,train
2728762083639204080,0,,,272.8762083,63.92040801,data/cutouts/negatives/2728762083639204080.npy,train
2728797430639253450,0,,,272.87974305,63.92534503,data/cutouts/negatives/2728797430639253450.npy,train
2728844000639681351,0,,,272.88440003,63.96813513,data/cutouts/negatives/2728844000639681351.npy,train
2729301267639335102,0,,,272.93012671,63.93351026,data/cutouts/negatives/2729301267639335102.npy,val
2729314177639337416,0,,,272.93141778,63.93374163,data/cutouts/negatives/2729314177639337416.npy,train
2729809561639380732,0,,,272.9809561,63.93807328,data/cutouts/negatives/2729809561639380732.npy,train
2729812757639383035,0,,,272.98127572,63.9383035,data/cutouts/negatives/2729812757639383035.npy,train
2729854442639328938,0,,,272.98544423,63.93289381,data/cutouts/negatives/2729854442639328938.npy,val
2729972699639436600,0,,,272.99726992,63.94366002,data/cutouts/negatives/2729972699639436600.npy,train
2729998021639498214,0,,,272.99980212,63.94982146,data/cutouts/negatives/2729998021639498214.npy,train
2730110923639370442,0,,,273.01109239,63.93704421,data/cutouts/negatives/2730110923639370442.npy,train
2730267632639431765,0,,,273.0267632,63.94317652,data/cutouts/negatives/2730267632639431765.npy,train
2731099781681573451,0,,,273.10997819,68.15734512,data/cutouts/negatives/2731099781681573451.npy,val
2731124962681495449,0,,,273.11249622,68.14954497,data/cutouts/negatives/2731124962681495449.npy,train
2731149674681575215,0,,,273.1149675,68.15752158,data/cutouts/negatives/2731149674681575215.npy,val
2731303253681394591,0,,,273.13032531,68.13945914,data/cutouts/negatives/2731303253681394591.npy,train
2731486990681277493,0,,,273.14869904,68.12774932,data/cutouts/negatives/2731486990681277493.npy,train
2731578481681552441,0,,,273.15784819,68.15524418,data/cutouts/negatives/2731578481681552441.npy,train
2731643716681515538,0,,,273.16437167,68.15155383,data/cutouts/negatives/2731643716681515538.npy,train
2731675717681495033,0,,,273.16757173,68.14950334,data/cutouts/negatives/2731675717681495033.npy,train
2731685791681302943,0,,,273.16857914,68.13029436,data/cutouts/negatives/2731685791681302943.npy,train
2731761955681068030,0,,,273.17619556,68.10680305,data/cutouts/negatives/2731761955681068030.npy,train
2731873197654620826,0,,,273.18731975,65.46208262,data/cutouts/negatives/2731873197654620826.npy,test
2731893579681258637,0,,,273.18935793,68.12586376,data/cutouts/negatives/2731893579681258637.npy,train
2731975689654518202,0,,,273.19756891,65.45182028,data/cutouts/negatives/2731975689654518202.npy,train
2732073371654910872,0,,,273.20733717,65.49108721,data/cutouts/negatives/2732073371654910872.npy,train
2732153977654808427,0,,,273.21539778,65.48084275,data/cutouts/negatives/2732153977654808427.npy,train
2732274037681172464,0,,,273.22740378,68.11724644,data/cutouts/negatives/2732274037681172464.npy,train
2732310970681760073,0,,,273.23109706,68.17600732,data/cutouts/negatives/2732310970681760073.npy,val
2732335971654312260,0,,,273.23359714,65.43122606,data/cutouts/negatives/2732335971654312260.npy,test
2732358115681232333,0,,,273.23581155,68.12323331,data/cutouts/negatives/2732358115681232333.npy,train
2732451824680822612,0,,,273.24518248,68.08226127,data/cutouts/negatives/2732451824680822612.npy,train
2732556936654764806,0,,,273.25569365,65.47648067,data/cutouts/negatives/2732556936654764806.npy,train
2732589285654330966,0,,,273.25892852,65.43309667,data/cutouts/negatives/2732589285654330966.npy,test
2732603508680930072,0,,,273.26035084,68.09300724,data/cutouts/negatives/2732603508680930072.npy,train
2732604812654498135,0,,,273.26048121,65.44981356,data/cutouts/negatives/2732604812654498135.npy,val
2732630759680953139,0,,,273.26307596,68.09531399,data/cutouts/negatives/2732630759680953139.npy,train
2732674017654219369,0,,,273.2674018,65.42193692,data/cutouts/negatives/2732674017654219369.npy,train
2732745317680638418,0,,,273.27453177,68.06384189,data/cutouts/negatives/2732745317680638418.npy,train
2732748311655062498,0,,,273.27483114,65.50624982,data/cutouts/negatives/2732748311655062498.npy,train
2732800562681453328,0,,,273.28005627,68.14533286,data/cutouts/negatives/2732800562681453328.npy,test
2732835377681620141,0,,,273.28353771,68.16201412,data/cutouts/negatives/2732835377681620141.npy,train
2732860210654388556,0,,,273.286021,65.43885569,data/cutouts/negatives/2732860210654388556.npy,train
2733023066681271896,0,,,273.30230661,68.12718967,data/cutouts/negatives/2733023066681271896.npy,train
2733084284654980990,0,,,273.30842847,65.49809906,data/cutouts/negatives/2733084284654980990.npy,train
2733178295654735791,0,,,273.3178295,65.47357913,data/cutouts/negatives/2733178295654735791.npy,train
2733200555654380866,0,,,273.3200555,65.43808669,data/cutouts/negatives/2733200555654380866.npy,train
2733220465654902130,0,,,273.32204656,65.49021309,data/cutouts/negatives/2733220465654902130.npy,train
2733258735680387952,0,,,273.32587358,68.03879529,data/cutouts/negatives/2733258735680387952.npy,train
2733262012680544961,0,,,273.32620121,68.05449618,data/cutouts/negatives/2733262012680544961.npy,train
2733292260681228549,0,,,273.329226,68.12285492,data/cutouts/negatives/2733292260681228549.npy,train
2733309443680778321,0,,,273.33094437,68.0778321,data/cutouts/negatives/2733309443680778321.npy,train
2733328003680930838,0,,,273.3328003,68.09308384,data/cutouts/negatives/2733328003680930838.npy,test
2733367445654476229,0,,,273.33674458,65.44762293,data/cutouts/negatives/2733367445654476229.npy,train
2733405449681263957,0,,,273.34054496,68.12639572,data/cutouts/negatives/2733405449681263957.npy,test
2733420301681396026,0,,,273.34203011,68.13960261,data/cutouts/negatives/2733420301681396026.npy,train
2733425494680450005,0,,,273.34254948,68.0450006,data/cutouts/negatives/2733425494680450005.npy,train
2733470602655014841,0,,,273.34706022,65.50148417,data/cutouts/negatives/2733470602655014841.npy,train
2733533400681054568,0,,,273.35334001,68.10545683,data/cutouts/negatives/2733533400681054568.npy,train
2733553573680960894,0,,,273.35535733,68.09608946,data/cutouts/negatives/2733553573680960894.npy,train
2733561170681155600,0,,,273.35611706,68.11556007,data/cutouts/negatives/2733561170681155600.npy,test
2733599945655118227,0,,,273.35999459,65.51182275,data/cutouts/negatives/2733599945655118227.npy,train
2733623332654837539,0,,,273.36233325,65.483754,data/cutouts/negatives/2733623332654837539.npy,test
2733848098680877180,0,,,273.38480984,68.08771809,data/cutouts/negatives/2733848098680877180.npy,train
2734048293681171791,0,,,273.40482938,68.11717918,data/cutouts/negatives/2734048293681171791.npy,train
2734050372654918128,0,,,273.40503724,65.49181284,data/cutouts/negatives/2734050372654918128.npy,train
2734158708680504281,0,,,273.41587083,68.0504281,data/cutouts/negatives/2734158708680504281.npy,train
2734235116680777483,0,,,273.42351166,68.07774833,data/cutouts/negatives/2734235116680777483.npy,test
2734256473680902492,0,,,273.42564731,68.0902493,data/cutouts/negatives/2734256473680902492.npy,train
2734635471680625409,0,,,273.46354717,68.06254096,data/cutouts/negatives/2734635471680625409.npy,train
2734707656680852733,0,,,273.47076569,68.08527338,data/cutouts/negatives/2734707656680852733.npy,train
2734745844680990152,0,,,273.47458445,68.09901526,data/cutouts/negatives/2734745844680990152.npy,val
2734754603661291992,0,,,273.47546033,66.12919923,data/cutouts/negatives/2734754603661291992.npy,val
2735147799661180093,0,,,273.51477994,66.1180093,data/cutouts/negatives/2735147799661180093.npy,test
2735159945646845733,0,,,273.51599452,64.68457333,data/cutouts/negatives/2735159945646845733.npy,train
2735222288683370660,0,,,273.5222289,68.33706608,data/cutouts/negatives/2735222288683370660.npy,train
2735254592646760187,0,,,273.52545923,64.6760188,data/cutouts/negatives/2735254592646760187.npy,train
2735311240661784444,0,,,273.5311241,66.17844445,data/cutouts/negatives/2735311240661784444.npy,train
2735362289661514449,0,,,273.53622892,66.15144498,data/cutouts/negatives/2735362289661514449.npy,train
2735368790683064295,0,,,273.53687902,68.30642952,data/cutouts/negatives/2735368790683064295.npy,train
2735389694661068376,0,,,273.53896943,66.10683768,data/cutouts/negatives/2735389694661068376.npy,val
2735472978661954429,0,,,273.54729781,66.19544294,data/cutouts/negatives/2735472978661954429.npy,test
2735481840661061304,0,,,273.54818403,66.1061305,data/cutouts/negatives/2735481840661061304.npy,val
2735518564661155752,0,,,273.55185643,66.11557526,data/cutouts/negatives/2735518564661155752.npy,train
2735528822683386910,0,,,273.55288226,68.33869106,data/cutouts/negatives/2735528822683386910.npy,train
2735536610683050521,0,,,273.55366101,68.30505214,data/cutouts/negatives/2735536610683050521.npy,train
2735564005683684337,0,,,273.55640053,68.36843376,data/cutouts/negatives/2735564005683684337.npy,train
2735570400683249541,0,,,273.55704002,68.3249541,data/cutouts/negatives/2735570400683249541.npy,val
2735748905661168513,0,,,273.57489052,66.11685134,data/cutouts/negatives/2735748905661168513.npy,train
2735809011661522872,0,,,273.58090117,66.15228724,data/cutouts/negatives/2735809011661522872.npy,train
2735810121646668420,0,,,273.58101217,64.66684208,data/cutouts/negatives/2735810121646668420.npy,train
2735896331661206117,0,,,273.58963316,66.12061176,data/cutouts/negatives/2735896331661206117.npy,train
2735932455647026309,0,,,273.59324553,64.70263093,data/cutouts/negatives/2735932455647026309.npy,val
2735952873661336687,0,,,273.5952873,66.13366876,data/cutouts/negatives/2735952873661336687.npy,train
2735980788683639832,0,,,273.59807887,68.3639833,data/cutouts/negatives/2735980788683639832.npy,test
2735981000661239029,0,,,273.59810007,66.123903,data/cutouts/negatives/2735981000661239029.npy,val
2735987706647228297,0,,,273.59877064,64.72282977,data/cutouts/negatives/2735987706647228297.npy,test
2736009689647199849,0,,,273.60096896,64.71998492,data/cutouts/negatives/2736009689647199849.npy,val
2736011618683528126,0,,,273.6011618,68.35281262,data/cutouts/negatives/2736011618683528126.npy,val
2736079168661874070,0,,,273.60791689,66.18740709,data/cutouts/negatives/2736079168661874070.npy,train
2736122369683598067,0,,,273.61223693,68.35980671,data/cutouts/negatives/2736122369683598067.npy,train
2736128637646776775,0,,,273.61286377,64.6776776,data/cutouts/negatives/2736128637646776775.npy,train
2736235996647338973,0,,,273.62359966,64.73389735,data/cutouts/negatives/2736235996647338973.npy,train
2736244028661584596,0,,,273.62440283,66.15845965,data/cutouts/negatives/2736244028661584596.npy,train
2736273026646956125,0,,,273.62730267,64.69561253,data/cutouts/negatives/2736273026646956125.npy,train
2736290252647048941,0,,,273.62902522,64.70489416,data/cutouts/negatives/2736290252647048941.npy,val
2736313017683274881,0,,,273.63130177,68.3274881,data/cutouts/negatives/2736313017683274881.npy,train
2736323233661167175,0,,,273.63232339,66.1167175,data/cutouts/negatives/2736323233661167175.npy,train
2736360567683350274,0,,,273.63605676,68.33502745,data/cutouts/negatives/2736360567683350274.npy,train
2736377692661191591,0,,,273.63776926,66.11915911,data/cutouts/negatives/2736377692661191591.npy,train
2736479818646866948,0,,,273.64798186,64.68669488,data/cutouts/negatives/2736479818646866948.npy,test
2736528561647119953,0,,,273.65285617,64.71199536,data/cutouts/negatives/2736528561647119953.npy,train
2736591999682979299,0,,,273.65919995,68.2979299,data/cutouts/negatives/2736591999682979299.npy,train
2736610674661333891,0,,,273.66106749,66.13338912,data/cutouts/negatives/2736610674661333891.npy,val
2736615836683750993,0,,,273.66158362,68.37509933,data/cutouts/negatives/2736615836683750993.npy,train
2736618022646842575,0,,,273.66180221,64.68425758,data/cutouts/negatives/2736618022646842575.npy,train
2736624648661739358,0,,,273.66246489,66.17393584,data/cutouts/negatives/2736624648661739358.npy,train
2736626730683425110,0,,,273.66267303,68.34251106,data/cutouts/negatives/2736626730683425110.npy,train
2736687486683495453,0,,,273.66874866,68.34954535,data/cutouts/negatives/2736687486683495453.npy,train
2736722865683801313,0,,,273.6722865,68.38013134,data/cutouts/negatives/2736722865683801313.npy,train
2736774684661615418,0,,,273.67746847,66.16154184,data/cutouts/negatives/2736774684661615418.npy,val
2736985646683563792,0,,,273.69856461,68.35637926,data/cutouts/negatives/2736985646683563792.npy,val
2737037610683382854,0,,,273.70376105,68.33828548,data/cutouts/negatives/2737037610683382854.npy,train
2737041453646906084,0,,,273.70414532,64.69060845,data/cutouts/negatives/2737041453646906084.npy,val
2737078773646536081,0,,,273.70787736,64.65360815,data/cutouts/negatives/2737078773646536081.npy,test
2737111064646707375,0,,,273.71110649,64.67073759,data/cutouts/negatives/2737111064646707375.npy,test
2737119745647172475,0,,,273.71197456,64.71724759,data/cutouts/negatives/2737119745647172475.npy,train
2737120120647186832,0,,,273.7120121,64.71868325,data/cutouts/negatives/2737120120647186832.npy,train
2737177674646736011,0,,,273.7177674,64.67360115,data/cutouts/negatives/2737177674646736011.npy,val
2737189712683299936,0,,,273.71897125,68.32999362,data/cutouts/negatives/2737189712683299936.npy,train
2737423707646890508,0,,,273.74237074,64.68905083,data/cutouts/negatives/2737423707646890508.npy,val
2737691520683427703,0,,,273.7691521,68.34277034,data/cutouts/negatives/2737691520683427703.npy,train
2738057710670679334,0,,,273.80577103,67.06793344,data/cutouts/negatives/2738057710670679334.npy,val
2738080734670994888,0,,,273.80807343,67.09948881,data/cutouts/negatives/2738080734670994888.npy,train
2738314419671077549,0,,,273.83144198,67.10775498,data/cutouts/negatives/2738314419671077549.npy,val
2738325166670899918,0,,,273.83251665,67.08999186,data/cutouts/negatives/2738325166670899918.npy,test
2738439648670796172,0,,,273.84396484,67.07961726,data/cutouts/negatives/2738439648670796172.npy,train
2738461433670935718,0,,,273.84614336,67.09357183,data/cutouts/negatives/2738461433670935718.npy,train
2738682550670712886,0,,,273.86825503,67.07128864,data/cutouts/negatives/2738682550670712886.npy,train
2738695275671084954,0,,,273.86952753,67.10849542,data/cutouts/negatives/2738695275671084954.npy,train
2738730856670611597,0,,,273.8730856,67.06115978,data/cutouts/negatives/2738730856670611597.npy,train
2738899673670685935,0,,,273.88996733,67.06859354,data/cutouts/negatives/2738899673670685935.npy,test
2738944906670710876,0,,,273.8944907,67.07108762,data/cutouts/negatives/2738944906670710876.npy,train
2739024950670499722,0,,,273.90249508,67.04997229,data/cutouts/negatives/2739024950670499722.npy,val
2739053907671277376,0,,,273.90539072,67.12773767,data/cutouts/negatives/2739053907671277376.npy,test
2739355215670655978,0,,,273.93552152,67.06559786,data/cutouts/negatives/2739355215670655978.npy,train
2739421158670519916,0,,,273.94211584,67.05199169,data/cutouts/negatives/2739421158670519916.npy,train
2739480090670633565,0,,,273.9480091,67.06335656,data/cutouts/negatives/2739480090670633565.npy,val
2739624997670797902,0,,,273.96249972,67.07979021,data/cutouts/negatives/2739624997670797902.npy,test
2739876772670643538,0,,,273.9876773,67.06435385,data/cutouts/negatives/2739876772670643538.npy,val
2739915747671121593,0,,,273.99157477,67.11215931,data/cutouts/negatives/2739915747671121593.npy,train
2739918633671087345,0,,,273.99186338,67.10873458,data/cutouts/negatives/2739918633671087345.npy,train
2741345437685812936,0,,,274.13454378,68.58129368,data/cutouts/negatives/2741345437685812936.npy,train
2741364982685618301,0,,,274.13649822,68.5618301,data/cutouts/negatives/2741364982685618301.npy,train
2741367437685978551,0,,,274.13674372,68.59785515,data/cutouts/negatives/2741367437685978551.npy,test
2741419553686184294,0,,,274.14195531,68.6184294,data/cutouts/negatives/2741419553686184294.npy,test
2741455045685927864,0,,,274.14550458,68.59278647,data/cutouts/negatives/2741455045685927864.npy,train
2741478843685493905,0,,,274.14788439,68.54939055,data/cutouts/negatives/2741478843685493905.npy,test
2741502062685598508,0,,,274.15020622,68.55985084,data/cutouts/negatives/2741502062685598508.npy,val
2741547214685498334,0,,,274.1547214,68.54983348,data/cutouts/negatives/2741547214685498334.npy,train
2741876144685485855,0,,,274.18761447,68.54858554,data/cutouts/negatives/2741876144685485855.npy,train
2742055153685974925,0,,,274.20551534,68.59749258,data/cutouts/negatives/2742055153685974925.npy,val
2742180952686120238,0,,,274.21809526,68.61202387,data/cutouts/negatives/2742180952686120238.npy,train
2742237021685695777,0,,,274.22370212,68.56957773,data/cutouts/negatives/2742237021685695777.npy,train
2742288126685835065,0,,,274.2288126,68.58350658,data/cutouts/negatives/2742288126685835065.npy,test
2742319981685883229,0,,,274.23199814,68.58832292,data/cutouts/negatives/2742319981685883229.npy,train
2742320920685593375,0,,,274.23209206,68.55933759,data/cutouts/negatives/2742320920685593375.npy,train
2742478816686131637,0,,,274.24788163,68.61316378,data/cutouts/negatives/2742478816686131637.npy,train
2742479269685842710,0,,,274.24792691,68.58427108,data/cutouts/negatives/2742479269685842710.npy,train
2742553667685536727,0,,,274.25536677,68.55367273,data/cutouts/negatives/2742553667685536727.npy,train
2742737255685920195,0,,,274.27372553,68.59201955,data/cutouts/negatives/2742737255685920195.npy,train
2742997620685821344,0,,,274.29976203,68.58213446,data/cutouts/negatives/2742997620685821344.npy,train
2745350379653863629,0,,,274.53503799,65.38636296,data/cutouts/negatives/2745350379653863629.npy,test
2745616814654186152,0,,,274.56168146,65.41861523,data/cutouts/negatives/2745616814654186152.npy,train
2745688100654093745,0,,,274.56881004,65.40937458,data/cutouts/negatives/2745688100654093745.npy,train
2745850502653856738,0,,,274.58505024,65.38567382,data/cutouts/negatives/2745850502653856738.npy,train
2745891253653614540,0,,,274.58912532,65.36145408,data/cutouts/negatives/2745891253653614540.npy,train
2745982965653949748,0,,,274.59829654,65.39497482,data/cutouts/negatives/2745982965653949748.npy,train
2746052934653545088,0,,,274.60529342,65.35450884,data/cutouts/negatives/2746052934653545088.npy,test
2746116642653974860,0,,,274.6116643,65.397486,data/cutouts/negatives/2746116642653974860.npy,train
2746122778654103315,0,,,274.61227788,65.41033156,data/cutouts/negatives/2746122778654103315.npy,train
2746310365653729043,0,,,274.63103656,65.37290438,data/cutouts/negatives/2746310365653729043.npy,train
2746361653653544688,0,,,274.63616537,65.35446886,data/cutouts/negatives/2746361653653544688.npy,train
2746486318654003387,0,,,274.64863188,65.4003388,data/cutouts/negatives/2746486318654003387.npy,train
2746632712664179772,0,,,274.66327128,66.41797722,data/cutouts/negatives/2746632712664179772.npy,val
2746856221654300569,0,,,274.68562215,65.43005693,data/cutouts/negatives/2746856221654300569.npy,val
2746886939654189048,0,,,274.68869399,65.4189048,data/cutouts/negatives/2746886939654189048.npy,train
2746897731653771259,0,,,274.68977311,65.37712591,data/cutouts/negatives/2746897731653771259.npy,train
2746901941664483599,0,,,274.69019411,66.44835994,data/cutouts/negatives/2746901941664483599.npy,train
2746904537664276574,0,,,274.69045372,66.42765741,data/cutouts/negatives/2746904537664276574.npy,test
2746911022654046637,0,,,274.69110221,65.40466377,data/cutouts/negatives/2746911022654046637.npy,train
2747012262653686195,0,,,274.70122628,65.36861955,data/cutouts/negatives/2747012262653686195.npy,train
2747036263653654463,0,,,274.70362634,65.36544632,data/cutouts/negatives/2747036263653654463.npy,test
2747045141664571451,0,,,274.70451412,66.4571452,data/cutouts/negatives/2747045141664571451.npy,train
2747074386664584906,0,,,274.70743868,66.45849065,data/cutouts/negatives/2747074386664584906.npy,train
2747128962654062632,0,,,274.71289623,65.4062633,data/cutouts/negatives/2747128962654062632.npy,train
2747132235665172529,0,,,274.7132236,66.51725298,data/cutouts/negatives/2747132235665172529.npy,train
2747228221665036943,0,,,274.7228221,66.50369435,data/cutouts/negatives/2747228221665036943.npy,train
2747274751664555459,0,,,274.72747517,66.45554593,data/cutouts/negatives/2747274751664555459.npy,test
2747290534665302435,0,,,274.7290535,66.53024358,data/cutouts/negatives/2747290534665302435.npy,test
2747313289665010957,0,,,274.73132898,66.50109576,data/cutouts/negatives/2747313289665010957.npy,train
2747332750664532159,0,,,274.73327503,66.45321597,data/cutouts/negatives/2747332750664532159.npy,train
2747489685664762252,0,,,274.74896856,66.47622523,data/cutouts/negatives/2747489685664762252.npy,train
2747489979653905355,0,,,274.74899799,65.39053551,data/cutouts/negatives/2747489979653905355.npy,train
2747629803665135198,0,,,274.76298032,66.51351988,data/cutouts/negatives/2747629803665135198.npy,train
2747701642664420252,0,,,274.77016423,66.44202524,data/cutouts/negatives/2747701642664420252.npy,test
2747779730665370782,0,,,274.77797304,66.53707822,data/cutouts/negatives/2747779730665370782.npy,train
2747797049671846520,0,,,274.77970493,67.184652,data/cutouts/negatives/2747797049671846520.npy,train
2747901321664700610,0,,,274.79013214,66.4700611,data/cutouts/negatives/2747901321664700610.npy,train
2747913740665480190,0,,,274.79137406,66.54801906,data/cutouts/negatives/2747913740665480190.npy,train
2747971777664382891,0,,,274.79717772,66.43828919,data/cutouts/negatives/2747971777664382891.npy,train
2748029518664700306,0,,,274.80295189,66.47003063,data/cutouts/negatives/2748029518664700306.npy,train
2748049070664709470,0,,,274.80490703,66.47094702,data/cutouts/negatives/2748049070664709470.npy,train
2748049192665313206,0,,,274.8049193,66.53132069,data/cutouts/negatives/2748049192665313206.npy,test
2748128145664752822,0,,,274.81281452,66.47528228,data/cutouts/negatives/2748128145664752822.npy,test
2748162682671717716,0,,,274.81626827,67.17177163,data/cutouts/negatives/2748162682671717716.npy,train
2748185579664432033,0,,,274.81855799,66.44320338,data/cutouts/negatives/2748185579664432033.npy,val
2748203111665368376,0,,,274.82031111,66.53683769,data/cutouts/negatives/2748203111665368376.npy,train
2748226138671693631,0,,,274.82261383,67.16936311,data/cutouts/negatives/2748226138671693631.npy,train
2748230731671870766,0,,,274.82307313,67.1870766,data/cutouts/negatives/2748230731671870766.npy,train
2748284660672014656,0,,,274.82846601,67.20146561,data/cutouts/negatives/2748284660672014656.npy,train
2748309352664789395,0,,,274.83093522,66.47893955,data/cutouts/negatives/2748309352664789395.npy,test
2748341341664270648,0,,,274.83413414,66.42706489,data/cutouts/negatives/2748341341664270648.npy,train
2748449814665172986,0,,,274.84498144,66.51729867,data/cutouts/negatives/2748449814665172986.npy,train
2748484503664306824,0,,,274.84845038,66.43068241,data/cutouts/negatives/2748484503664306824.npy,train
2748508209664556379,0,,,274.85082095,66.45563799,data/cutouts/negatives/2748508209664556379.npy,val
2748559649664499323,0,,,274.85596493,66.44993237,data/cutouts/negatives/2748559649664499323.npy,val
2748564953672082026,0,,,274.85649532,67.20820261,data/cutouts/negatives/2748564953672082026.npy,val
2748672101665105612,0,,,274.86721016,66.51056123,data/cutouts/negatives/2748672101665105612.npy,train
2748705706671920962,0,,,274.87057068,67.19209628,data/cutouts/negatives/2748705706671920962.npy,train
2748719211664522040,0,,,274.87192113,66.452204,data/cutouts/negatives/2748719211664522040.npy,test
2748739318671802626,0,,,274.87393186,67.1802627,data/cutouts/negatives/2748739318671802626.npy,test
2748815494664521286,0,,,274.88154944,66.45212867,data/cutouts/negatives/2748815494664521286.npy,train
2748843422664304947,0,,,274.88434225,66.43049472,data/cutouts/negatives/2748843422664304947.npy,train
2748933400671869694,0,,,274.89334,67.18696945,data/cutouts/negatives/2748933400671869694.npy,train
2748948589664860775,0,,,274.8948589,66.4860776,data/cutouts/negatives/2748948589664860775.npy,train
2748985126671684728,0,,,274.89851261,67.16847281,data/cutouts/negatives/2748985126671684728.npy,train
2749022941671823709,0,,,274.90229415,67.18237098,data/cutouts/negatives/2749022941671823709.npy,train
2749027327665084610,0,,,274.90273279,66.50846102,data/cutouts/negatives/2749027327665084610.npy,val
2749092985665115319,0,,,274.90929856,66.51153198,data/cutouts/negatives/2749092985665115319.npy,train
2749099990672289262,0,,,274.90999903,67.22892622,data/cutouts/negatives/2749099990672289262.npy,train
2749118177665067910,0,,,274.91181776,66.50679108,data/cutouts/negatives/2749118177665067910.npy,train
2749287002671865602,0,,,274.92870024,67.18656021,data/cutouts/negatives/2749287002671865602.npy,train
2749363755671943838,0,,,274.93637559,67.19438387,data/cutouts/negatives/2749363755671943838.npy,train
2749396785672076080,0,,,274.93967854,67.20760807,data/cutouts/negatives/2749396785672076080.npy,train
2749419005671818109,0,,,274.9419005,67.18181094,data/cutouts/negatives/2749419005671818109.npy,train
2749441719671876813,0,,,274.94417196,67.18768134,data/cutouts/negatives/2749441719671876813.npy,test
2749461036671908640,0,,,274.94610364,67.19086408,data/cutouts/negatives/2749461036671908640.npy,train
2749461845671785902,0,,,274.94618459,67.17859023,data/cutouts/negatives/2749461845671785902.npy,train
2749664299671820713,0,,,274.96642998,67.1820714,data/cutouts/negatives/2749664299671820713.npy,train
